<?xml version="1.0" encoding="UTF-8" standalone="no"?>
<Entities>
    <ExtensionPackages>
        <ExtensionPackage dependsOn="" description="Pie Chart2 Widget" minimumThingWorxVersion="9.0.0" name="Pie_Chart2" packageVersion="1.0.0" vendor="PTCJ">
        </ExtensionPackage>
    </ExtensionPackages>
    <Widgets>
        <Widget name="Pie_Chart2">
            <UIResources>
                <FileResource description="" file="piechart2.ide.js" isDevelopment="true" isRuntime="false" type="JS"/>
                <FileResource description="" file="piechart2.ide.css" isDevelopment="true" isRuntime="false" type="CSS"/>
                <FileResource description="" file="piechart2.runtime.js" isDevelopment="false" isRuntime="true" type="JS"/>
                <FileResource description="" file="piechart2.runtime.css" isDevelopment="false" isRuntime="true" type="CSS"/>
            </UIResources>
        </Widget>
    </Widgets>
</Entities>
