{
  "name": "NesPresso (1)",
  "projectType": "AR",
  "viewType": "ar",
  "fileName": "NesPresso__1_",
  "thingworxServer": "http://192.168.1.45:2019",
  "viewTemplateFileName": "home-ar.json",
  "state": {
    "orientation": "landscape"
  },
  "targets": {
    "phone": {
      "components": [
        {
          "name": "ホーム",
          "fileName": "ホーム",
          "showInMainMenu": true,
          "viewType": "ar",
          "title": "ホーム"
        },
        {
          "name": "View",
          "fileName": "View",
          "showInMainMenu": true,
          "viewType": "ar",
          "title": "View"
        }
      ],
      "images": []
    },
    "shared": {
      "components": [
        {
          "name": "Data",
          "fileName": "Data"
        }
      ],
      "images": [],
      "fragments": [],
      "styles": [
        {
          "name": "App",
          "fileName": "App",
          "fileExt": "scss"
        }
      ]
    }
  },
  "device": {
    "name": "iphone",
    "width": "667",
    "height": "375"
  },
  "mainNavigationMenuStyle": "leftSideMenu",
  "resourceDirectory": "src/phone/resources",
  "resourceRuntimeDir": "app/resources",
  "fontRuntimeDir": "../fonts",
  "fontDesigntimeDir": "../dist/fonts",
  "theme": "twx-light",
  "version": "1.80.2338",
  "allowSelfSignedCerts": true
}
