<?xml version="1.0" encoding="UTF-8" standalone="no"?><Entities build="b112" majorVersion="9" minorVersion="2" modelPersistenceProviderPackage="PostgresPersistenceProviderPackage" revision="1" schemaVersion="1120" universal=""><DataShapes><DataShape baseDataShape="" description="" documentationContent="" homeMashup="" lastModifiedDate="2023-10-20T06:56:01.940Z" name="RIC.Password.DS" projectName="RIC" tags=""><Owner name="Administrator" type="User"/><avatar/><DesignTimePermissions><Create/><Read/><Update/><Delete/><Metadata/></DesignTimePermissions><RunTimePermissions/><VisibilityPermissions><Visibility/></VisibilityPermissions><ConfigurationTableDefinitions/><ConfigurationTables/><FieldDefinitions><FieldDefinition aspect.isPrimaryKey="false" baseType="PASSWORD" description="" name="password" ordinal="2"/><FieldDefinition aspect.isPrimaryKey="false" baseType="STRING" description="" name="password_orignal" ordinal="3"/><FieldDefinition aspect.isPrimaryKey="true" baseType="STRING" description="" name="user" ordinal="1"/></FieldDefinitions><ConfigurationChanges><ConfigurationChange changeAction="CREATE" changeReason="header : name : updated, projectName : updated&#10;" timestamp="2023-10-20T06:31:12.590Z" user="wcadmin"/><ConfigurationChange changeAction="MODIFY" changeReason="fields : password : added, password : updated, user : added, user : updated&#10;" timestamp="2023-10-20T06:32:48.962Z" user="wcadmin"/><ConfigurationChange changeAction="CREATE" changeReason="" timestamp="2023-10-20T06:43:10.002Z" user="Administrator"/><ConfigurationChange changeAction="MODIFY" changeReason="fields : password_orignal : added&#10;" timestamp="2023-10-20T06:56:01.940Z" user="Administrator"/></ConfigurationChanges></DataShape></DataShapes></Entities>