<?xml version="1.0" encoding="UTF-8" standalone="no"?><Entities build="b112" majorVersion="9" minorVersion="2" modelPersistenceProviderPackage="PostgresPersistenceProviderPackage" revision="1" schemaVersion="1120" universal=""><Mashups><Mashup aspect.isFlex="true" aspect.isResponsive="true" aspect.mashupType="mashup" columns="0.0" description="" documentationContent="" homeMashup="" lastModifiedDate="2023-10-20T07:26:05.411Z" name="RIC.Password.Mash" projectName="RIC" rows="0.0" tags=""><Owner name="Administrator" type="User"/><avatar/><DesignTimePermissions><Create/><Read/><Update/><Delete/><Metadata/></DesignTimePermissions><RunTimePermissions/><VisibilityPermissions><Visibility/></VisibilityPermissions><ConfigurationTableDefinitions/><ConfigurationTables><ConfigurationTable dataShapeName="" description="Mashup Mobile Settings" isHidden="true" isMultiRow="false" name="MobileSettings" ordinal="0"><DataShape><FieldDefinitions><FieldDefinition aspect.defaultValue="false" aspect.friendlyName="Disable Zoom" baseType="BOOLEAN" description="Disables zooming in and out within the mashup" name="disableZoom" ordinal="0"/><FieldDefinition aspect.defaultValue="true" aspect.friendlyName="Full Screen Mode" baseType="BOOLEAN" description="Open the mashup in full screen mode" name="fullScreenMode" ordinal="0"/><FieldDefinition aspect.friendlyName="Height" baseType="STRING" description="The height of the mashup page" name="height" ordinal="0"/><FieldDefinition aspect.defaultValue="device-height" aspect.friendlyName="Height Type" baseType="STRING" description="Use the height of the device display, or a custom height (in px)" name="heightType" ordinal="0"/><FieldDefinition aspect.defaultValue="1.0" aspect.friendlyName="Initial Scale" baseType="NUMBER" description="The initial zoom scale when the mashup is loaded for the first time" name="initialScale" ordinal="0"/><FieldDefinition aspect.friendlyName="Shortcut Icon Title" baseType="STRING" description="A title for the mashup shortcut on the iOS home screen" name="iosShortcutIconTitle" ordinal="0"/><FieldDefinition aspect.defaultValue="black-translucent" aspect.friendlyName="Status Bar Appearance" baseType="STRING" description="The style of the iOS status bar" name="iosStatusBarAppearance" ordinal="0"/><FieldDefinition aspect.defaultValue="10.0" aspect.friendlyName="Maximum Scale" baseType="NUMBER" description="The maximum scale that users can zoom out to" name="maximumScale" ordinal="0"/><FieldDefinition aspect.defaultValue="0.1" aspect.friendlyName="Minimum Scale" baseType="NUMBER" description="The minimum scale that users can zoom out to" name="minimumScale" ordinal="0"/><FieldDefinition aspect.friendlyName="Width" baseType="STRING" description="The width of the mashup page" name="width" ordinal="0"/><FieldDefinition aspect.defaultValue="device-width" aspect.friendlyName="Width Type" baseType="STRING" description="Use the width of the device display, or a custom width (in px)" name="widthType" ordinal="0"/></FieldDefinitions></DataShape><Rows><Row><disableZoom>false</disableZoom><fullScreenMode>true</fullScreenMode><height><![CDATA[device-height]]></height><heightType><![CDATA[device-height]]></heightType><initialScale>1.0</initialScale><iosShortcutIconTitle/><iosStatusBarAppearance><![CDATA[black-translucent]]></iosStatusBarAppearance><maximumScale>10.0</maximumScale><minimumScale>0.1</minimumScale><width><![CDATA[device-width]]></width><widthType><![CDATA[device-width]]></widthType></Row></Rows></ConfigurationTable></ConfigurationTables><ParameterDefinitions/><Things/><ThingShapes/><ThingTemplates/><mashupContent><![CDATA[{
  "CustomMashupCss" : "",
  "Data" : {
    "Session" : {
      "DataName" : "Session",
      "EntityName" : "",
      "EntityType" : "Session",
      "Id" : "session",
      "Services" : [ {
        "APIMethod" : "post",
        "Characteristic" : "Services",
        "Id" : "SessionInterface",
        "Name" : "GetGlobalSessionValues",
        "Parameters" : { },
        "RefreshInterval" : 0,
        "Target" : "GetGlobalSessionValues"
      } ]
    },
    "Things_RIC.Password.DT" : {
      "DataName" : "Things_RIC.Password.DT",
      "EntityName" : "RIC.Password.DT",
      "EntityType" : "Things",
      "Id" : "bfec64fd-1d21-4e85-b866-0885c550496b",
      "RefreshInterval" : 0,
      "Services" : [ {
        "APIMethod" : "post",
        "Characteristic" : "Services",
        "Id" : "3965b5df-fe0a-4129-a647-7b63a822111d",
        "Name" : "AddUpdatePassword",
        "Parameters" : { },
        "RefreshInterval" : 0,
        "Target" : "AddUpdatePassword"
      }, {
        "APIMethod" : "post",
        "Characteristic" : "Services",
        "Id" : "6a988126-63b4-4e73-9b1b-b1a26c9fe151",
        "Name" : "GetPassword",
        "Parameters" : { },
        "RefreshInterval" : 0,
        "Target" : "GetPassword"
      }, {
        "APIMethod" : "post",
        "Characteristic" : "Services",
        "Id" : "2a5733ab-2689-4761-8585-664c65274c21",
        "Name" : "GetDataTableEntries",
        "Parameters" : { },
        "RefreshInterval" : 0,
        "Target" : "GetDataTableEntries"
      } ]
    },
    "UserExtensions" : {
      "DataName" : "UserExtensions",
      "EntityName" : "",
      "EntityType" : "UserExtensions",
      "Id" : "UserExtensions",
      "Services" : [ {
        "APIMethod" : "post",
        "Characteristic" : "Services",
        "Id" : "UserExtensionInterface",
        "Name" : "GetCurrentUserExtensionProperties",
        "Parameters" : { },
        "RefreshInterval" : 0,
        "Target" : "GetCurrentUserExtensionProperties"
      } ]
    }
  },
  "DataBindings" : [ {
    "Id" : "75972e18-8aa4-48f2-9baa-8c13c284fdd6",
    "PropertyMaps" : [ {
      "SourceProperty" : "name",
      "SourcePropertyBaseType" : "STRING",
      "SourcePropertyType" : "Field",
      "TargetProperty" : "Text",
      "TargetPropertyBaseType" : "STRING",
      "TargetPropertyType" : "property"
    } ],
    "SourceArea" : "UserExtensions",
    "SourceDetails" : "AllData",
    "SourceId" : "UserExtensions",
    "SourceSection" : "UserExtensions",
    "TargetArea" : "UI",
    "TargetId" : "ptcstextfield-3",
    "TargetSection" : ""
  }, {
    "Id" : "a4291087-f247-4583-be87-bb0596380822",
    "PropertyMaps" : [ {
      "SourceProperty" : "Text",
      "SourcePropertyBaseType" : "STRING",
      "SourcePropertyType" : "Property",
      "TargetProperty" : "user",
      "TargetPropertyBaseType" : "STRING",
      "TargetPropertyType" : "Parameter"
    } ],
    "SourceArea" : "UI",
    "SourceDetails" : "",
    "SourceId" : "ptcstextfield-3",
    "SourceSection" : "",
    "TargetArea" : "Data",
    "TargetId" : "AddUpdatePassword",
    "TargetSection" : "Things_RIC.Password.DT"
  }, {
    "Id" : "b85d448a-92d7-4f69-91e3-bc36505cf46f",
    "PropertyMaps" : [ {
      "SourceProperty" : "Text",
      "SourcePropertyBaseType" : "STRING",
      "SourcePropertyType" : "Property",
      "TargetProperty" : "password",
      "TargetPropertyBaseType" : "STRING",
      "TargetPropertyType" : "Parameter"
    } ],
    "SourceArea" : "UI",
    "SourceDetails" : "",
    "SourceId" : "ptcstextfield-4",
    "SourceSection" : "",
    "TargetArea" : "Data",
    "TargetId" : "AddUpdatePassword",
    "TargetSection" : "Things_RIC.Password.DT"
  }, {
    "Id" : "de358f89-4d6b-4ea8-8fbb-56869a292e47",
    "PropertyMaps" : [ {
      "SourceProperty" : "Text",
      "SourcePropertyBaseType" : "STRING",
      "SourcePropertyType" : "Property",
      "TargetProperty" : "user",
      "TargetPropertyBaseType" : "STRING",
      "TargetPropertyType" : "Parameter"
    } ],
    "SourceArea" : "UI",
    "SourceDetails" : "",
    "SourceId" : "ptcstextfield-3",
    "SourceSection" : "",
    "TargetArea" : "Data",
    "TargetId" : "GetPassword",
    "TargetSection" : "Things_RIC.Password.DT"
  }, {
    "Id" : "c35ba6d4-1ae1-4784-b4c3-e39ac4ba6ac4",
    "PropertyMaps" : [ {
      "SourceProperty" : "password_orignal",
      "SourcePropertyBaseType" : "STRING",
      "SourcePropertyType" : "Field",
      "TargetProperty" : "Text",
      "TargetPropertyBaseType" : "STRING",
      "TargetPropertyType" : "property"
    } ],
    "SourceArea" : "Data",
    "SourceDetails" : "AllData",
    "SourceId" : "GetPassword",
    "SourceSection" : "Things_RIC.Password.DT",
    "TargetArea" : "UI",
    "TargetId" : "ptcstextfield-4",
    "TargetSection" : ""
  }, {
    "Id" : "326d15b3-a3ec-4dc8-8dc4-348435863511",
    "PropertyMaps" : [ {
      "SourceProperty" : "",
      "SourcePropertyBaseType" : "INFOTABLE",
      "SourcePropertyType" : "InfoTable",
      "TargetProperty" : "Data",
      "TargetPropertyBaseType" : "INFOTABLE",
      "TargetPropertyType" : "property"
    } ],
    "SourceArea" : "Data",
    "SourceDetails" : "AllData",
    "SourceId" : "GetDataTableEntries",
    "SourceName" : "GetDataTableEntries",
    "SourceSection" : "Things_RIC.Password.DT",
    "TargetArea" : "UI",
    "TargetId" : "gridadvanced-8",
    "TargetSection" : ""
  } ],
  "DesignTimePermissions" : { },
  "Events" : [ {
    "EventHandlerArea" : "Data",
    "EventHandlerId" : "Things_RIC.Password.DT",
    "EventHandlerService" : "AddUpdatePassword",
    "EventTriggerArea" : "UI",
    "EventTriggerEvent" : "Clicked",
    "EventTriggerId" : "ptcsbutton-5",
    "EventTriggerSection" : "",
    "Id" : "1e71681c-07b9-4c5e-b788-750d358dcb8e"
  }, {
    "EventHandlerArea" : "Data",
    "EventHandlerId" : "Things_RIC.Password.DT",
    "EventHandlerService" : "GetPassword",
    "EventTriggerArea" : "Mashup",
    "EventTriggerEvent" : "Loaded",
    "EventTriggerId" : "mashup-root",
    "EventTriggerSection" : "",
    "Id" : "e02b24e5-ae8d-4edf-953c-857709bd6f15"
  }, {
    "EventHandlerArea" : "Data",
    "EventHandlerId" : "Things_RIC.Password.DT",
    "EventHandlerService" : "GetDataTableEntries",
    "EventTriggerArea" : "Mashup",
    "EventTriggerEvent" : "Loaded",
    "EventTriggerId" : "mashup-root",
    "EventTriggerSection" : "",
    "Id" : "2a7d0458-7eb4-4ffd-94a1-f5e3a6caffdd"
  }, {
    "EventHandlerArea" : "Data",
    "EventHandlerId" : "Things_RIC.Password.DT",
    "EventHandlerService" : "GetDataTableEntries",
    "EventTriggerArea" : "Data",
    "EventTriggerEvent" : "ServiceInvokeCompleted",
    "EventTriggerId" : "AddUpdatePassword",
    "EventTriggerSection" : "Things_RIC.Password.DT",
    "Id" : "c77a3160-7acc-45b9-94e9-09e8c7ae2db9"
  } ],
  "RunTimePermissions" : { },
  "UI" : {
    "Properties" : {
      "AddToDashboardButton" : "SimplePlus",
      "AddToDashboardButtonStyle" : "DefaultAddToDashboardButtonStyle",
      "Area" : "Mashup",
      "BGImage" : "",
      "BGImageRepeat" : "no-repeat",
      "BGImageSize" : "auto",
      "Columns" : 0,
      "ConfigureGadgetButton" : "SimpleGear",
      "ConfigureGadgetButtonStyle" : "DefaultConfigureGadgetButtonStyle",
      "DisplayName" : "Mashup",
      "EnableParameterEditing" : false,
      "Height" : 618,
      "Id" : "mashup-root",
      "IgnoreWarningsInViewMashup" : false,
      "IsPrintLayout" : false,
      "Left" : 0,
      "MashupToEditGadget" : "DefaultMashupToEditGadget",
      "MinHeight" : 0,
      "MinWidth" : 0,
      "ResponsiveLayout" : true,
      "Rows" : 0,
      "ShowDataLoading" : true,
      "Style" : "DefaultMashupStyle",
      "StyleProperties" : {
        "data" : { },
        "meta" : {
          "type" : "WidgetStyler",
          "version" : "1.0"
        }
      },
      "StyleTheme" : "PTC Convergence Theme",
      "Title" : "",
      "TitleBar" : false,
      "TitleBarStyle" : "DefaultTitleBarStyle",
      "TitleBarText" : "Gadget Title Here",
      "Top" : 0,
      "Type" : "mashup",
      "UseMasterTheme" : false,
      "UseTheme" : false,
      "UseThemeForHybrids" : false,
      "Visible" : true,
      "Width" : 1024,
      "Z-index" : 10,
      "__TypeDisplayName" : "Mashup",
      "id_index" : 8,
      "supportsAutoResize" : true
    },
    "Widgets" : [ {
      "Properties" : {
        "Area" : "UI",
        "DisplayName" : "container-2",
        "EnableExpandCollapse" : false,
        "ExpandCollapseTabLocation" : "inside",
        "Expanded" : true,
        "Id" : "flexcontainer-2",
        "LastContainer" : true,
        "Overlay" : false,
        "ResponsiveLayout" : true,
        "ShowDataLoading" : true,
        "ShowExpandCollapseTab" : false,
        "SourceURL" : "",
        "Style" : "DefaultContainerStyle",
        "StyleProperties" : { },
        "Type" : "flexcontainer",
        "UseTheme" : true,
        "Visible" : true,
        "Z-index" : 10,
        "__TypeDisplayName" : "Responsive Container",
        "align-content" : "flex-start",
        "align-items" : "flex-start",
        "flex-basis" : "auto",
        "flex-direction" : "row",
        "flex-grow" : 1,
        "flex-max-height" : "",
        "flex-max-width" : "",
        "flex-min-height" : "",
        "flex-min-width" : "",
        "flex-shrink" : 1,
        "flex-size" : "default",
        "flex-wrap" : "nowrap",
        "iconClass" : "widgets-flexcontainer",
        "justify-content" : "flex-start",
        "positioning" : "responsive",
        "userCannotRemove" : true
      },
      "Widgets" : [ {
        "Properties" : {
          "Area" : "UI",
          "DisplayName" : "container-6",
          "EnableExpandCollapse" : false,
          "ExpandCollapseTabLocation" : "inside",
          "Expanded" : true,
          "Id" : "flexcontainer-6",
          "LastContainer" : false,
          "Overlay" : false,
          "ResponsiveLayout" : false,
          "ShowDataLoading" : true,
          "ShowExpandCollapseTab" : false,
          "SourceURL" : "",
          "Style" : "DefaultContainerStyle",
          "StyleProperties" : { },
          "Type" : "flexcontainer",
          "UseTheme" : true,
          "Visible" : true,
          "Z-index" : 10,
          "__TypeDisplayName" : "Responsive Container",
          "align-content" : "flex-start",
          "align-items" : "flex-start",
          "flex-basis" : "auto",
          "flex-direction" : "column",
          "flex-grow" : 1,
          "flex-max-height" : "",
          "flex-max-width" : "",
          "flex-min-height" : "",
          "flex-min-width" : "",
          "flex-shrink" : 1,
          "flex-size" : "default",
          "flex-wrap" : "nowrap",
          "iconClass" : "widgets-flexcontainer",
          "isLocked" : false,
          "justify-content" : "flex-start",
          "positioning" : "responsive",
          "userCannotRemove" : false
        },
        "Widgets" : [ {
          "Properties" : {
            "Area" : "UI",
            "Counter" : false,
            "Disabled" : false,
            "DisplayName" : "ptcs-textfield-3",
            "Id" : "ptcstextfield-3",
            "Label" : "User",
            "LabelAlignment" : "left",
            "LastContainer" : false,
            "Left" : 139,
            "Margin" : "5",
            "MaxNumberOfCharacters" : 100,
            "Password" : false,
            "ReadOnly" : false,
            "ResponsiveLayout" : false,
            "ShowClearText" : true,
            "ShowDataLoading" : true,
            "TabSequence" : 0,
            "TextAlignment" : "left",
            "Top" : 62.19999694824219,
            "Type" : "ptcstextfield",
            "UseTheme" : true,
            "Visible" : true,
            "Width" : 273,
            "Z-index" : 10,
            "__TypeDisplayName" : "Text Field"
          },
          "Widgets" : [ ]
        }, {
          "Properties" : {
            "Area" : "UI",
            "Counter" : false,
            "Disabled" : false,
            "DisplayName" : "ptcs-textfield-4",
            "Id" : "ptcstextfield-4",
            "Label" : "Password",
            "LabelAlignment" : "left",
            "LastContainer" : false,
            "Left" : 149,
            "Margin" : "5",
            "MaxNumberOfCharacters" : 100,
            "Password" : false,
            "ReadOnly" : false,
            "ResponsiveLayout" : false,
            "ShowClearText" : true,
            "ShowDataLoading" : true,
            "TabSequence" : 0,
            "TextAlignment" : "left",
            "Top" : 97.19999694824219,
            "Type" : "ptcstextfield",
            "UseTheme" : true,
            "Visible" : true,
            "Width" : 273,
            "Z-index" : 10,
            "__TypeDisplayName" : "Text Field"
          },
          "Widgets" : [ ]
        }, {
          "Properties" : {
            "Area" : "UI",
            "ButtonType" : "primary",
            "ContextID" : "",
            "Disabled" : false,
            "DisplayName" : "ptcs-button-5",
            "Id" : "ptcsbutton-5",
            "Label" : "Button",
            "LabelAlignment" : "center",
            "LastContainer" : false,
            "Left" : 479,
            "Margin" : "5",
            "ResponsiveLayout" : false,
            "ShowDataLoading" : true,
            "TabSequence" : 0,
            "Top" : 87.19999694824219,
            "Type" : "ptcsbutton",
            "UseTheme" : true,
            "Visible" : true,
            "Z-index" : 10,
            "__TypeDisplayName" : "Button"
          },
          "Widgets" : [ ]
        } ]
      }, {
        "Properties" : {
          "Area" : "UI",
          "DisplayName" : "container-7",
          "EnableExpandCollapse" : false,
          "ExpandCollapseTabLocation" : "inside",
          "Expanded" : true,
          "Id" : "flexcontainer-7",
          "LastContainer" : false,
          "Overlay" : false,
          "ResponsiveLayout" : true,
          "ShowDataLoading" : true,
          "ShowExpandCollapseTab" : false,
          "SourceURL" : "",
          "Style" : "DefaultContainerStyle",
          "StyleProperties" : { },
          "Type" : "flexcontainer",
          "UseTheme" : true,
          "Visible" : true,
          "Z-index" : 10,
          "__TypeDisplayName" : "Responsive Container",
          "align-content" : "flex-start",
          "align-items" : "flex-start",
          "flex-basis" : "auto",
          "flex-direction" : "row",
          "flex-grow" : 1,
          "flex-max-height" : "",
          "flex-max-width" : "",
          "flex-min-height" : "",
          "flex-min-width" : "",
          "flex-shrink" : 1,
          "flex-size" : "default",
          "flex-wrap" : "nowrap",
          "iconClass" : "widgets-flexcontainer",
          "isLocked" : false,
          "justify-content" : "flex-start",
          "positioning" : "responsive",
          "userCannotRemove" : false
        },
        "Widgets" : [ {
          "Properties" : {
            "Area" : "UI",
            "AutoScroll" : true,
            "CellBorderStyle" : "DefaultGridAdvancedCellBorderStyle",
            "CellValidationErrorStyle" : "DefaultGridAdvancedCellValidationErrorStyle",
            "CellValidationErrorTooltipStyle" : "DefaultGridAdvancedCellValidationErrorTooltipStyle",
            "ColumnFormat" : {
              "formatInfo" : [ {
                "Align" : "left",
                "AllowEdit" : false,
                "Description" : "Source type",
                "FieldName" : "sourceType",
                "FormatOptions" : {
                  "FormatString" : "full",
                  "formatInfo" : {
                    "StateFormats" : [ ]
                  },
                  "formatText" : "View",
                  "renderer" : "STRING",
                  "roundingEnabled" : true,
                  "showDependentField" : false
                },
                "Title" : "sourceType",
                "ValidationExpression" : "",
                "ValidationMessage" : "",
                "Width" : "auto",
                "headerTextAlignment" : "left",
                "hidden" : true,
                "inLayout" : true
              }, {
                "Align" : "left",
                "AllowEdit" : false,
                "Description" : "",
                "FieldName" : "user",
                "FormatOptions" : {
                  "FormatString" : "full",
                  "formatInfo" : {
                    "StateFormats" : [ ]
                  },
                  "formatText" : "View",
                  "renderer" : "STRING",
                  "roundingEnabled" : true,
                  "showDependentField" : false
                },
                "Title" : "user",
                "ValidationExpression" : "",
                "ValidationMessage" : "",
                "Width" : "auto",
                "headerTextAlignment" : "left",
                "hidden" : false,
                "inLayout" : true
              }, {
                "Align" : "left",
                "AllowEdit" : false,
                "Description" : "Location of last modification",
                "FieldName" : "location",
                "FormatOptions" : {
                  "FormatString" : "0.0000",
                  "formatInfo" : {
                    "StateFormats" : [ ]
                  },
                  "formatText" : "View",
                  "renderer" : "LOCATION",
                  "roundingEnabled" : true,
                  "showDependentField" : false
                },
                "Title" : "location",
                "ValidationExpression" : "",
                "ValidationMessage" : "",
                "Width" : "auto",
                "headerTextAlignment" : "left",
                "hidden" : true,
                "inLayout" : true
              }, {
                "Align" : "left",
                "AllowEdit" : false,
                "Description" : "",
                "FieldName" : "password",
                "FormatOptions" : {
                  "FormatString" : "",
                  "formatInfo" : {
                    "StateFormats" : [ ]
                  },
                  "formatText" : "View",
                  "renderer" : "DEFAULT",
                  "roundingEnabled" : true,
                  "showDependentField" : false
                },
                "Title" : "password",
                "ValidationExpression" : "",
                "ValidationMessage" : "",
                "Width" : "auto",
                "headerTextAlignment" : "left",
                "hidden" : true,
                "inLayout" : true
              }, {
                "Align" : "left",
                "AllowEdit" : false,
                "Description" : "",
                "FieldName" : "password_orignal",
                "FormatOptions" : {
                  "FormatString" : "full",
                  "formatInfo" : {
                    "StateFormats" : [ ]
                  },
                  "formatText" : "View",
                  "renderer" : "STRING",
                  "roundingEnabled" : true,
                  "showDependentField" : false
                },
                "Title" : "password_orignal",
                "ValidationExpression" : "",
                "ValidationMessage" : "",
                "Width" : "auto",
                "headerTextAlignment" : "left",
                "hidden" : false,
                "inLayout" : true
              }, {
                "Align" : "left",
                "AllowEdit" : false,
                "Description" : "Source of last modification",
                "FieldName" : "source",
                "FormatOptions" : {
                  "FormatString" : "full",
                  "formatInfo" : {
                    "StateFormats" : [ ]
                  },
                  "formatText" : "View",
                  "renderer" : "STRING",
                  "roundingEnabled" : true,
                  "showDependentField" : false
                },
                "Title" : "source",
                "ValidationExpression" : "",
                "ValidationMessage" : "",
                "Width" : "auto",
                "headerTextAlignment" : "left",
                "hidden" : true,
                "inLayout" : true
              }, {
                "Align" : "left",
                "AllowEdit" : false,
                "Description" : "Internal key value",
                "FieldName" : "key",
                "FormatOptions" : {
                  "FormatString" : "full",
                  "formatInfo" : {
                    "StateFormats" : [ ]
                  },
                  "formatText" : "View",
                  "renderer" : "STRING",
                  "roundingEnabled" : true,
                  "showDependentField" : false
                },
                "Title" : "key",
                "ValidationExpression" : "",
                "ValidationMessage" : "",
                "Width" : "auto",
                "headerTextAlignment" : "left",
                "hidden" : true,
                "inLayout" : true
              }, {
                "Align" : "left",
                "AllowEdit" : false,
                "Description" : "Tags",
                "FieldName" : "tags",
                "FormatOptions" : {
                  "FormatString" : "plain",
                  "formatInfo" : {
                    "StateFormats" : [ ]
                  },
                  "formatText" : "View",
                  "renderer" : "TAGS",
                  "roundingEnabled" : true,
                  "showDependentField" : false
                },
                "Title" : "tags",
                "ValidationExpression" : "",
                "ValidationMessage" : "",
                "Width" : "auto",
                "headerTextAlignment" : "left",
                "hidden" : true,
                "inLayout" : true
              }, {
                "Align" : "left",
                "AllowEdit" : false,
                "Description" : "Time of last modification",
                "FieldName" : "timestamp",
                "FormatOptions" : {
                  "FormatString" : "[[dateTimeFormat_Default]]",
                  "formatInfo" : {
                    "StateFormats" : [ ]
                  },
                  "formatText" : "View",
                  "renderer" : "DATETIME",
                  "roundingEnabled" : true,
                  "showDependentField" : false
                },
                "Title" : "timestamp",
                "ValidationExpression" : "",
                "ValidationMessage" : "",
                "Width" : "auto",
                "headerTextAlignment" : "left",
                "hidden" : true,
                "inLayout" : true
              } ]
            },
            "Configuration" : "",
            "ConfigurationId" : 0,
            "CookiePersistence" : true,
            "DataOverflow" : "clipped",
            "DataServiceBindingDef" : {
              "dataName" : "Things_RIC.Password.DT",
              "entityName" : "RIC.Password.DT",
              "entityType" : "Things",
              "sourceId" : "GetDataTableEntries",
              "target" : "GetDataTableEntries"
            },
            "DefaultSelectedRows" : "",
            "DisplayName" : "gridadvanced-8",
            "DisplayOnlyMode" : false,
            "EditButtonsLocation" : "top-right",
            "EnableAddDeleteButtons" : false,
            "EnableCallbackOnSelectedRowsChange" : true,
            "EnableContextMenu" : true,
            "EnableEditButtons" : false,
            "EnableFilterEventOnConfigChange" : true,
            "EnableFooter" : false,
            "EnableGridReset" : false,
            "EnableGridSearch" : false,
            "EnableKeyboardNavigation" : true,
            "EnableSorting" : false,
            "FocusStyle" : "DefaultFocusStyle",
            "GridResetButtonLocation" : "top-right",
            "GridSearchLocation" : "top-left",
            "HeaderOverflow" : "tooltip",
            "Height" : 200,
            "IDFieldName" : "id",
            "Id" : "gridadvanced-8",
            "IsEditable" : false,
            "LastContainer" : false,
            "Left" : 44,
            "MaxHeaderHeight" : 100,
            "MinRowHeight" : 30,
            "ResponsiveLayout" : true,
            "RowAlternateBackgroundStyle" : "DefaultGridAdvancedRowAlternateBackgroundStyle",
            "RowBackgroundStyle" : "DefaultGridAdvancedRowBackgroundStyle",
            "RowBorderStyle" : "DefaultGridAdvancedRowBorderStyle",
            "RowFormat_StateParameters" : [ ],
            "RowHoverStyle" : "DefaultGridAdvancedRowHoverStyle",
            "RowSelectedStyle" : "DefaultGridAdvancedRowSelectedStyle",
            "RowSelection" : "none",
            "SelectedRows" : "",
            "ShowDataLoading" : true,
            "SortAscendingStyle" : "DefaultSortAscendingStyle",
            "SortDescendingStyle" : "DefaultSortDescendingStyle",
            "TableFooterStyle" : "DefaultGridAdvancedFooterStyle",
            "TableHeaderStyle" : "DefaultGridAdvancedHeaderStyle",
            "TableWrapperStyle" : "DefaultGridAdvancedWrapperStyle",
            "ToolbarStyle" : "DefaultToolbarStyle",
            "TooltipStyle" : "DefaultTooltipStyle",
            "Top" : 112.19999694824219,
            "Type" : "gridadvanced",
            "UseTheme" : false,
            "Visible" : true,
            "Width" : 400,
            "Z-index" : 10,
            "__TypeDisplayName" : "Grid Advanced"
          },
          "Widgets" : [ ]
        } ]
      } ]
    } ]
  },
  "mashupType" : "mashup"
}]]></mashupContent><preview/><ConfigurationChanges><ConfigurationChange changeAction="CREATE" changeReason="header : name : updated, projectName : updated&#10;" timestamp="2023-10-20T06:34:48.192Z" user="wcadmin"/><ConfigurationChange changeAction="CREATE" changeReason="" timestamp="2023-10-20T06:43:29.309Z" user="Administrator"/><ConfigurationChange changeAction="MODIFY" changeReason="Mashup : design : updated&#10;" timestamp="2023-10-20T06:49:58.633Z" user="Administrator"/><ConfigurationChange changeAction="MODIFY" changeReason="Mashup : design : updated&#10;" timestamp="2023-10-20T07:22:28.376Z" user="Administrator"/><ConfigurationChange changeAction="MODIFY" changeReason="Mashup : design : updated&#10;" timestamp="2023-10-20T07:25:00.770Z" user="Administrator"/><ConfigurationChange changeAction="MODIFY" changeReason="Mashup : design : updated&#10;" timestamp="2023-10-20T07:25:29.505Z" user="Administrator"/><ConfigurationChange changeAction="MODIFY" changeReason="Mashup : design : updated&#10;" timestamp="2023-10-20T07:26:05.411Z" user="Administrator"/></ConfigurationChanges></Mashup></Mashups></Entities>