<?xml version="1.0" encoding="UTF-8" standalone="no"?><Entities build="b112" majorVersion="9" minorVersion="2" modelPersistenceProviderPackage="PostgresPersistenceProviderPackage" revision="1" schemaVersion="1120" universal=""><Things><Thing description="" documentationContent="" effectiveThingPackage="DataTableThing" enabled="true" homeMashup="DataTableEditor" identifier="" inheritedValueStream="" lastModifiedDate="2023-10-20T07:23:43.738Z" name="RIC.Password.DT" projectName="RIC" published="false" tags="" thingTemplate="DataTable" valueStream=""><Owner name="Administrator" type="User"/><avatar/><DesignTimePermissions><Create/><Read/><Update/><Delete/><Metadata/></DesignTimePermissions><RunTimePermissions/><VisibilityPermissions><Visibility/></VisibilityPermissions><ConfigurationTableDefinitions/><ConfigurationTables><ConfigurationTable dataShapeName="" description="Data Thing Configuration" isMultiRow="false" name="DataThingSettings" ordinal="0"><DataShape><FieldDefinitions><FieldDefinition baseType="STRING" description="Persistence Provider Name" name="persistenceProvider" ordinal="0"/></FieldDefinitions></DataShape><Rows><Row><persistenceProvider><![CDATA[ThingworxPersistenceProvider]]></persistenceProvider></Row></Rows></ConfigurationTable><ConfigurationTable dataShapeName="" description="Data Shape Configuration" isMultiRow="false" name="Settings" ordinal="0"><DataShape><FieldDefinitions><FieldDefinition aspect.friendlyName="Data Shape" baseType="DATASHAPENAME" description="Data shape" name="dataShape" ordinal="0"/></FieldDefinitions></DataShape><Rows><Row><accumulatedDataShape><json><![CDATA[{"fieldDefinitions":{"password":{"name":"password","aspects":{"isPrimaryKey":false},"description":"","baseType":"PASSWORD","ordinal":0},"password_orignal":{"name":"password_orignal","aspects":{"isPrimaryKey":false},"description":"","baseType":"STRING","ordinal":2},"user":{"name":"user","aspects":{"isPrimaryKey":true},"description":"","baseType":"STRING","ordinal":1}}}]]></json></accumulatedDataShape><dataShape><![CDATA[RIC.Password.DS]]></dataShape></Row></Rows></ConfigurationTable><ConfigurationTable dataShapeName="" description="Index Settings" isMultiRow="true" name="Indexes" ordinal="1"><DataShape><FieldDefinitions><FieldDefinition aspect.friendlyName="Index Field Names" baseType="STRING" description="Index fields" name="fieldNames" ordinal="1"/><FieldDefinition aspect.friendlyName="Index Name" baseType="STRING" description="Index name" name="name" ordinal="0"/></FieldDefinitions></DataShape><Rows/></ConfigurationTable><ConfigurationTable dataShapeName="" description="Configurable options to tune Data Table performance" isMultiRow="false" name="PersistenceProviderCustomSettings" ordinal="2"><DataShape><FieldDefinitions><FieldDefinition aspect.friendlyName="Persistence Provider Custom Settings Table" baseType="INFOTABLE" description="Persistence Provider Custom Config Table" name="customConfigTable" ordinal="0"/></FieldDefinitions></DataShape><Rows><Row><customConfigTable><infoTable><DataShape><FieldDefinitions/></DataShape><Rows/></infoTable></customConfigTable></Row></Rows></ConfigurationTable></ConfigurationTables><ThingShape><PropertyDefinitions/><ServiceDefinitions><ServiceDefinition aspect.isAsync="false" category="" description="" isAllowOverride="false" isLocalOnly="false" isOpen="false" isPrivate="false" name="AddUpdatePassword"><ResultType aspect.dataShape="RIC.Password.DS" baseType="INFOTABLE" description="" name="result" ordinal="0"/><ParameterDefinitions><FieldDefinition baseType="STRING" description="" name="password" ordinal="2"/><FieldDefinition baseType="STRING" description="" name="user" ordinal="1"/></ParameterDefinitions></ServiceDefinition><ServiceDefinition aspect.isAsync="false" category="" description="" isAllowOverride="false" isLocalOnly="false" isOpen="false" isPrivate="false" name="GenEncryptKey"><ResultType baseType="STRING" description="" name="result" ordinal="0"/><ParameterDefinitions/></ServiceDefinition><ServiceDefinition aspect.isAsync="false" category="" description="" isAllowOverride="false" isLocalOnly="false" isOpen="false" isPrivate="false" name="GetPassword"><ResultType aspect.dataShape="RIC.Password.DS" baseType="INFOTABLE" description="" name="result" ordinal="0"/><ParameterDefinitions><FieldDefinition baseType="STRING" description="" name="user" ordinal="1"/></ParameterDefinitions></ServiceDefinition></ServiceDefinitions><EventDefinitions/><ServiceMappings/><ServiceImplementations><ServiceImplementation description="" handlerName="Script" name="AddUpdatePassword"><ConfigurationTables><ConfigurationTable dataShapeName="" description="" isMultiRow="false" name="Script" ordinal="0"><DataShape><FieldDefinitions><FieldDefinition baseType="STRING" description="code" name="code" ordinal="0"/></FieldDefinitions></DataShape><Rows><Row><code><![CDATA[var hex56 = "12345678901234567890123456789012345678901234567890123456";
// CreateInfoTableFromDataShape(infoTableName:STRING("InfoTable"), dataShapeName:STRING):INFOTABLE(RIC.Password.DS)
let result = Resources["InfoTableFunctions"].CreateInfoTableFromDataShape({
    infoTableName: "InfoTable",
    dataShapeName: "RIC.Password.DS"
});

if (user !== undefined && password !== undefined) {
//    var encPass = Resources["EncryptionServices"].EncryptWithCustomKey({
//    	data: password /* STRING */,
//    	key: "l/NvWmg/3Bd+L7M4Gsp+9Zz538blxOxFmH4c+5PcJL4=" /* STRING */
//    });
    var encPass = Resources["EncryptionServices"].EncryptWithKey({
        data: password /* STRING */,
        key: hex56 /* STRING */
    });
    // RIC.Password.DS entry object
    let newEntry = {
        user: user, // STRING [Primary Key]
        password_orignal: encPass // PASSWORD
    };
    
	result.AddRow(newEntry);
    me.AddOrUpdateDataTableEntry({
    	tags: undefined /* TAGS */,
    	location: undefined /* LOCATION */,
    	source: undefined /* STRING */,
    	sourceType: undefined /* STRING */,
    	values: result /* INFOTABLE */
    });
}
]]></code></Row></Rows></ConfigurationTable></ConfigurationTables></ServiceImplementation><ServiceImplementation description="" handlerName="Script" name="GenEncryptKey"><ConfigurationTables><ConfigurationTable dataShapeName="" description="" isMultiRow="false" name="Script" ordinal="0"><DataShape><FieldDefinitions><FieldDefinition baseType="STRING" description="code" name="code" ordinal="0"/></FieldDefinitions></DataShape><Rows><Row><code><![CDATA[// key: STRING
let result = Resources["EncryptionServices"].GenerateKey({
	size: 56 /* INTEGER */
});]]></code></Row></Rows></ConfigurationTable></ConfigurationTables></ServiceImplementation><ServiceImplementation description="" handlerName="Script" name="GetPassword"><ConfigurationTables><ConfigurationTable dataShapeName="" description="" isMultiRow="false" name="Script" ordinal="0"><DataShape><FieldDefinitions><FieldDefinition baseType="STRING" description="code" name="code" ordinal="0"/></FieldDefinitions></DataShape><Rows><Row><code><![CDATA[var hex56 = "12345678901234567890123456789012345678901234567890123456";
// CreateInfoTableFromDataShape(infoTableName:STRING("InfoTable"), dataShapeName:STRING):INFOTABLE(RIC.Password.DS)
let result = Resources["InfoTableFunctions"].CreateInfoTableFromDataShape({
    infoTableName: "InfoTable",
    dataShapeName: "RIC.Password.DS"
});

if (user !== undefined) {
	// Provide your filter using the format as described in the help topic "Query Parameter for Query Services"
    let query = {
     "filters": {
       "type": "EQ",
       "fieldName": "user",
       "value": user
     }
    };

    result = me.QueryDataTableEntries({
    	values: undefined /* INFOTABLE */,
    	maxItems: undefined /* NUMBER {"defaultValue":500} */,
    	tags: undefined /* TAGS */,
    	source: undefined /* STRING */,
    	query: query /* QUERY */
    });
	if (result.getRowCount()>0) {
        let decPass = Resources["EncryptionServices"].DecryptWithKey({
            data: result.password_orignal /* STRING */,
            key: hex56 /* STRING */
        });
        result.password_orignal = decPass;
    }
}
]]></code></Row></Rows></ConfigurationTable></ConfigurationTables></ServiceImplementation></ServiceImplementations><Subscriptions/></ThingShape><PropertyBindings/><RemotePropertyBindings/><RemoteServiceBindings/><RemoteEventBindings/><AlertConfigurations/><ImplementedShapes/><ThingProperties/><ConfigurationChanges><ConfigurationChange changeAction="CREATE" changeReason="" timestamp="2023-10-20T06:43:22.081Z" user="Administrator"/><ConfigurationChange changeAction="MODIFY" changeReason="services : AddUpdatePassword : service updated&#10;GetPassword : service added, input parameter password deleted, inputs updated&#10;" timestamp="2023-10-20T06:52:42.558Z" user="Administrator"/><ConfigurationChange changeAction="MODIFY" changeReason="services : GetPassword : service updated&#10;GenEncryptKey : service added&#10;" timestamp="2023-10-20T06:59:05.766Z" user="Administrator"/><ConfigurationChange changeAction="MODIFY" changeReason="services : GenEncryptKey : service updated&#10;" timestamp="2023-10-20T06:59:17.891Z" user="Administrator"/><ConfigurationChange changeAction="MODIFY" changeReason="services : GenEncryptKey : service updated&#10;" timestamp="2023-10-20T06:59:43.090Z" user="Administrator"/><ConfigurationChange changeAction="MODIFY" changeReason="services : GenEncryptKey : service updated&#10;" timestamp="2023-10-20T07:03:28.125Z" user="Administrator"/><ConfigurationChange changeAction="MODIFY" changeReason="services : GetPassword : service updated&#10;" timestamp="2023-10-20T07:04:37.594Z" user="Administrator"/><ConfigurationChange changeAction="MODIFY" changeReason="services : AddUpdatePassword : service updated&#10;" timestamp="2023-10-20T07:06:25.051Z" user="Administrator"/><ConfigurationChange changeAction="MODIFY" changeReason="services : AddUpdatePassword : service updated&#10;" timestamp="2023-10-20T07:10:49.611Z" user="Administrator"/><ConfigurationChange changeAction="MODIFY" changeReason="services : GenEncryptKey : service updated&#10;" timestamp="2023-10-20T07:11:12.658Z" user="Administrator"/><ConfigurationChange changeAction="MODIFY" changeReason="services : AddUpdatePassword : service updated&#10;" timestamp="2023-10-20T07:12:26.870Z" user="Administrator"/><ConfigurationChange changeAction="MODIFY" changeReason="services : AddUpdatePassword : service updated&#10;" timestamp="2023-10-20T07:12:45.167Z" user="Administrator"/><ConfigurationChange changeAction="MODIFY" changeReason="services : GenEncryptKey : service updated&#10;" timestamp="2023-10-20T07:13:04.683Z" user="Administrator"/><ConfigurationChange changeAction="MODIFY" changeReason="services : AddUpdatePassword : service updated&#10;" timestamp="2023-10-20T07:15:55.981Z" user="Administrator"/><ConfigurationChange changeAction="MODIFY" changeReason="services : GenEncryptKey : service updated&#10;" timestamp="2023-10-20T07:18:26.982Z" user="Administrator"/><ConfigurationChange changeAction="MODIFY" changeReason="services : AddUpdatePassword : service updated&#10;" timestamp="2023-10-20T07:19:31.622Z" user="Administrator"/><ConfigurationChange changeAction="MODIFY" changeReason="services : AddUpdatePassword : service updated&#10;" timestamp="2023-10-20T07:20:36.870Z" user="Administrator"/><ConfigurationChange changeAction="MODIFY" changeReason="services : GetPassword : service updated&#10;" timestamp="2023-10-20T07:21:58.242Z" user="Administrator"/><ConfigurationChange changeAction="MODIFY" changeReason="services : GetPassword : service updated&#10;" timestamp="2023-10-20T07:23:43.738Z" user="Administrator"/></ConfigurationChanges></Thing></Things></Entities>