{
  "name": "",
  "version": "1.0.0",
  "requires": [
    "w320dp"
  ],
  "experiences": [
    {
      "vumark": "",
      "experienceType": "vumark",
      "id": 1,
      "index-keys": [],
      "title": {
        "en": "Experience Manager"
      },
      "description": {
        "en": "",
        "en-US": ""
      },
      "requires": [],
      "tags": [],
      "icon": "",
      "viewName": "Home",
      "url-template": "index.html?expId=1",
      "entryPoint": "index.html?expId=1",
      "thumbnail": "public/Uploaded/2019-03-28_9-08-51.jpg",
      "thingTemplateName": ""
    }
  ],
  "accessType": "private",
  "designedfor": [],
  "widgetsUsage": [
    {
      "timestamp": "2022-11-27T07:00:46.634Z",
      "action": "LATEST_SAVE",
      "usage": {
        "twx-view": 1,
        "twx-view-header": 1,
        "twx-header-buttons": 2,
        "twx-header-title": 1,
        "twx-label": 5,
        "twx-button": 2,
        "twx-data-grid": 1,
        "twx-data-grid-col": 8,
        "twx-image2": 3
      }
    }
  ]
}
