{
  "attributes": {
    "twx-widget": "",
    "widget-id": "view-1",
    "widget-name": "view-1",
    "is-widget-container": "true",
    "viewtype": "ar"
  },
  "children": [
    {
      "name": "twx-container-content",
      "children": [
        {
          "attributes": {
            "twx-widget": "",
            "widget-id": "3DContainer-1",
            "widget-name": "3D Container",
            "is-widget-container": "true"
          },
          "name": "twx-dt-view",
          "children": [
            {
              "name": "twx-container-content",
              "children": [
                {
                  "attributes": {
                    "twx-widget": "",
                    "widget-id": "camera-1",
                    "widget-name": "camera-1"
                  },
                  "name": "twx-dt-picture"
                }
              ]
            }
          ]
        },
        {
          "attributes": {
            "twx-widget": "",
            "widget-id": "2DOverlay-1",
            "widget-name": "2D Overlay",
            "is-widget-container": "true"
          },
          "name": "twx-overlay",
          "children": [
            {
              "name": "twx-container-content",
              "children": [
                {
                  "attributes": {
                    "twx-widget": "",
                    "widget-id": "panel-1",
                    "widget-name": "Top Panel",
                    "is-widget-container": "true",
                    "position": "top"
                  },
                  "name": "twx-overlay-container",
                  "children": [
                    {
                      "name": "twx-container-content",
                      "children": [
                        {
                          "attributes": {
                            "twx-widget": "",
                            "widget-id": "button-1",
                            "widget-name": "button-1",
                            "text": "Button"
                          },
                          "name": "twx-button",
                          "children": [
                            {
                              "attributes": {
                                "eventbind-id": "eb-1663230511684",
                                "source-type": "widget",
                                "source-label": "Button",
                                "source-name": "button-1",
                                "source-event": "click",
                                "handler-type": "ui",
                                "handler-name": "camera-1",
                                "handler-service": "takePicture",
                                "handler-path": "app.view[\"Home\"].wdg[\"camera-1\"].svc.takePicture"
                              },
                              "name": "twx-eventbind"
                            }
                          ]
                        },
                        {
                          "attributes": {
                            "twx-widget": "",
                            "widget-id": "button-2",
                            "widget-name": "button-2",
                            "text": "Button"
                          },
                          "name": "twx-button",
                          "children": [
                            {
                              "attributes": {
                                "eventbind-id": "eb-1663231037735",
                                "source-type": "widget",
                                "source-label": "Button",
                                "source-name": "button-2",
                                "source-event": "click",
                                "handler-type": "data",
                                "handler-name": "IOTFolder",
                                "handler-service": "SaveImageLee",
                                "handler-path": "app.mdl.IOTFolder.svc.SaveImageLee"
                              },
                              "name": "twx-eventbind"
                            }
                          ]
                        }
                      ]
                    }
                  ]
                },
                {
                  "attributes": {
                    "twx-widget": "",
                    "widget-id": "2DOverlayBody-1",
                    "widget-name": "2D Body",
                    "is-widget-container": "true"
                  },
                  "name": "twx-overlay-body",
                  "children": [
                    {
                      "name": "twx-container-content",
                      "children": [
                        {
                          "attributes": {
                            "twx-widget": "",
                            "widget-id": "panel-2",
                            "widget-name": "Left Panel",
                            "is-widget-container": "true",
                            "position": "left"
                          },
                          "name": "twx-overlay-container",
                          "children": [
                            {
                              "name": "twx-container-content"
                            }
                          ]
                        },
                        {
                          "attributes": {
                            "twx-widget": "",
                            "widget-id": "panel-3",
                            "widget-name": "Center Panel",
                            "is-widget-container": "true",
                            "position": "center"
                          },
                          "name": "twx-overlay-container",
                          "children": [
                            {
                              "name": "twx-container-content",
                              "children": [
                                {
                                  "attributes": {
                                    "twx-widget": "",
                                    "widget-id": "textArea-1",
                                    "widget-name": "textArea-1"
                                  },
                                  "name": "twx-textarea",
                                  "children": [
                                    {
                                      "attributes": {
                                        "databind-id": "db-1663230549721",
                                        "source-type": "ui",
                                        "source-label": "Camera",
                                        "source-name": "camera-1",
                                        "source-item-type": "property",
                                        "source-item-name": "image",
                                        "binding-type": "widget_property",
                                        "from-expression": "app.view['Home'].wdg['camera-1']['image']",
                                        "to-property": "text"
                                      },
                                      "name": "twx-databind"
                                    }
                                  ]
                                }
                              ]
                            }
                          ]
                        },
                        {
                          "attributes": {
                            "twx-widget": "",
                            "widget-id": "panel-4",
                            "widget-name": "Right Panel",
                            "is-widget-container": "true",
                            "position": "right"
                          },
                          "name": "twx-overlay-container",
                          "children": [
                            {
                              "name": "twx-container-content"
                            }
                          ]
                        }
                      ]
                    }
                  ]
                },
                {
                  "attributes": {
                    "twx-widget": "",
                    "widget-id": "panel-5",
                    "widget-name": "Bottom Panel",
                    "is-widget-container": "true",
                    "position": "bottom"
                  },
                  "name": "twx-overlay-container",
                  "children": [
                    {
                      "name": "twx-container-content"
                    }
                  ]
                }
              ]
            }
          ]
        }
      ]
    },
    {
      "name": "twx-fragment-parameters"
    },
    {
      "name": "twx-view-data"
    }
  ],
  "name": "twx-view"
}
