<?xml version="1.0" encoding="UTF-8" standalone="no"?>
<Entities>
    <ExtensionPackages>
        <ExtensionPackage dependsOn="" description="" minimumThingWorxVersion="8.3.0" name="WaveFormChart" packageVersion="1.0.12" vendor="PTCJapan">
            <JarResources>
                <FileResource description="" file="WaveFormChart.jar" type="JAR"/>
            </JarResources>
        </ExtensionPackage>
    </ExtensionPackages>
    <ThingPackages>
        <ThingPackage className="com.ptc.WaveFormChart.WaveFormChart" description="" name="WaveFormChartPackage"/>
    </ThingPackages>
    <ThingTemplates>
        <ThingTemplate aspect.isEditableExtensionObject="false" description="" name="WaveFormChart" thingPackage="WaveFormChartPackage"/>
    </ThingTemplates>
</Entities>
