{
  "name": "testSvgDynamic-community-1",
  "projectType": "AR",
  "fileName": "testSvgDynamic-community-1",
  "thingworxServer": "http://10.164.132.76:2019",
  "mainNavigationMenuStyle": "leftSideMenu",
  "mainNavigationMenuItems": [],
  "creator": "_unknown_",
  "theme": "twx-light",
  "hideExperienceHeader": false,
  "version": "1.80.2338",
  "device": {
    "name": "ipad",
    "width": "768",
    "height": "1024"
  },
  "state": {
    "orientation": "portrait"
  },
  "targets": {
    "phone": {
      "components": [
        {
          "name": "Home",
          "fileName": "Home",
          "showInMainMenu": true,
          "viewType": "ar",
          "title": "Home"
        }
      ],
      "images": []
    },
    "shared": {
      "components": [
        {
          "name": "Data",
          "fileName": "Data"
        }
      ],
      "images": [],
      "styles": [
        {
          "name": "App",
          "fileName": "App",
          "fileExt": "scss"
        }
      ],
      "fragments": []
    }
  },
  "viewType": "ar",
  "resourceDirectory": "src/phone/resources",
  "resourceRuntimeDir": "app/resources",
  "fontRuntimeDir": "../fonts",
  "fontDesigntimeDir": "../dist/fonts",
  "thumbnail": "Uploaded/2020-02-04_12-18-30.gif",
  "designedForOffline": true,
  "description": "test svg gauge"
}
