{
  "attributes": {
    "twx-widget": "",
    "widget-id": "view-1",
    "widget-name": "view-1",
    "is-widget-container": "true",
    "viewtype": "ar"
  },
  "children": [
    {
      "name": "twx-container-content",
      "children": [
        {
          "attributes": {
            "twx-widget": "",
            "widget-id": "3DContainer-1",
            "widget-name": "3D コンテナ",
            "is-widget-container": "true",
            "enabletrackingevents": "true",
            "dropshadow": "true"
          },
          "name": "twx-dt-view",
          "children": [
            {
              "name": "twx-container-content",
              "children": [
                {
                  "attributes": {
                    "twx-widget": "",
                    "widget-id": "spatialTarget-1",
                    "widget-name": "spatialTarget-1",
                    "rx": "-90",
                    "enablescalegesture": "true"
                  },
                  "name": "twx-dt-target-spatial"
                },
                {
                  "attributes": {
                    "twx-widget": "",
                    "widget-id": "mainModel",
                    "widget-name": "mainModel",
                    "click-expression": "DisplayHSG();",
                    "is-widget-container": "true",
                    "scale": "1.0000",
                    "x": "6.5368499755859375",
                    "z": "-2.017500028014183",
                    "rx": "0.00",
                    "ry": "0.00",
                    "rz": "0.00",
                    "sequence": "Uploaded/l-Creo 3D - フィギュア1.pvi"
                  },
                  "name": "twx-dt-model",
                  "children": [
                    {
                      "attributes": {
                        "databind-id": "db-1690424797958",
                        "source-type": "data",
                        "source-name": "modelScale",
                        "source-item-type": "value",
                        "source-item-name": "modelScale",
                        "binding-type": "custom_field",
                        "from-expression": "app.params['modelScale']",
                        "to-property": "scale"
                      },
                      "name": "twx-databind"
                    },
                    {
                      "attributes": {
                        "databind-id": "db-1690425581734",
                        "source-type": "data",
                        "source-name": "modelX",
                        "source-item-type": "value",
                        "source-item-name": "modelX",
                        "binding-type": "custom_field",
                        "from-expression": "app.params['modelX']",
                        "to-property": "x"
                      },
                      "name": "twx-databind"
                    },
                    {
                      "attributes": {
                        "databind-id": "db-1690425615199",
                        "source-type": "data",
                        "source-name": "modelZ",
                        "source-item-type": "value",
                        "source-item-name": "modelZ",
                        "binding-type": "custom_field",
                        "from-expression": "app.params['modelZ']",
                        "to-property": "z"
                      },
                      "name": "twx-databind"
                    },
                    {
                      "attributes": {
                        "databind-id": "db-1690430986012",
                        "source-type": "data",
                        "source-name": "modelY",
                        "source-item-type": "value",
                        "source-item-name": "modelY",
                        "binding-type": "custom_field",
                        "from-expression": "app.params['modelY']",
                        "to-property": "y"
                      },
                      "name": "twx-databind"
                    },
                    {
                      "attributes": {
                        "databind-id": "db-1690431475238",
                        "source-type": "data",
                        "source-name": "rotationY",
                        "source-item-type": "value",
                        "source-item-name": "rotationY",
                        "binding-type": "custom_field",
                        "from-expression": "app.params['rotationY']",
                        "to-property": "ry"
                      },
                      "name": "twx-databind"
                    },
                    {
                      "name": "twx-container-content",
                      "children": [
                        {
                          "attributes": {
                            "twx-widget": "",
                            "widget-id": "modelItem-1",
                            "widget-name": "modelItem-1",
                            "is-widget-container": "true",
                            "model": "mainModel",
                            "idpath": "/0/0/0/71/0",
                            "scale": "1.0000",
                            "x": "0.0000",
                            "y": "0.0000",
                            "z": "0.0000",
                            "rx": "0.00",
                            "ry": "0.00",
                            "rz": "0.00",
                            "color": "rgba(147,70,42, 1);"
                          },
                          "name": "twx-dt-modelitem",
                          "children": [
                            {
                              "name": "twx-container-content"
                            }
                          ]
                        }
                      ]
                    }
                  ]
                },
                {
                  "attributes": {
                    "twx-widget": "",
                    "widget-id": "image1",
                    "widget-name": "image1",
                    "is-widget-container": "true",
                    "src": "Uploaded/pinger_just_pinger.png",
                    "scale": "0.5",
                    "rx": "0.00",
                    "ry": "90.00",
                    "rz": "0.00"
                  },
                  "name": "twx-dt-image",
                  "children": [
                    {
                      "name": "twx-container-content"
                    }
                  ]
                }
              ]
            }
          ]
        },
        {
          "attributes": {
            "twx-widget": "",
            "widget-id": "2DOverlay-1",
            "widget-name": "2D オーバーレイ",
            "is-widget-container": "true"
          },
          "name": "twx-overlay",
          "children": [
            {
              "name": "twx-container-content",
              "children": [
                {
                  "attributes": {
                    "twx-widget": "",
                    "widget-id": "panel-1",
                    "widget-name": "上部パネル",
                    "is-widget-container": "true",
                    "position": "top",
                    "height": "100"
                  },
                  "name": "twx-overlay-container",
                  "children": [
                    {
                      "name": "twx-container-content"
                    }
                  ]
                },
                {
                  "attributes": {
                    "twx-widget": "",
                    "widget-id": "2DOverlayBody-1",
                    "widget-name": "2D ボディ",
                    "is-widget-container": "true"
                  },
                  "name": "twx-overlay-body",
                  "children": [
                    {
                      "name": "twx-container-content",
                      "children": [
                        {
                          "attributes": {
                            "twx-widget": "",
                            "widget-id": "panel-2",
                            "widget-name": "左パネル",
                            "is-widget-container": "true",
                            "position": "left"
                          },
                          "name": "twx-overlay-container",
                          "children": [
                            {
                              "name": "twx-container-content"
                            }
                          ]
                        },
                        {
                          "attributes": {
                            "twx-widget": "",
                            "widget-id": "panel-3",
                            "widget-name": "中央パネル",
                            "is-widget-container": "true",
                            "position": "center"
                          },
                          "name": "twx-overlay-container",
                          "children": [
                            {
                              "name": "twx-container-content",
                              "children": [
                                {
                                  "attributes": {
                                    "twx-widget": "",
                                    "widget-id": "menuDialog",
                                    "widget-name": "menuDialog",
                                    "is-widget-container": "true",
                                    "class": "menu-dialog",
                                    "width": "40%",
                                    "height": "80%",
                                    "centered": "false",
                                    "bottom": "10%",
                                    "right": "0"
                                  },
                                  "name": "twx-popup",
                                  "children": [
                                    {
                                      "attributes": {
                                        "databind-id": "db-1690421574748",
                                        "source-type": "data",
                                        "source-name": "visiblePopup",
                                        "source-item-type": "value",
                                        "source-item-name": "visiblePopup",
                                        "binding-type": "custom_field",
                                        "from-expression": "app.params['visiblePopup']",
                                        "to-property": "visible"
                                      },
                                      "name": "twx-databind"
                                    },
                                    {
                                      "name": "twx-container-content",
                                      "children": [
                                        {
                                          "attributes": {
                                            "twx-widget": "",
                                            "widget-id": "gridLayout-1",
                                            "widget-name": "gridLayout-1",
                                            "is-widget-container": "true"
                                          },
                                          "name": "twx-gridlayout",
                                          "children": [
                                            {
                                              "name": "twx-container-content",
                                              "children": [
                                                {
                                                  "attributes": {
                                                    "twx-widget": "",
                                                    "widget-id": "row-1",
                                                    "widget-name": "row-1",
                                                    "is-widget-container": "true"
                                                  },
                                                  "name": "twx-row",
                                                  "children": [
                                                    {
                                                      "name": "twx-container-content",
                                                      "children": [
                                                        {
                                                          "attributes": {
                                                            "twx-widget": "",
                                                            "widget-id": "column-1",
                                                            "widget-name": "column-1",
                                                            "is-widget-container": "true"
                                                          },
                                                          "name": "twx-col",
                                                          "children": [
                                                            {
                                                              "name": "twx-container-content",
                                                              "children": [
                                                                {
                                                                  "attributes": {
                                                                    "twx-widget": "",
                                                                    "widget-id": "zoomLabel",
                                                                    "state-format-value": "text",
                                                                    "widget-name": "zoomLabel",
                                                                    "text": "ズーム"
                                                                  },
                                                                  "name": "twx-label"
                                                                }
                                                              ]
                                                            }
                                                          ]
                                                        },
                                                        {
                                                          "attributes": {
                                                            "twx-widget": "",
                                                            "widget-id": "column-5",
                                                            "widget-name": "column-5",
                                                            "is-widget-container": "true"
                                                          },
                                                          "name": "twx-col",
                                                          "children": [
                                                            {
                                                              "name": "twx-container-content",
                                                              "children": [
                                                                {
                                                                  "attributes": {
                                                                    "twx-widget": "",
                                                                    "widget-id": "zoomOutButton",
                                                                    "background-color": "",
                                                                    "background-color-pressed": "",
                                                                    "widget-name": "zoomOutButton",
                                                                    "click-expression": "ZoomOut()",
                                                                    "class": "normal-button",
                                                                    "src": "Uploaded/shrink.png",
                                                                    "srcnotpressed": "Uploaded/shrink.png"
                                                                  },
                                                                  "name": "twx-toggle-button"
                                                                }
                                                              ]
                                                            }
                                                          ]
                                                        },
                                                        {
                                                          "attributes": {
                                                            "twx-widget": "",
                                                            "widget-id": "column-6",
                                                            "widget-name": "column-6",
                                                            "is-widget-container": "true"
                                                          },
                                                          "name": "twx-col",
                                                          "children": [
                                                            {
                                                              "name": "twx-container-content",
                                                              "children": [
                                                                {
                                                                  "attributes": {
                                                                    "twx-widget": "",
                                                                    "widget-id": "zoomInButton",
                                                                    "background-color": "",
                                                                    "background-color-pressed": "",
                                                                    "widget-name": "zoomInButton",
                                                                    "click-expression": "ZoomIn()",
                                                                    "class": "normal-button",
                                                                    "src": "Uploaded/expand.png",
                                                                    "srcnotpressed": "Uploaded/expand.png"
                                                                  },
                                                                  "name": "twx-toggle-button"
                                                                }
                                                              ]
                                                            }
                                                          ]
                                                        }
                                                      ]
                                                    }
                                                  ]
                                                },
                                                {
                                                  "attributes": {
                                                    "twx-widget": "",
                                                    "widget-id": "row-2",
                                                    "widget-name": "row-2",
                                                    "is-widget-container": "true"
                                                  },
                                                  "name": "twx-row",
                                                  "children": [
                                                    {
                                                      "name": "twx-container-content",
                                                      "children": [
                                                        {
                                                          "attributes": {
                                                            "twx-widget": "",
                                                            "widget-id": "column-2",
                                                            "widget-name": "column-2",
                                                            "is-widget-container": "true"
                                                          },
                                                          "name": "twx-col",
                                                          "children": [
                                                            {
                                                              "name": "twx-container-content"
                                                            }
                                                          ]
                                                        },
                                                        {
                                                          "attributes": {
                                                            "twx-widget": "",
                                                            "widget-id": "column-9",
                                                            "widget-name": "column-9",
                                                            "is-widget-container": "true"
                                                          },
                                                          "name": "twx-col",
                                                          "children": [
                                                            {
                                                              "name": "twx-container-content",
                                                              "children": [
                                                                {
                                                                  "attributes": {
                                                                    "twx-widget": "",
                                                                    "widget-id": "expandTextBox",
                                                                    "widget-name": "expandTextBox",
                                                                    "change-expression": "ExpandValueValidationCheck()",
                                                                    "class": "input-text",
                                                                    "text": "10",
                                                                    "textalign": "right",
                                                                    "placeholder": "プレースホルダーテキスト",
                                                                    "label": "入力ラベル"
                                                                  },
                                                                  "name": "twx-text-input",
                                                                  "children": [
                                                                    {
                                                                      "attributes": {
                                                                        "databind-id": "db-1690423248191",
                                                                        "source-type": "data",
                                                                        "source-name": "expandValue",
                                                                        "source-item-type": "value",
                                                                        "source-item-name": "expandValue",
                                                                        "binding-type": "custom_field",
                                                                        "from-expression": "app.params['expandValue']",
                                                                        "to-property": "text"
                                                                      },
                                                                      "name": "twx-databind"
                                                                    }
                                                                  ]
                                                                }
                                                              ]
                                                            }
                                                          ]
                                                        },
                                                        {
                                                          "attributes": {
                                                            "twx-widget": "",
                                                            "widget-id": "column-10",
                                                            "widget-name": "column-10",
                                                            "is-widget-container": "true",
                                                            "justification": "flex-end"
                                                          },
                                                          "name": "twx-col",
                                                          "children": [
                                                            {
                                                              "name": "twx-container-content",
                                                              "children": [
                                                                {
                                                                  "attributes": {
                                                                    "twx-widget": "",
                                                                    "widget-id": "expandUnitLabel",
                                                                    "state-format-value": "text",
                                                                    "widget-name": "expandUnitLabel",
                                                                    "text": "%"
                                                                  },
                                                                  "name": "twx-label"
                                                                }
                                                              ]
                                                            }
                                                          ]
                                                        }
                                                      ]
                                                    }
                                                  ]
                                                },
                                                {
                                                  "attributes": {
                                                    "twx-widget": "",
                                                    "widget-id": "row-3",
                                                    "widget-name": "row-3",
                                                    "is-widget-container": "true"
                                                  },
                                                  "name": "twx-row",
                                                  "children": [
                                                    {
                                                      "name": "twx-container-content",
                                                      "children": [
                                                        {
                                                          "attributes": {
                                                            "twx-widget": "",
                                                            "widget-id": "column-3",
                                                            "widget-name": "column-3",
                                                            "is-widget-container": "true"
                                                          },
                                                          "name": "twx-col",
                                                          "children": [
                                                            {
                                                              "name": "twx-container-content",
                                                              "children": [
                                                                {
                                                                  "attributes": {
                                                                    "twx-widget": "",
                                                                    "widget-id": "rotationLabel",
                                                                    "state-format-value": "text",
                                                                    "widget-name": "rotationLabel",
                                                                    "text": "回転"
                                                                  },
                                                                  "name": "twx-label"
                                                                }
                                                              ]
                                                            }
                                                          ]
                                                        },
                                                        {
                                                          "attributes": {
                                                            "twx-widget": "",
                                                            "widget-id": "column-13",
                                                            "widget-name": "column-13",
                                                            "is-widget-container": "true"
                                                          },
                                                          "name": "twx-col",
                                                          "children": [
                                                            {
                                                              "name": "twx-container-content",
                                                              "children": [
                                                                {
                                                                  "attributes": {
                                                                    "twx-widget": "",
                                                                    "widget-id": "turnLeftButton",
                                                                    "background-color": "",
                                                                    "background-color-pressed": "",
                                                                    "widget-name": "turnLeftButton",
                                                                    "click-expression": "TurnLeft()",
                                                                    "class": "normal-button",
                                                                    "src": "Uploaded/turnLeft.png",
                                                                    "srcnotpressed": "Uploaded/turnLeft.png"
                                                                  },
                                                                  "name": "twx-toggle-button"
                                                                }
                                                              ]
                                                            }
                                                          ]
                                                        },
                                                        {
                                                          "attributes": {
                                                            "twx-widget": "",
                                                            "widget-id": "column-14",
                                                            "widget-name": "column-14",
                                                            "is-widget-container": "true"
                                                          },
                                                          "name": "twx-col",
                                                          "children": [
                                                            {
                                                              "name": "twx-container-content",
                                                              "children": [
                                                                {
                                                                  "attributes": {
                                                                    "twx-widget": "",
                                                                    "widget-id": "turnRightButton",
                                                                    "background-color": "",
                                                                    "background-color-pressed": "",
                                                                    "widget-name": "turnRightButton",
                                                                    "click-expression": "TurnRight()",
                                                                    "class": "normal-button",
                                                                    "src": "Uploaded/turnRight.png",
                                                                    "srcnotpressed": "Uploaded/turnRight.png"
                                                                  },
                                                                  "name": "twx-toggle-button"
                                                                }
                                                              ]
                                                            }
                                                          ]
                                                        }
                                                      ]
                                                    }
                                                  ]
                                                },
                                                {
                                                  "attributes": {
                                                    "twx-widget": "",
                                                    "widget-id": "row-4",
                                                    "widget-name": "row-4",
                                                    "is-widget-container": "true"
                                                  },
                                                  "name": "twx-row",
                                                  "children": [
                                                    {
                                                      "name": "twx-container-content",
                                                      "children": [
                                                        {
                                                          "attributes": {
                                                            "twx-widget": "",
                                                            "widget-id": "column-4",
                                                            "widget-name": "column-4",
                                                            "is-widget-container": "true"
                                                          },
                                                          "name": "twx-col",
                                                          "children": [
                                                            {
                                                              "name": "twx-container-content"
                                                            }
                                                          ]
                                                        },
                                                        {
                                                          "attributes": {
                                                            "twx-widget": "",
                                                            "widget-id": "column-18",
                                                            "widget-name": "column-18",
                                                            "is-widget-container": "true"
                                                          },
                                                          "name": "twx-col",
                                                          "children": [
                                                            {
                                                              "name": "twx-container-content",
                                                              "children": [
                                                                {
                                                                  "attributes": {
                                                                    "twx-widget": "",
                                                                    "widget-id": "rotationTextBox",
                                                                    "widget-name": "rotationTextBox",
                                                                    "change-expression": "RotationValueValidationCheck()",
                                                                    "class": "input-text",
                                                                    "text": "10",
                                                                    "textalign": "right",
                                                                    "placeholder": "placeholder text",
                                                                    "label": "Input Label"
                                                                  },
                                                                  "name": "twx-text-input",
                                                                  "children": [
                                                                    {
                                                                      "attributes": {
                                                                        "databind-id": "db-1690423280305",
                                                                        "source-type": "data",
                                                                        "source-name": "rotationValue",
                                                                        "source-item-type": "value",
                                                                        "source-item-name": "rotationValue",
                                                                        "binding-type": "custom_field",
                                                                        "from-expression": "app.params['rotationValue']",
                                                                        "to-property": "text"
                                                                      },
                                                                      "name": "twx-databind"
                                                                    }
                                                                  ]
                                                                }
                                                              ]
                                                            }
                                                          ]
                                                        },
                                                        {
                                                          "attributes": {
                                                            "twx-widget": "",
                                                            "widget-id": "column-19",
                                                            "widget-name": "column-19",
                                                            "is-widget-container": "true"
                                                          },
                                                          "name": "twx-col",
                                                          "children": [
                                                            {
                                                              "name": "twx-container-content",
                                                              "children": [
                                                                {
                                                                  "attributes": {
                                                                    "twx-widget": "",
                                                                    "widget-id": "rotationUnitLabel",
                                                                    "state-format-value": "text",
                                                                    "widget-name": "rotationUnitLabel",
                                                                    "text": "°"
                                                                  },
                                                                  "name": "twx-label"
                                                                }
                                                              ]
                                                            }
                                                          ]
                                                        }
                                                      ]
                                                    }
                                                  ]
                                                },
                                                {
                                                  "attributes": {
                                                    "twx-widget": "",
                                                    "widget-id": "row-5",
                                                    "widget-name": "row-5",
                                                    "is-widget-container": "true"
                                                  },
                                                  "name": "twx-row",
                                                  "children": [
                                                    {
                                                      "name": "twx-container-content",
                                                      "children": [
                                                        {
                                                          "attributes": {
                                                            "twx-widget": "",
                                                            "widget-id": "column-17",
                                                            "widget-name": "column-17",
                                                            "is-widget-container": "true"
                                                          },
                                                          "name": "twx-col",
                                                          "children": [
                                                            {
                                                              "name": "twx-container-content",
                                                              "children": [
                                                                {
                                                                  "attributes": {
                                                                    "twx-widget": "",
                                                                    "widget-id": "highLabel",
                                                                    "state-format-value": "text",
                                                                    "widget-name": "highLabel",
                                                                    "text": "高さ"
                                                                  },
                                                                  "name": "twx-label"
                                                                }
                                                              ]
                                                            }
                                                          ]
                                                        },
                                                        {
                                                          "attributes": {
                                                            "twx-widget": "",
                                                            "widget-id": "column-22",
                                                            "widget-name": "column-22",
                                                            "is-widget-container": "true"
                                                          },
                                                          "name": "twx-col",
                                                          "children": [
                                                            {
                                                              "name": "twx-container-content",
                                                              "children": [
                                                                {
                                                                  "attributes": {
                                                                    "twx-widget": "",
                                                                    "widget-id": "modelUpButton",
                                                                    "background-color": "",
                                                                    "background-color-pressed": "",
                                                                    "widget-name": "modelUpButton",
                                                                    "click-expression": "GoUp()",
                                                                    "class": "normal-button",
                                                                    "src": "Uploaded/up.png",
                                                                    "srcnotpressed": "Uploaded/up.png"
                                                                  },
                                                                  "name": "twx-toggle-button"
                                                                }
                                                              ]
                                                            }
                                                          ]
                                                        },
                                                        {
                                                          "attributes": {
                                                            "twx-widget": "",
                                                            "widget-id": "column-23",
                                                            "widget-name": "column-23",
                                                            "is-widget-container": "true"
                                                          },
                                                          "name": "twx-col",
                                                          "children": [
                                                            {
                                                              "name": "twx-container-content"
                                                            }
                                                          ]
                                                        }
                                                      ]
                                                    }
                                                  ]
                                                },
                                                {
                                                  "attributes": {
                                                    "twx-widget": "",
                                                    "widget-id": "row-7",
                                                    "widget-name": "row-7",
                                                    "is-widget-container": "true"
                                                  },
                                                  "name": "twx-row",
                                                  "children": [
                                                    {
                                                      "name": "twx-container-content",
                                                      "children": [
                                                        {
                                                          "attributes": {
                                                            "twx-widget": "",
                                                            "widget-id": "column-7",
                                                            "widget-name": "column-7",
                                                            "is-widget-container": "true"
                                                          },
                                                          "name": "twx-col",
                                                          "children": [
                                                            {
                                                              "name": "twx-container-content"
                                                            }
                                                          ]
                                                        },
                                                        {
                                                          "attributes": {
                                                            "twx-widget": "",
                                                            "widget-id": "column-15",
                                                            "widget-name": "column-15",
                                                            "is-widget-container": "true"
                                                          },
                                                          "name": "twx-col",
                                                          "children": [
                                                            {
                                                              "name": "twx-container-content",
                                                              "children": [
                                                                {
                                                                  "attributes": {
                                                                    "twx-widget": "",
                                                                    "widget-id": "modelDownButton",
                                                                    "background-color": "",
                                                                    "background-color-pressed": "",
                                                                    "widget-name": "modelDownButton",
                                                                    "click-expression": "GoDown()",
                                                                    "class": "normal-button",
                                                                    "src": "Uploaded/down.png",
                                                                    "srcnotpressed": "Uploaded/down.png"
                                                                  },
                                                                  "name": "twx-toggle-button"
                                                                }
                                                              ]
                                                            }
                                                          ]
                                                        },
                                                        {
                                                          "attributes": {
                                                            "twx-widget": "",
                                                            "widget-id": "column-16",
                                                            "widget-name": "column-16",
                                                            "is-widget-container": "true"
                                                          },
                                                          "name": "twx-col",
                                                          "children": [
                                                            {
                                                              "name": "twx-container-content"
                                                            }
                                                          ]
                                                        }
                                                      ]
                                                    }
                                                  ]
                                                },
                                                {
                                                  "attributes": {
                                                    "twx-widget": "",
                                                    "widget-id": "row-8",
                                                    "widget-name": "row-8",
                                                    "is-widget-container": "true"
                                                  },
                                                  "name": "twx-row",
                                                  "children": [
                                                    {
                                                      "name": "twx-container-content",
                                                      "children": [
                                                        {
                                                          "attributes": {
                                                            "twx-widget": "",
                                                            "widget-id": "column-8",
                                                            "widget-name": "column-8",
                                                            "is-widget-container": "true"
                                                          },
                                                          "name": "twx-col",
                                                          "children": [
                                                            {
                                                              "name": "twx-container-content",
                                                              "children": [
                                                                {
                                                                  "attributes": {
                                                                    "twx-widget": "",
                                                                    "widget-id": "panLabel",
                                                                    "state-format-value": "text",
                                                                    "widget-name": "panLabel",
                                                                    "text": "パン"
                                                                  },
                                                                  "name": "twx-label"
                                                                }
                                                              ]
                                                            }
                                                          ]
                                                        },
                                                        {
                                                          "attributes": {
                                                            "twx-widget": "",
                                                            "widget-id": "column-20",
                                                            "widget-name": "column-20",
                                                            "is-widget-container": "true"
                                                          },
                                                          "name": "twx-col",
                                                          "children": [
                                                            {
                                                              "name": "twx-container-content",
                                                              "children": [
                                                                {
                                                                  "attributes": {
                                                                    "twx-widget": "",
                                                                    "widget-id": "modelRearButton",
                                                                    "background-color": "",
                                                                    "background-color-pressed": "",
                                                                    "widget-name": "modelRearButton",
                                                                    "click-expression": "GoRear();",
                                                                    "class": "normal-button",
                                                                    "src": "Uploaded/front.png",
                                                                    "srcnotpressed": "Uploaded/front.png"
                                                                  },
                                                                  "name": "twx-toggle-button"
                                                                }
                                                              ]
                                                            }
                                                          ]
                                                        },
                                                        {
                                                          "attributes": {
                                                            "twx-widget": "",
                                                            "widget-id": "column-21",
                                                            "widget-name": "column-21",
                                                            "is-widget-container": "true"
                                                          },
                                                          "name": "twx-col",
                                                          "children": [
                                                            {
                                                              "name": "twx-container-content"
                                                            }
                                                          ]
                                                        }
                                                      ]
                                                    }
                                                  ]
                                                },
                                                {
                                                  "attributes": {
                                                    "twx-widget": "",
                                                    "widget-id": "row-9",
                                                    "widget-name": "row-9",
                                                    "is-widget-container": "true"
                                                  },
                                                  "name": "twx-row",
                                                  "children": [
                                                    {
                                                      "name": "twx-container-content",
                                                      "children": [
                                                        {
                                                          "attributes": {
                                                            "twx-widget": "",
                                                            "widget-id": "column-11",
                                                            "widget-name": "column-11",
                                                            "is-widget-container": "true"
                                                          },
                                                          "name": "twx-col",
                                                          "children": [
                                                            {
                                                              "name": "twx-container-content",
                                                              "children": [
                                                                {
                                                                  "attributes": {
                                                                    "twx-widget": "",
                                                                    "widget-id": "modelLeftButton",
                                                                    "background-color": "",
                                                                    "background-color-pressed": "",
                                                                    "widget-name": "modelLeftButton",
                                                                    "click-expression": "GoLeft()",
                                                                    "class": "normal-button",
                                                                    "src": "Uploaded/left.png",
                                                                    "srcnotpressed": "Uploaded/left.png"
                                                                  },
                                                                  "name": "twx-toggle-button"
                                                                }
                                                              ]
                                                            }
                                                          ]
                                                        },
                                                        {
                                                          "attributes": {
                                                            "twx-widget": "",
                                                            "widget-id": "column-24",
                                                            "widget-name": "column-24",
                                                            "is-widget-container": "true"
                                                          },
                                                          "name": "twx-col",
                                                          "children": [
                                                            {
                                                              "name": "twx-container-content",
                                                              "children": [
                                                                {
                                                                  "attributes": {
                                                                    "twx-widget": "",
                                                                    "widget-id": "resetButton",
                                                                    "background-color": "",
                                                                    "background-color-pressed": "",
                                                                    "widget-name": "resetButton",
                                                                    "click-expression": "ResetModel()",
                                                                    "class": "reset-button",
                                                                    "src": "Uploaded/imageReset.png",
                                                                    "srcnotpressed": "Uploaded/imageReset.png"
                                                                  },
                                                                  "name": "twx-toggle-button"
                                                                }
                                                              ]
                                                            }
                                                          ]
                                                        },
                                                        {
                                                          "attributes": {
                                                            "twx-widget": "",
                                                            "widget-id": "column-25",
                                                            "widget-name": "column-25",
                                                            "is-widget-container": "true"
                                                          },
                                                          "name": "twx-col",
                                                          "children": [
                                                            {
                                                              "name": "twx-container-content",
                                                              "children": [
                                                                {
                                                                  "attributes": {
                                                                    "twx-widget": "",
                                                                    "widget-id": "modelRightButton",
                                                                    "background-color": "",
                                                                    "background-color-pressed": "",
                                                                    "widget-name": "modelRightButton",
                                                                    "click-expression": "GoRight()",
                                                                    "class": "normal-button",
                                                                    "src": "Uploaded/right.png",
                                                                    "srcnotpressed": "Uploaded/right.png"
                                                                  },
                                                                  "name": "twx-toggle-button"
                                                                }
                                                              ]
                                                            }
                                                          ]
                                                        }
                                                      ]
                                                    }
                                                  ]
                                                },
                                                {
                                                  "attributes": {
                                                    "twx-widget": "",
                                                    "widget-id": "row-10",
                                                    "widget-name": "row-10",
                                                    "is-widget-container": "true"
                                                  },
                                                  "name": "twx-row",
                                                  "children": [
                                                    {
                                                      "name": "twx-container-content",
                                                      "children": [
                                                        {
                                                          "attributes": {
                                                            "twx-widget": "",
                                                            "widget-id": "column-12",
                                                            "widget-name": "column-12",
                                                            "is-widget-container": "true"
                                                          },
                                                          "name": "twx-col",
                                                          "children": [
                                                            {
                                                              "name": "twx-container-content"
                                                            }
                                                          ]
                                                        },
                                                        {
                                                          "attributes": {
                                                            "twx-widget": "",
                                                            "widget-id": "column-29",
                                                            "widget-name": "column-29",
                                                            "is-widget-container": "true"
                                                          },
                                                          "name": "twx-col",
                                                          "children": [
                                                            {
                                                              "name": "twx-container-content",
                                                              "children": [
                                                                {
                                                                  "attributes": {
                                                                    "twx-widget": "",
                                                                    "widget-id": "modelFrontButton",
                                                                    "background-color": "",
                                                                    "background-color-pressed": "",
                                                                    "widget-name": "modelFrontButton",
                                                                    "click-expression": "GoFront();",
                                                                    "class": "normal-button",
                                                                    "src": "Uploaded/rear.png",
                                                                    "srcnotpressed": "Uploaded/rear.png"
                                                                  },
                                                                  "name": "twx-toggle-button"
                                                                }
                                                              ]
                                                            }
                                                          ]
                                                        },
                                                        {
                                                          "attributes": {
                                                            "twx-widget": "",
                                                            "widget-id": "column-30",
                                                            "widget-name": "column-30",
                                                            "is-widget-container": "true"
                                                          },
                                                          "name": "twx-col",
                                                          "children": [
                                                            {
                                                              "name": "twx-container-content"
                                                            }
                                                          ]
                                                        }
                                                      ]
                                                    }
                                                  ]
                                                },
                                                {
                                                  "attributes": {
                                                    "twx-widget": "",
                                                    "widget-id": "row-11",
                                                    "widget-name": "row-11",
                                                    "is-widget-container": "true"
                                                  },
                                                  "name": "twx-row",
                                                  "children": [
                                                    {
                                                      "name": "twx-container-content",
                                                      "children": [
                                                        {
                                                          "attributes": {
                                                            "twx-widget": "",
                                                            "widget-id": "column-31",
                                                            "widget-name": "column-31",
                                                            "is-widget-container": "true"
                                                          },
                                                          "name": "twx-col",
                                                          "children": [
                                                            {
                                                              "name": "twx-container-content"
                                                            }
                                                          ]
                                                        },
                                                        {
                                                          "attributes": {
                                                            "twx-widget": "",
                                                            "widget-id": "column-32",
                                                            "widget-name": "column-32",
                                                            "is-widget-container": "true"
                                                          },
                                                          "name": "twx-col",
                                                          "children": [
                                                            {
                                                              "name": "twx-container-content",
                                                              "children": [
                                                                {
                                                                  "attributes": {
                                                                    "twx-widget": "",
                                                                    "widget-id": "moveTextBox",
                                                                    "widget-name": "moveTextBox",
                                                                    "change-expression": "MoveValueValidationCheck()",
                                                                    "class": "input-text",
                                                                    "text": "100",
                                                                    "textalign": "right",
                                                                    "placeholder": "placeholder text",
                                                                    "label": "Input Label"
                                                                  },
                                                                  "name": "twx-text-input",
                                                                  "children": [
                                                                    {
                                                                      "attributes": {
                                                                        "databind-id": "db-1690423335039",
                                                                        "source-type": "data",
                                                                        "source-name": "moveValue",
                                                                        "source-item-type": "value",
                                                                        "source-item-name": "moveValue",
                                                                        "binding-type": "custom_field",
                                                                        "from-expression": "app.params['moveValue']",
                                                                        "to-property": "text"
                                                                      },
                                                                      "name": "twx-databind"
                                                                    }
                                                                  ]
                                                                }
                                                              ]
                                                            }
                                                          ]
                                                        },
                                                        {
                                                          "attributes": {
                                                            "twx-widget": "",
                                                            "widget-id": "column-33",
                                                            "widget-name": "column-33",
                                                            "is-widget-container": "true",
                                                            "justification": "flex-end"
                                                          },
                                                          "name": "twx-col",
                                                          "children": [
                                                            {
                                                              "name": "twx-container-content",
                                                              "children": [
                                                                {
                                                                  "attributes": {
                                                                    "twx-widget": "",
                                                                    "widget-id": "moveUnitLabel",
                                                                    "state-format-value": "text",
                                                                    "widget-name": "moveUnitLabel",
                                                                    "text": "mm"
                                                                  },
                                                                  "name": "twx-label"
                                                                }
                                                              ]
                                                            }
                                                          ]
                                                        }
                                                      ]
                                                    }
                                                  ]
                                                },
                                                {
                                                  "attributes": {
                                                    "twx-widget": "",
                                                    "widget-id": "row-12",
                                                    "widget-name": "row-12",
                                                    "is-widget-container": "true"
                                                  },
                                                  "name": "twx-row",
                                                  "children": [
                                                    {
                                                      "name": "twx-container-content",
                                                      "children": [
                                                        {
                                                          "attributes": {
                                                            "twx-widget": "",
                                                            "widget-id": "column-34",
                                                            "widget-name": "column-34",
                                                            "is-widget-container": "true"
                                                          },
                                                          "name": "twx-col",
                                                          "children": [
                                                            {
                                                              "name": "twx-container-content",
                                                              "children": [
                                                                {
                                                                  "attributes": {
                                                                    "twx-widget": "",
                                                                    "widget-id": "toggleSlowPlay",
                                                                    "widget-name": "toggleSlowPlay",
                                                                    "click-expression": "ChangeFigure();",
                                                                    "class": "normal-toggle",
                                                                    "label": "スロー再生"
                                                                  },
                                                                  "name": "twx-toggle"
                                                                }
                                                              ]
                                                            }
                                                          ]
                                                        }
                                                      ]
                                                    }
                                                  ]
                                                }
                                              ]
                                            }
                                          ]
                                        }
                                      ]
                                    }
                                  ]
                                }
                              ]
                            }
                          ]
                        },
                        {
                          "attributes": {
                            "twx-widget": "",
                            "widget-id": "panel-4",
                            "widget-name": "右パネル",
                            "is-widget-container": "true",
                            "position": "right"
                          },
                          "name": "twx-overlay-container",
                          "children": [
                            {
                              "name": "twx-container-content"
                            }
                          ]
                        }
                      ]
                    }
                  ]
                },
                {
                  "attributes": {
                    "twx-widget": "",
                    "widget-id": "panel-5",
                    "widget-name": "下部パネル",
                    "is-widget-container": "true",
                    "position": "bottom"
                  },
                  "name": "twx-overlay-container",
                  "children": [
                    {
                      "name": "twx-container-content",
                      "children": [
                        {
                          "attributes": {
                            "twx-widget": "",
                            "widget-id": "gridLayout-2",
                            "widget-name": "gridLayout-2",
                            "is-widget-container": "true"
                          },
                          "name": "twx-gridlayout",
                          "children": [
                            {
                              "name": "twx-container-content",
                              "children": [
                                {
                                  "attributes": {
                                    "twx-widget": "",
                                    "widget-id": "row-6",
                                    "widget-name": "row-6",
                                    "is-widget-container": "true"
                                  },
                                  "name": "twx-row",
                                  "children": [
                                    {
                                      "name": "twx-container-content",
                                      "children": [
                                        {
                                          "attributes": {
                                            "twx-widget": "",
                                            "widget-id": "column-26",
                                            "widget-name": "column-26",
                                            "is-widget-container": "true"
                                          },
                                          "name": "twx-col",
                                          "children": [
                                            {
                                              "name": "twx-container-content",
                                              "children": [
                                                {
                                                  "attributes": {
                                                    "twx-widget": "",
                                                    "widget-id": "rewindButton",
                                                    "background-color": "",
                                                    "background-color-pressed": "",
                                                    "widget-name": "rewindButton",
                                                    "click-expression": "Stop();",
                                                    "src": "Default/vu_seq_pause.svg",
                                                    "srcnotpressed": "Default/vu_seq_pause.svg"
                                                  },
                                                  "name": "twx-toggle-button"
                                                }
                                              ]
                                            }
                                          ]
                                        },
                                        {
                                          "attributes": {
                                            "twx-widget": "",
                                            "widget-id": "column-27",
                                            "widget-name": "column-27",
                                            "is-widget-container": "true"
                                          },
                                          "name": "twx-col",
                                          "children": [
                                            {
                                              "name": "twx-container-content",
                                              "children": [
                                                {
                                                  "attributes": {
                                                    "twx-widget": "",
                                                    "widget-id": "playButton",
                                                    "background-color": "",
                                                    "background-color-pressed": "",
                                                    "widget-name": "playButton",
                                                    "click-expression": "Play();",
                                                    "src": "Default/vu_seq_play.svg",
                                                    "srcnotpressed": "Default/vu_seq_play.svg"
                                                  },
                                                  "name": "twx-toggle-button"
                                                }
                                              ]
                                            }
                                          ]
                                        },
                                        {
                                          "attributes": {
                                            "twx-widget": "",
                                            "widget-id": "column-28",
                                            "widget-name": "column-28",
                                            "is-widget-container": "true"
                                          },
                                          "name": "twx-col",
                                          "children": [
                                            {
                                              "name": "twx-container-content",
                                              "children": [
                                                {
                                                  "attributes": {
                                                    "twx-widget": "",
                                                    "widget-id": "toggleMenuButton",
                                                    "background-color": "",
                                                    "background-color-pressed": "#c2c2c2",
                                                    "widget-name": "toggleMenuButton",
                                                    "click-expression": "ToggleDialog()",
                                                    "src": "Uploaded/menu.png",
                                                    "srcnotpressed": "Uploaded/menu.png"
                                                  },
                                                  "name": "twx-toggle-button"
                                                }
                                              ]
                                            }
                                          ]
                                        }
                                      ]
                                    }
                                  ]
                                }
                              ]
                            }
                          ]
                        }
                      ]
                    }
                  ]
                }
              ]
            }
          ]
        }
      ]
    },
    {
      "name": "twx-view-data"
    }
  ],
  "name": "twx-view"
}
