{
  "name": "",
  "version": "1.0.0",
  "requires": [
    "w320dp"
  ],
  "experiences": [
    {
      "vumark": "",
      "experienceType": "none",
      "id": 1,
      "index-keys": [],
      "title": {
        "en": "UDT_Valve_Sub_AR"
      },
      "description": {
        "en": "",
        "en-US": ""
      },
      "requires": [
        "AR-tracking"
      ],
      "tags": [],
      "icon": "",
      "viewName": "Home",
      "url-template": "index.html?expId=1",
      "entryPoint": "index.html?expId=1",
      "thumbnail": "",
      "thingTemplateName": ""
    }
  ],
  "widgetsUsage": [
    {
      "timestamp": "2023-03-18T08:02:47.103Z",
      "action": "LATEST_SAVE",
      "usage": {
        "twx-view": 2,
        "twx-dt-view": 2,
        "twx-dt-model": 2,
        "twx-dt-wayfinder": 1,
        "twx-dt-label": 1,
        "twx-dt-image": 2,
        "twx-dt-target-model-combined": 1,
        "twx-overlay": 2,
        "twx-overlay-container": 6,
        "twx-overlay-body": 2,
        "twx-label": 2,
        "twx-gridlayout": 1,
        "twx-row": 1,
        "twx-col": 4,
        "twx-image2": 8,
        "twx-range": 1,
        "twx-toggle": 1,
        "twx-popup": 1
      }
    }
  ],
  "accessType": "private",
  "designedfor": []
}
