{
  "attributes": {
    "twx-widget": "",
    "widget-id": "view-1",
    "widget-name": "view-1",
    "is-widget-container": "true",
    "viewtype": "ar"
  },
  "children": [
    {
      "name": "twx-container-content",
      "children": [
        {
          "attributes": {
            "twx-widget": "",
            "widget-id": "3DContainer-1",
            "widget-name": "3D コンテナ",
            "is-widget-container": "true"
          },
          "name": "twx-dt-view",
          "children": [
            {
              "name": "twx-container-content",
              "children": [
                {
                  "attributes": {
                    "twx-widget": "",
                    "widget-id": "ProdModel",
                    "widget-name": "ProdModel",
                    "is-widget-container": "true",
                    "src": "Uploaded/Nespresso.pvz",
                    "scale": "1.0000",
                    "x": "0.0000",
                    "y": "0.1",
                    "z": "0.0000",
                    "rx": "0.00",
                    "ry": "0.00",
                    "rz": "0.00",
                    "sequence": "Uploaded/l-Creo 3D - Figure 1.pvi"
                  },
                  "name": "twx-dt-model",
                  "children": [
                    {
                      "name": "twx-container-content",
                      "children": [
                        {
                          "attributes": {
                            "twx-widget": "",
                            "widget-id": "sidePanel",
                            "widget-name": "sidePanel",
                            "is-widget-container": "true",
                            "model": "ProdModel",
                            "idpath": "/0/3",
                            "scale": "1.0000",
                            "x": "0.0000",
                            "y": "0.0000",
                            "z": "0.0000",
                            "rx": "180.00",
                            "ry": "0.00",
                            "rz": "180.00"
                          },
                          "name": "twx-dt-modelitem",
                          "children": [
                            {
                              "name": "twx-container-content"
                            }
                          ]
                        }
                      ]
                    }
                  ]
                },
                {
                  "attributes": {
                    "twx-widget": "",
                    "widget-id": "3DGauge-1",
                    "state-format-value": "text",
                    "widget-name": "3DGauge-1",
                    "is-widget-container": "true",
                    "text": "1234",
                    "src": "Default/vu_gauge1.svg",
                    "fontsize": "40px",
                    "textattrs": "fill:rgba(255, 255, 255, 1);textbaseline:middle;textalign:center",
                    "textx": "64",
                    "texty": "94",
                    "x": "-0.3575",
                    "y": "0.0000",
                    "z": "-0.0208",
                    "rx": "-90.00",
                    "ry": "-0.00",
                    "rz": "-0.00",
                    "canvasheight": "128",
                    "canvaswidth": "128",
                    "billboard": "true",
                    "decal": "true"
                  },
                  "name": "twx-dt-sensor",
                  "children": [
                    {
                      "attributes": {
                        "databind-id": "db-1677496214379",
                        "source-type": "data",
                        "source-name": "colorTest",
                        "source-item-type": "value",
                        "source-item-name": "colorTest",
                        "binding-type": "custom_field",
                        "from-expression": "app.params['colorTest']",
                        "to-property": "textattrs"
                      },
                      "name": "twx-databind",
                      "children": [
                        {
                          "attributes": {
                            "filter-id": "df-1677496423106",
                            "filter-name": "testco",
                            "filter-body": "return (value > 5) ? \"fill:rgba(255,0,0, 1);textbaseline:middle;textalign:center\" : \"fill:rgba(0,255,0, 1);textbaseline:middle;textalign:center\";"
                          },
                          "name": "twx-data-filter"
                        }
                      ]
                    },
                    {
                      "name": "twx-container-content"
                    }
                  ]
                }
              ]
            }
          ]
        },
        {
          "attributes": {
            "twx-widget": "",
            "widget-id": "2DOverlay-1",
            "widget-name": "2D オーバーレイ",
            "is-widget-container": "true"
          },
          "name": "twx-overlay",
          "children": [
            {
              "name": "twx-container-content",
              "children": [
                {
                  "attributes": {
                    "twx-widget": "",
                    "widget-id": "panel-1",
                    "widget-name": "上部パネル",
                    "is-widget-container": "true",
                    "position": "top"
                  },
                  "name": "twx-overlay-container",
                  "children": [
                    {
                      "name": "twx-container-content",
                      "children": [
                        {
                          "attributes": {
                            "twx-widget": "",
                            "widget-id": "hyperlink-1",
                            "widget-name": "hyperlink-1",
                            "text": "Hyperlink Text",
                            "url": "thingworxview://ptc.com/command/view-experience?url=http://192.168.1.45:2019/ExperienceService/content/projects/paramtest/index.html?bbb=111&aaa=123&expIndex=0#/Home"
                          },
                          "name": "twx-hyperlink"
                        }
                      ]
                    }
                  ]
                },
                {
                  "attributes": {
                    "twx-widget": "",
                    "widget-id": "2DOverlayBody-1",
                    "widget-name": "2D ボディ",
                    "is-widget-container": "true"
                  },
                  "name": "twx-overlay-body",
                  "children": [
                    {
                      "name": "twx-container-content",
                      "children": [
                        {
                          "attributes": {
                            "twx-widget": "",
                            "widget-id": "panel-2",
                            "widget-name": "左パネル",
                            "is-widget-container": "true",
                            "position": "left"
                          },
                          "name": "twx-overlay-container",
                          "children": [
                            {
                              "name": "twx-container-content"
                            }
                          ]
                        },
                        {
                          "attributes": {
                            "twx-widget": "",
                            "widget-id": "panel-3",
                            "widget-name": "中央パネル",
                            "is-widget-container": "true",
                            "position": "center"
                          },
                          "name": "twx-overlay-container",
                          "children": [
                            {
                              "name": "twx-container-content",
                              "children": [
                                {
                                  "attributes": {
                                    "twx-widget": "",
                                    "widget-id": "gridLayout-1",
                                    "widget-name": "gridLayout-1",
                                    "is-widget-container": "true"
                                  },
                                  "name": "twx-gridlayout",
                                  "children": [
                                    {
                                      "name": "twx-container-content",
                                      "children": [
                                        {
                                          "attributes": {
                                            "twx-widget": "",
                                            "widget-id": "row-1",
                                            "widget-name": "row-1",
                                            "is-widget-container": "true"
                                          },
                                          "name": "twx-row",
                                          "children": [
                                            {
                                              "name": "twx-container-content",
                                              "children": [
                                                {
                                                  "attributes": {
                                                    "twx-widget": "",
                                                    "widget-id": "column-1",
                                                    "widget-name": "column-1",
                                                    "is-widget-container": "true",
                                                    "justification": "center",
                                                    "alignment": "center"
                                                  },
                                                  "name": "twx-col",
                                                  "children": [
                                                    {
                                                      "name": "twx-container-content",
                                                      "children": [
                                                        {
                                                          "attributes": {
                                                            "twx-widget": "",
                                                            "widget-id": "label-3",
                                                            "state-format-value": "text",
                                                            "widget-name": "label-3",
                                                            "text": "NesPresso Machine Service",
                                                            "class": "large-label1"
                                                          },
                                                          "name": "twx-label"
                                                        }
                                                      ]
                                                    }
                                                  ]
                                                }
                                              ]
                                            }
                                          ]
                                        }
                                      ]
                                    }
                                  ]
                                },
                                {
                                  "attributes": {
                                    "twx-widget": "",
                                    "widget-id": "scan-1",
                                    "widget-name": "scan-1",
                                    "valueacquired-expression": "testScan();",
                                    "text": "Point camera at code"
                                  },
                                  "name": "twx-barcode-scanner"
                                }
                              ]
                            }
                          ]
                        },
                        {
                          "attributes": {
                            "twx-widget": "",
                            "widget-id": "panel-4",
                            "widget-name": "右パネル",
                            "is-widget-container": "true",
                            "position": "right"
                          },
                          "name": "twx-overlay-container",
                          "children": [
                            {
                              "name": "twx-container-content",
                              "children": [
                                {
                                  "attributes": {
                                    "twx-widget": "",
                                    "widget-id": "button-1",
                                    "widget-name": "button-1",
                                    "click-expression": "loadDeeplinkedExperience();",
                                    "text": "Button"
                                  },
                                  "name": "twx-button"
                                }
                              ]
                            }
                          ]
                        }
                      ]
                    }
                  ]
                },
                {
                  "attributes": {
                    "twx-widget": "",
                    "widget-id": "panel-5",
                    "widget-name": "下部パネル",
                    "is-widget-container": "true",
                    "position": "bottom"
                  },
                  "name": "twx-overlay-container",
                  "children": [
                    {
                      "name": "twx-container-content",
                      "children": [
                        {
                          "attributes": {
                            "twx-widget": "",
                            "widget-id": "gridLayout-2",
                            "widget-name": "gridLayout-2",
                            "is-widget-container": "true"
                          },
                          "name": "twx-gridlayout",
                          "children": [
                            {
                              "name": "twx-container-content",
                              "children": [
                                {
                                  "attributes": {
                                    "twx-widget": "",
                                    "widget-id": "row-2",
                                    "widget-name": "row-2",
                                    "is-widget-container": "true"
                                  },
                                  "name": "twx-row",
                                  "children": [
                                    {
                                      "name": "twx-container-content",
                                      "children": [
                                        {
                                          "attributes": {
                                            "twx-widget": "",
                                            "widget-id": "column-2",
                                            "widget-name": "column-2",
                                            "is-widget-container": "true"
                                          },
                                          "name": "twx-col",
                                          "children": [
                                            {
                                              "name": "twx-container-content",
                                              "children": [
                                                {
                                                  "attributes": {
                                                    "twx-widget": "",
                                                    "widget-id": "label-4",
                                                    "state-format-value": "text",
                                                    "widget-name": "label-4",
                                                    "text": "Label"
                                                  },
                                                  "name": "twx-label",
                                                  "children": [
                                                    {
                                                      "attributes": {
                                                        "databind-id": "db-1677572903001",
                                                        "source-type": "ui",
                                                        "source-label": "Scan",
                                                        "source-name": "scan-1",
                                                        "source-item-type": "property",
                                                        "source-item-name": "scannedValue",
                                                        "binding-type": "widget_property",
                                                        "from-expression": "app.view['ホーム'].wdg['scan-1']['scannedValue']",
                                                        "to-property": "text"
                                                      },
                                                      "name": "twx-databind"
                                                    }
                                                  ]
                                                }
                                              ]
                                            }
                                          ]
                                        },
                                        {
                                          "attributes": {
                                            "twx-widget": "",
                                            "widget-id": "column-5",
                                            "widget-name": "column-5",
                                            "is-widget-container": "true",
                                            "justification": "center",
                                            "alignment": "center"
                                          },
                                          "name": "twx-col",
                                          "children": [
                                            {
                                              "name": "twx-container-content",
                                              "children": [
                                                {
                                                  "attributes": {
                                                    "twx-widget": "",
                                                    "widget-id": "image-1",
                                                    "image-align": "center",
                                                    "widget-name": "image-1",
                                                    "imgsrc": "Default/vu_seq_play.svg",
                                                    "width": "60px"
                                                  },
                                                  "name": "twx-image2",
                                                  "children": [
                                                    {
                                                      "attributes": {
                                                        "eventbind-id": "eb-1652843220370",
                                                        "source-type": "widget",
                                                        "source-label": "イメージ",
                                                        "source-name": "image-1",
                                                        "source-event": "click",
                                                        "handler-type": "ui",
                                                        "handler-name": "ProdModel",
                                                        "handler-service": "playAll",
                                                        "handler-path": "app.view[\"ホーム\"].wdg[\"ProdModel\"].svc.playAll"
                                                      },
                                                      "name": "twx-eventbind"
                                                    },
                                                    {
                                                      "attributes": {
                                                        "eventbind-id": "eb-1677573313592",
                                                        "source-type": "widget",
                                                        "source-label": "Image",
                                                        "source-name": "image-1",
                                                        "source-event": "click",
                                                        "handler-type": "ui",
                                                        "handler-name": "scan-1",
                                                        "handler-service": "startScan",
                                                        "handler-path": "app.view[\"ホーム\"].wdg[\"scan-1\"].svc.startScan"
                                                      },
                                                      "name": "twx-eventbind"
                                                    }
                                                  ]
                                                }
                                              ]
                                            }
                                          ]
                                        },
                                        {
                                          "attributes": {
                                            "twx-widget": "",
                                            "widget-id": "column-6",
                                            "widget-name": "column-6",
                                            "is-widget-container": "true",
                                            "flexdirection": "row",
                                            "justification": "center",
                                            "alignment": "center"
                                          },
                                          "name": "twx-col",
                                          "children": [
                                            {
                                              "name": "twx-container-content",
                                              "children": [
                                                {
                                                  "attributes": {
                                                    "twx-widget": "",
                                                    "widget-id": "label-1",
                                                    "state-format-value": "text",
                                                    "widget-name": "label-1",
                                                    "text": "現在のステップ",
                                                    "class": "large-label",
                                                    "padding": "1px 5px"
                                                  },
                                                  "name": "twx-label"
                                                },
                                                {
                                                  "attributes": {
                                                    "twx-widget": "",
                                                    "widget-id": "label-2",
                                                    "state-format-value": "text",
                                                    "widget-name": "label-2",
                                                    "text": "ラベル",
                                                    "class": "large-label",
                                                    "padding": "1px"
                                                  },
                                                  "name": "twx-label",
                                                  "children": [
                                                    {
                                                      "attributes": {
                                                        "databind-id": "db-1652839396718",
                                                        "source-type": "ui",
                                                        "source-label": "モデル",
                                                        "source-name": "ProdModel",
                                                        "source-item-type": "property",
                                                        "source-item-name": "currentStep",
                                                        "binding-type": "widget_property",
                                                        "from-expression": "app.view[\"ホーム\"].wdg['ProdModel']['currentStep']",
                                                        "to-property": "text"
                                                      },
                                                      "name": "twx-databind"
                                                    }
                                                  ]
                                                }
                                              ]
                                            }
                                          ]
                                        }
                                      ]
                                    }
                                  ]
                                }
                              ]
                            }
                          ]
                        }
                      ]
                    }
                  ]
                }
              ]
            }
          ]
        }
      ]
    },
    {
      "name": "twx-fragment-parameters"
    },
    {
      "name": "twx-view-data"
    }
  ],
  "name": "twx-view"
}
