{
  "name": "NGK_ARKit-Menu",
  "projectType": "AR",
  "viewType": "ar",
  "fileName": "NGK_ARKit-Menu",
  "thingworxServer": "http://192.168.1.45:2019",
  "viewTemplateFileName": "home-ar.json",
  "state": {
    "orientation": "landscape"
  },
  "targets": {
    "phone": {
      "components": [
        {
          "name": "Home",
          "fileName": "Home",
          "showInMainMenu": true,
          "viewType": "ar",
          "title": "Home"
        },
        {
          "name": "Step1",
          "fileName": "Step1",
          "showInMainMenu": true,
          "viewType": "ar",
          "title": "Step1"
        },
        {
          "name": "Step2",
          "fileName": "Step2",
          "showInMainMenu": true,
          "viewType": "ar",
          "title": "Step2"
        },
        {
          "name": "Step3",
          "fileName": "Step3",
          "showInMainMenu": true,
          "viewType": "ar",
          "title": "Step3"
        },
        {
          "name": "Step4",
          "fileName": "Step4",
          "showInMainMenu": true,
          "viewType": "ar",
          "title": "Step4"
        },
        {
          "name": "Result",
          "fileName": "Result",
          "showInMainMenu": true,
          "viewType": "ar",
          "title": "Result"
        }
      ],
      "images": []
    },
    "shared": {
      "components": [
        {
          "name": "Data",
          "fileName": "Data"
        }
      ],
      "images": [],
      "fragments": [],
      "styles": [
        {
          "name": "App",
          "fileName": "App",
          "fileExt": "scss"
        }
      ]
    }
  },
  "device": {
    "name": "ipad",
    "width": "1024",
    "height": "768"
  },
  "mainNavigationMenuStyle": "leftSideMenu",
  "resourceDirectory": "src/phone/resources",
  "resourceRuntimeDir": "app/resources",
  "fontRuntimeDir": "../fonts",
  "fontDesigntimeDir": "../dist/fonts",
  "theme": "twx-light",
  "version": "1.80.2338",
  "allowSelfSignedCerts": true
}
