{
  "attributes": {
    "twx-widget": "",
    "widget-id": "view-1",
    "widget-name": "view-1",
    "is-widget-container": "true",
    "viewtype": "ar"
  },
  "children": [
    {
      "name": "twx-container-content",
      "children": [
        {
          "attributes": {
            "twx-widget": "",
            "widget-id": "3DContainer-1",
            "widget-name": "3D コンテナ",
            "is-widget-container": "true"
          },
          "name": "twx-dt-view",
          "children": [
            {
              "name": "twx-container-content",
              "children": [
                {
                  "attributes": {
                    "twx-widget": "",
                    "widget-id": "timeSeriesChart-1",
                    "label-field": "timestamp",
                    "values-fields": "Simulation_の例_関数_Ramp2,Simulation_の例_関数_Ramp3,Simulation_の例_関数_Ramp4,Simulation_の例_関数_Ramp5",
                    "show-lines": "true",
                    "line-tensions": "",
                    "widget-name": "timeSeriesChart-1",
                    "colors": "red,blue,orange,white,green",
                    "scale": "0.5",
                    "canvasheight": "1000",
                    "canvaswidth": "1000"
                  },
                  "name": "twx-3d-time-series-chart",
                  "children": [
                    {
                      "attributes": {
                        "databind-id": "db-1676965935687",
                        "source-type": "data",
                        "source-name": "KepwareVS.TH",
                        "source-item-type": "service",
                        "source-item-name": "GetChartData",
                        "binding-type": "collection",
                        "from-expression": "app.mdl['KepwareVS.TH'].svc['GetChartData'].data",
                        "to-property": "data"
                      },
                      "name": "twx-databind"
                    }
                  ]
                }
              ]
            }
          ]
        }
      ]
    },
    {
      "name": "twx-fragment-parameters"
    },
    {
      "name": "twx-view-data"
    }
  ],
  "name": "twx-view"
}
