{
  "attributes": {
    "namespace": "app.mdl"
  },
  "children": [
    {
      "attributes": {
        "id": "vumark",
        "isbound": "false",
        "isdeletable": "false",
        "name": "ThingMark",
        "value": ""
      },
      "name": "twx-app-param"
    },
    {
      "attributes": {
        "id": "template",
        "isbound": "false",
        "isdeletable": "false",
        "name": "Thing Template",
        "value": ""
      },
      "name": "twx-app-param"
    },
    {
      "attributes": {
        "id": "thing",
        "isbound": "false",
        "isdeletable": "false",
        "name": "Thing",
        "value": ""
      },
      "name": "twx-app-param"
    },
    {
      "attributes": {
        "id": "colorTest",
        "isbound": "false",
        "isdeletable": "true",
        "name": "colorTest",
        "value": "2"
      },
      "name": "twx-app-param"
    }
  ],
  "name": "twx-app-mdl"
}
