{
  "name": "",
  "version": "1.0.0",
  "requires": [
    "w320dp"
  ],
  "experiences": [
    {
      "vumark": "",
      "experienceType": "none",
      "id": 1,
      "index-keys": [],
      "title": {
        "en": "NesPresso"
      },
      "description": {
        "en": "",
        "en-US": ""
      },
      "requires": [
        "AR-tracking"
      ],
      "tags": [],
      "icon": "",
      "viewName": "ホーム",
      "url-template": "index.html?expId=1",
      "entryPoint": "index.html?expId=1",
      "thumbnail": "",
      "thingTemplateName": ""
    }
  ],
  "widgetsUsage": [
    {
      "timestamp": "2023-03-20T01:34:47.520Z",
      "action": "PUBLISH",
      "usage": {
        "twx-view": 2,
        "twx-dt-view": 2,
        "twx-dt-model": 1,
        "twx-dt-modelitem": 1,
        "twx-dt-sensor": 1,
        "twx-overlay": 2,
        "twx-overlay-container": 10,
        "twx-overlay-body": 2,
        "twx-gridlayout": 2,
        "twx-row": 2,
        "twx-col": 4,
        "twx-label": 4,
        "twx-barcode-scanner": 1,
        "twx-image2": 1
      }
    },
    {
      "timestamp": "2023-03-20T01:35:06.293Z",
      "action": "PUBLISH",
      "usage": {
        "twx-view": 2,
        "twx-dt-view": 2,
        "twx-dt-model": 1,
        "twx-dt-modelitem": 1,
        "twx-dt-sensor": 1,
        "twx-overlay": 2,
        "twx-overlay-container": 10,
        "twx-overlay-body": 2,
        "twx-gridlayout": 2,
        "twx-row": 2,
        "twx-col": 4,
        "twx-label": 4,
        "twx-barcode-scanner": 1,
        "twx-image2": 1
      }
    },
    {
      "timestamp": "2023-03-20T01:37:46.904Z",
      "action": "PUBLISH",
      "usage": {
        "twx-view": 2,
        "twx-dt-view": 2,
        "twx-dt-model": 1,
        "twx-dt-modelitem": 1,
        "twx-dt-sensor": 1,
        "twx-overlay": 2,
        "twx-overlay-container": 10,
        "twx-hyperlink": 1,
        "twx-overlay-body": 2,
        "twx-gridlayout": 2,
        "twx-row": 2,
        "twx-col": 4,
        "twx-label": 4,
        "twx-barcode-scanner": 1,
        "twx-image2": 1
      }
    },
    {
      "timestamp": "2023-03-20T01:42:40.632Z",
      "action": "PUBLISH",
      "usage": {
        "twx-view": 2,
        "twx-dt-view": 2,
        "twx-dt-model": 1,
        "twx-dt-modelitem": 1,
        "twx-dt-sensor": 1,
        "twx-overlay": 2,
        "twx-overlay-container": 10,
        "twx-hyperlink": 1,
        "twx-overlay-body": 2,
        "twx-gridlayout": 2,
        "twx-row": 2,
        "twx-col": 4,
        "twx-label": 4,
        "twx-barcode-scanner": 1,
        "twx-image2": 1
      }
    },
    {
      "timestamp": "2023-03-20T01:45:35.852Z",
      "action": "PUBLISH",
      "usage": {
        "twx-view": 2,
        "twx-dt-view": 2,
        "twx-dt-model": 1,
        "twx-dt-modelitem": 1,
        "twx-dt-sensor": 1,
        "twx-overlay": 2,
        "twx-overlay-container": 10,
        "twx-hyperlink": 1,
        "twx-overlay-body": 2,
        "twx-gridlayout": 2,
        "twx-row": 2,
        "twx-col": 4,
        "twx-label": 4,
        "twx-barcode-scanner": 1,
        "twx-image2": 1
      }
    },
    {
      "timestamp": "2023-03-20T01:50:28.958Z",
      "action": "PUBLISH",
      "usage": {
        "twx-view": 2,
        "twx-dt-view": 2,
        "twx-dt-model": 1,
        "twx-dt-modelitem": 1,
        "twx-dt-sensor": 1,
        "twx-overlay": 2,
        "twx-overlay-container": 10,
        "twx-hyperlink": 2,
        "twx-overlay-body": 2,
        "twx-gridlayout": 2,
        "twx-row": 2,
        "twx-col": 4,
        "twx-label": 4,
        "twx-barcode-scanner": 1,
        "twx-image2": 1
      }
    },
    {
      "timestamp": "2023-03-20T01:51:37.208Z",
      "action": "PUBLISH",
      "usage": {
        "twx-view": 2,
        "twx-dt-view": 2,
        "twx-dt-model": 1,
        "twx-dt-modelitem": 1,
        "twx-dt-sensor": 1,
        "twx-overlay": 2,
        "twx-overlay-container": 10,
        "twx-hyperlink": 2,
        "twx-overlay-body": 2,
        "twx-gridlayout": 2,
        "twx-row": 2,
        "twx-col": 4,
        "twx-label": 5,
        "twx-barcode-scanner": 1,
        "twx-image2": 1,
        "twx-dt-target-spatial": 1
      }
    },
    {
      "timestamp": "2023-03-20T02:00:25.173Z",
      "action": "PUBLISH",
      "usage": {
        "twx-view": 2,
        "twx-dt-view": 2,
        "twx-dt-model": 1,
        "twx-dt-modelitem": 1,
        "twx-dt-sensor": 1,
        "twx-overlay": 2,
        "twx-overlay-container": 10,
        "twx-hyperlink": 1,
        "twx-overlay-body": 2,
        "twx-gridlayout": 2,
        "twx-row": 2,
        "twx-col": 4,
        "twx-label": 5,
        "twx-barcode-scanner": 1,
        "twx-button": 1,
        "twx-image2": 1,
        "twx-dt-target-spatial": 1
      }
    },
    {
      "timestamp": "2023-03-20T02:01:58.235Z",
      "action": "PUBLISH",
      "usage": {
        "twx-view": 2,
        "twx-dt-view": 2,
        "twx-dt-model": 1,
        "twx-dt-modelitem": 1,
        "twx-dt-sensor": 1,
        "twx-overlay": 2,
        "twx-overlay-container": 10,
        "twx-hyperlink": 1,
        "twx-overlay-body": 2,
        "twx-gridlayout": 2,
        "twx-row": 2,
        "twx-col": 4,
        "twx-label": 5,
        "twx-barcode-scanner": 1,
        "twx-button": 1,
        "twx-image2": 1,
        "twx-dt-target-spatial": 1
      }
    },
    {
      "timestamp": "2023-03-23T06:33:51.097Z",
      "action": "PUBLISH",
      "usage": {
        "twx-view": 2,
        "twx-dt-view": 2,
        "twx-dt-model": 1,
        "twx-dt-modelitem": 1,
        "twx-dt-sensor": 1,
        "twx-overlay": 2,
        "twx-overlay-container": 10,
        "twx-hyperlink": 1,
        "twx-overlay-body": 2,
        "twx-gridlayout": 2,
        "twx-row": 2,
        "twx-col": 4,
        "twx-label": 5,
        "twx-barcode-scanner": 1,
        "twx-button": 1,
        "twx-image2": 1,
        "twx-dt-target-spatial": 1
      }
    },
    {
      "timestamp": "2023-03-30T06:28:30.272Z",
      "action": "PUBLISH",
      "usage": {
        "twx-view": 2,
        "twx-dt-view": 2,
        "twx-dt-model": 1,
        "twx-dt-modelitem": 1,
        "twx-dt-sensor": 1,
        "twx-overlay": 2,
        "twx-overlay-container": 10,
        "twx-hyperlink": 1,
        "twx-overlay-body": 2,
        "twx-gridlayout": 2,
        "twx-row": 2,
        "twx-col": 4,
        "twx-label": 5,
        "twx-barcode-scanner": 1,
        "twx-button": 1,
        "twx-image2": 1,
        "twx-dt-target-spatial": 1
      }
    },
    {
      "timestamp": "2023-03-30T06:30:50.381Z",
      "action": "PUBLISH",
      "usage": {
        "twx-view": 2,
        "twx-dt-view": 2,
        "twx-dt-model": 1,
        "twx-dt-modelitem": 1,
        "twx-dt-sensor": 1,
        "twx-overlay": 2,
        "twx-overlay-container": 10,
        "twx-hyperlink": 1,
        "twx-overlay-body": 2,
        "twx-gridlayout": 2,
        "twx-row": 2,
        "twx-col": 4,
        "twx-label": 5,
        "twx-barcode-scanner": 1,
        "twx-button": 1,
        "twx-image2": 1,
        "twx-dt-target-spatial": 1
      }
    },
    {
      "timestamp": "2023-03-30T06:32:40.512Z",
      "action": "PUBLISH",
      "usage": {
        "twx-view": 2,
        "twx-dt-view": 2,
        "twx-dt-model": 1,
        "twx-dt-modelitem": 1,
        "twx-dt-sensor": 1,
        "twx-overlay": 2,
        "twx-overlay-container": 10,
        "twx-hyperlink": 1,
        "twx-overlay-body": 2,
        "twx-gridlayout": 2,
        "twx-row": 2,
        "twx-col": 4,
        "twx-label": 5,
        "twx-barcode-scanner": 1,
        "twx-button": 1,
        "twx-image2": 1,
        "twx-dt-target-spatial": 1
      }
    },
    {
      "timestamp": "2023-03-30T08:25:27.005Z",
      "action": "PUBLISH",
      "usage": {
        "twx-view": 2,
        "twx-dt-view": 2,
        "twx-dt-model": 1,
        "twx-dt-modelitem": 1,
        "twx-dt-sensor": 1,
        "twx-overlay": 2,
        "twx-overlay-container": 10,
        "twx-hyperlink": 1,
        "twx-overlay-body": 2,
        "twx-gridlayout": 2,
        "twx-row": 2,
        "twx-col": 4,
        "twx-label": 5,
        "twx-barcode-scanner": 1,
        "twx-button": 1,
        "twx-image2": 1,
        "twx-dt-target-spatial": 1
      }
    },
    {
      "timestamp": "2023-03-30T08:26:52.892Z",
      "action": "PUBLISH",
      "usage": {
        "twx-view": 2,
        "twx-dt-view": 2,
        "twx-dt-model": 1,
        "twx-dt-modelitem": 1,
        "twx-dt-sensor": 1,
        "twx-overlay": 2,
        "twx-overlay-container": 10,
        "twx-hyperlink": 1,
        "twx-overlay-body": 2,
        "twx-gridlayout": 2,
        "twx-row": 2,
        "twx-col": 4,
        "twx-label": 5,
        "twx-barcode-scanner": 1,
        "twx-button": 1,
        "twx-image2": 1,
        "twx-dt-target-spatial": 1
      }
    },
    {
      "timestamp": "2023-03-30T08:27:41.759Z",
      "action": "PUBLISH",
      "usage": {
        "twx-view": 2,
        "twx-dt-view": 2,
        "twx-dt-model": 1,
        "twx-dt-modelitem": 1,
        "twx-dt-sensor": 1,
        "twx-overlay": 2,
        "twx-overlay-container": 10,
        "twx-hyperlink": 1,
        "twx-overlay-body": 2,
        "twx-gridlayout": 2,
        "twx-row": 2,
        "twx-col": 4,
        "twx-label": 5,
        "twx-barcode-scanner": 1,
        "twx-button": 1,
        "twx-image2": 1,
        "twx-dt-target-spatial": 1
      }
    },
    {
      "timestamp": "2023-03-30T08:31:12.145Z",
      "action": "PUBLISH",
      "usage": {
        "twx-view": 2,
        "twx-dt-view": 2,
        "twx-dt-model": 1,
        "twx-dt-modelitem": 1,
        "twx-dt-sensor": 1,
        "twx-overlay": 2,
        "twx-overlay-container": 10,
        "twx-hyperlink": 1,
        "twx-overlay-body": 2,
        "twx-gridlayout": 2,
        "twx-row": 2,
        "twx-col": 4,
        "twx-label": 5,
        "twx-barcode-scanner": 1,
        "twx-button": 1,
        "twx-image2": 1,
        "twx-dt-target-spatial": 1
      }
    },
    {
      "timestamp": "2023-03-30T08:31:22.894Z",
      "action": "PUBLISH",
      "usage": {
        "twx-view": 2,
        "twx-dt-view": 2,
        "twx-dt-model": 1,
        "twx-dt-modelitem": 1,
        "twx-dt-sensor": 1,
        "twx-overlay": 2,
        "twx-overlay-container": 10,
        "twx-hyperlink": 1,
        "twx-overlay-body": 2,
        "twx-gridlayout": 2,
        "twx-row": 2,
        "twx-col": 4,
        "twx-label": 5,
        "twx-barcode-scanner": 1,
        "twx-button": 1,
        "twx-image2": 1,
        "twx-dt-target-spatial": 1
      }
    },
    {
      "timestamp": "2023-03-30T08:35:01.875Z",
      "action": "PUBLISH",
      "usage": {
        "twx-view": 2,
        "twx-dt-view": 2,
        "twx-dt-model": 1,
        "twx-dt-modelitem": 1,
        "twx-dt-sensor": 1,
        "twx-overlay": 2,
        "twx-overlay-container": 10,
        "twx-hyperlink": 1,
        "twx-overlay-body": 2,
        "twx-gridlayout": 2,
        "twx-row": 2,
        "twx-col": 4,
        "twx-label": 5,
        "twx-barcode-scanner": 1,
        "twx-button": 1,
        "twx-image2": 1,
        "twx-dt-target-spatial": 1
      }
    },
    {
      "timestamp": "2023-03-30T08:35:48.604Z",
      "action": "PUBLISH",
      "usage": {
        "twx-view": 2,
        "twx-dt-view": 2,
        "twx-dt-model": 1,
        "twx-dt-modelitem": 1,
        "twx-dt-sensor": 1,
        "twx-overlay": 2,
        "twx-overlay-container": 10,
        "twx-hyperlink": 1,
        "twx-overlay-body": 2,
        "twx-gridlayout": 2,
        "twx-row": 2,
        "twx-col": 4,
        "twx-label": 5,
        "twx-barcode-scanner": 1,
        "twx-button": 1,
        "twx-image2": 1,
        "twx-dt-target-spatial": 1
      }
    },
    {
      "timestamp": "2023-03-30T08:36:29.878Z",
      "action": "PUBLISH",
      "usage": {
        "twx-view": 2,
        "twx-dt-view": 2,
        "twx-dt-model": 1,
        "twx-dt-modelitem": 1,
        "twx-dt-sensor": 1,
        "twx-overlay": 2,
        "twx-overlay-container": 10,
        "twx-hyperlink": 1,
        "twx-overlay-body": 2,
        "twx-gridlayout": 2,
        "twx-row": 2,
        "twx-col": 4,
        "twx-label": 5,
        "twx-barcode-scanner": 1,
        "twx-button": 1,
        "twx-image2": 1,
        "twx-dt-target-spatial": 1
      }
    },
    {
      "timestamp": "2023-03-30T08:39:17.343Z",
      "action": "PUBLISH",
      "usage": {
        "twx-view": 2,
        "twx-dt-view": 2,
        "twx-dt-model": 1,
        "twx-dt-modelitem": 1,
        "twx-dt-sensor": 1,
        "twx-overlay": 2,
        "twx-overlay-container": 10,
        "twx-hyperlink": 1,
        "twx-overlay-body": 2,
        "twx-gridlayout": 2,
        "twx-row": 2,
        "twx-col": 4,
        "twx-label": 5,
        "twx-barcode-scanner": 1,
        "twx-button": 1,
        "twx-image2": 1,
        "twx-dt-target-spatial": 1
      }
    },
    {
      "timestamp": "2023-03-30T08:43:47.335Z",
      "action": "PUBLISH",
      "usage": {
        "twx-view": 2,
        "twx-dt-view": 2,
        "twx-dt-model": 1,
        "twx-dt-modelitem": 1,
        "twx-dt-sensor": 1,
        "twx-overlay": 2,
        "twx-overlay-container": 10,
        "twx-hyperlink": 1,
        "twx-overlay-body": 2,
        "twx-gridlayout": 2,
        "twx-row": 2,
        "twx-col": 4,
        "twx-label": 5,
        "twx-barcode-scanner": 1,
        "twx-button": 1,
        "twx-image2": 1,
        "twx-dt-target-spatial": 1
      }
    }
  ],
  "accessType": "public",
  "designedfor": []
}
