{
  "name": "",
  "version": "1.0.0",
  "requires": [
    "w320dp"
  ],
  "experiences": [
    {
      "vumark": "",
      "experienceType": "none",
      "id": 1,
      "index-keys": [],
      "title": {
        "en": "Studio_Project_Manager_Launcher"
      },
      "description": {
        "en": "",
        "en-US": ""
      },
      "requires": [],
      "tags": [],
      "icon": "",
      "viewName": "Launch",
      "url-template": "index.html?expId=1",
      "entryPoint": "index.html?expId=1",
      "thumbnail": "public/Uploaded/2019-03-28_9-08-51.jpg",
      "thingTemplateName": ""
    }
  ],
  "accessType": "public",
  "designedfor": [],
  "widgetsUsage": [
    {
      "timestamp": "2023-06-15T06:18:39.829Z",
      "action": "PUBLISH",
      "usage": {
        "twx-view": 1,
        "twx-view-header": 1,
        "twx-header-buttons": 2,
        "twx-header-title": 1,
        "twx-label": 5,
        "twx-button": 2,
        "twx-data-grid": 1,
        "twx-data-grid-col": 8,
        "twx-image2": 3
      }
    },
    {
      "timestamp": "2023-06-15T06:19:35.823Z",
      "action": "PUBLISH",
      "usage": {
        "twx-view": 1,
        "twx-view-header": 1,
        "twx-header-buttons": 2,
        "twx-header-title": 1,
        "twx-label": 5,
        "twx-button": 2,
        "twx-data-grid": 1,
        "twx-data-grid-col": 8,
        "twx-image2": 3
      }
    },
    {
      "timestamp": "2023-06-15T06:20:11.182Z",
      "action": "PUBLISH",
      "usage": {
        "twx-view": 1,
        "twx-view-header": 1,
        "twx-header-buttons": 2,
        "twx-header-title": 1,
        "twx-label": 5,
        "twx-button": 2,
        "twx-data-grid": 1,
        "twx-data-grid-col": 8,
        "twx-image2": 3
      }
    },
    {
      "timestamp": "2024-01-24T01:20:24.399Z",
      "action": "PUBLISH",
      "usage": {
        "twx-view": 1,
        "twx-view-header": 1,
        "twx-header-buttons": 2,
        "twx-header-title": 1,
        "twx-label": 5,
        "twx-button": 2,
        "twx-data-grid": 1,
        "twx-data-grid-col": 8,
        "twx-image2": 3
      }
    },
    {
      "timestamp": "2024-01-24T01:22:20.977Z",
      "action": "PUBLISH",
      "usage": {
        "twx-view": 1,
        "twx-view-header": 1,
        "twx-header-buttons": 2,
        "twx-header-title": 1,
        "twx-label": 5,
        "twx-button": 2,
        "twx-data-grid": 1,
        "twx-data-grid-col": 8,
        "twx-image2": 3
      }
    },
    {
      "timestamp": "2024-01-24T01:23:31.246Z",
      "action": "PUBLISH",
      "usage": {
        "twx-view": 1,
        "twx-view-header": 1,
        "twx-header-buttons": 2,
        "twx-header-title": 1,
        "twx-label": 5,
        "twx-button": 2,
        "twx-data-grid": 1,
        "twx-data-grid-col": 8,
        "twx-image2": 3
      }
    },
    {
      "timestamp": "2024-01-24T01:35:08.503Z",
      "action": "PUBLISH",
      "usage": {
        "twx-view": 1,
        "twx-view-header": 1,
        "twx-header-buttons": 2,
        "twx-header-title": 1,
        "twx-label": 5,
        "twx-button": 2,
        "twx-data-grid": 1,
        "twx-data-grid-col": 8,
        "twx-image2": 3
      }
    },
    {
      "timestamp": "2024-01-24T01:37:22.552Z",
      "action": "PUBLISH",
      "usage": {
        "twx-view": 1,
        "twx-view-header": 1,
        "twx-header-buttons": 2,
        "twx-header-title": 1,
        "twx-label": 5,
        "twx-button": 2,
        "twx-data-grid": 1,
        "twx-data-grid-col": 8,
        "twx-image2": 3
      }
    },
    {
      "timestamp": "2024-01-24T01:46:16.253Z",
      "action": "PUBLISH",
      "usage": {
        "twx-view": 1,
        "twx-view-header": 1,
        "twx-header-buttons": 2,
        "twx-header-title": 1,
        "twx-label": 5,
        "twx-button": 2,
        "twx-data-grid": 1,
        "twx-data-grid-col": 8,
        "twx-image2": 3
      }
    },
    {
      "timestamp": "2024-01-24T01:49:53.717Z",
      "action": "PUBLISH",
      "usage": {
        "twx-view": 1,
        "twx-view-header": 1,
        "twx-header-buttons": 2,
        "twx-header-title": 1,
        "twx-label": 5,
        "twx-button": 2,
        "twx-data-grid": 1,
        "twx-data-grid-col": 8,
        "twx-image2": 3,
        "twx-popup": 1,
        "twx-gridlayout": 1,
        "twx-row": 1,
        "twx-col": 1,
        "twx-hyperlink": 1
      }
    },
    {
      "timestamp": "2024-01-24T01:50:59.580Z",
      "action": "PUBLISH",
      "usage": {
        "twx-view": 1,
        "twx-view-header": 1,
        "twx-header-buttons": 2,
        "twx-header-title": 1,
        "twx-label": 5,
        "twx-button": 2,
        "twx-data-grid": 1,
        "twx-data-grid-col": 8,
        "twx-image2": 3,
        "twx-popup": 1,
        "twx-gridlayout": 1,
        "twx-row": 1,
        "twx-col": 1,
        "twx-hyperlink": 1
      }
    },
    {
      "timestamp": "2024-01-24T01:54:28.043Z",
      "action": "PUBLISH",
      "usage": {
        "twx-view": 1,
        "twx-view-header": 1,
        "twx-header-buttons": 2,
        "twx-header-title": 1,
        "twx-label": 5,
        "twx-button": 2,
        "twx-data-grid": 1,
        "twx-data-grid-col": 8,
        "twx-image2": 3,
        "twx-popup": 1,
        "twx-gridlayout": 1,
        "twx-row": 1,
        "twx-col": 1,
        "twx-hyperlink": 1
      }
    },
    {
      "timestamp": "2024-01-24T01:56:57.806Z",
      "action": "PUBLISH",
      "usage": {
        "twx-view": 1,
        "twx-view-header": 1,
        "twx-header-buttons": 2,
        "twx-header-title": 1,
        "twx-label": 5,
        "twx-button": 2,
        "twx-data-grid": 1,
        "twx-data-grid-col": 8,
        "twx-image2": 3,
        "twx-popup": 1,
        "twx-gridlayout": 1,
        "twx-row": 1,
        "twx-col": 1,
        "twx-hyperlink": 1
      }
    },
    {
      "timestamp": "2024-01-24T02:01:08.130Z",
      "action": "PUBLISH",
      "usage": {
        "twx-view": 1,
        "twx-view-header": 1,
        "twx-header-buttons": 2,
        "twx-header-title": 1,
        "twx-label": 5,
        "twx-button": 2,
        "twx-data-grid": 1,
        "twx-data-grid-col": 8,
        "twx-image2": 3,
        "twx-popup": 1,
        "twx-gridlayout": 1,
        "twx-row": 1,
        "twx-col": 1,
        "twx-hyperlink": 1
      }
    },
    {
      "timestamp": "2024-01-24T02:03:40.122Z",
      "action": "PUBLISH",
      "usage": {
        "twx-view": 1,
        "twx-view-header": 1,
        "twx-header-buttons": 2,
        "twx-header-title": 1,
        "twx-label": 5,
        "twx-button": 2,
        "twx-data-grid": 1,
        "twx-data-grid-col": 8,
        "twx-image2": 3
      }
    },
    {
      "timestamp": "2024-01-24T02:07:12.579Z",
      "action": "PUBLISH",
      "usage": {
        "twx-view": 1,
        "twx-view-header": 1,
        "twx-header-buttons": 2,
        "twx-header-title": 1,
        "twx-label": 5,
        "twx-button": 2,
        "twx-data-grid": 1,
        "twx-data-grid-col": 8,
        "twx-image2": 3
      }
    },
    {
      "timestamp": "2024-01-24T02:12:52.230Z",
      "action": "PUBLISH",
      "usage": {
        "twx-view": 1,
        "twx-view-header": 1,
        "twx-header-buttons": 2,
        "twx-header-title": 1,
        "twx-label": 5,
        "twx-button": 2,
        "twx-data-grid": 1,
        "twx-data-grid-col": 8,
        "twx-image2": 3
      }
    },
    {
      "timestamp": "2024-01-24T02:15:00.796Z",
      "action": "PUBLISH",
      "usage": {
        "twx-view": 1,
        "twx-view-header": 1,
        "twx-header-buttons": 2,
        "twx-header-title": 1,
        "twx-label": 5,
        "twx-button": 2,
        "twx-data-grid": 1,
        "twx-data-grid-col": 8,
        "twx-image2": 3
      }
    },
    {
      "timestamp": "2024-01-25T01:07:40.205Z",
      "action": "PUBLISH",
      "usage": {
        "twx-view": 1,
        "twx-view-header": 1,
        "twx-header-buttons": 2,
        "twx-header-title": 1,
        "twx-label": 5,
        "twx-button": 2,
        "twx-data-grid": 1,
        "twx-data-grid-col": 8,
        "twx-image2": 3
      }
    },
    {
      "timestamp": "2024-01-26T01:42:31.328Z",
      "action": "PUBLISH",
      "usage": {
        "twx-view": 2,
        "twx-view-header": 1,
        "twx-header-buttons": 2,
        "twx-header-title": 1,
        "twx-label": 5,
        "twx-button": 2,
        "twx-data-grid": 1,
        "twx-data-grid-col": 8,
        "twx-image2": 5,
        "twx-panel": 1,
        "twx-card": 2
      }
    },
    {
      "timestamp": "2024-01-26T07:41:52.472Z",
      "action": "PUBLISH",
      "usage": {
        "twx-view": 2,
        "twx-view-header": 1,
        "twx-header-buttons": 2,
        "twx-header-title": 1,
        "twx-label": 5,
        "twx-button": 2,
        "twx-data-grid": 1,
        "twx-data-grid-col": 8,
        "twx-image2": 5,
        "twx-panel": 1,
        "twx-card": 2
      }
    },
    {
      "timestamp": "2024-01-26T07:44:21.893Z",
      "action": "PUBLISH",
      "usage": {
        "twx-view": 2,
        "twx-view-header": 1,
        "twx-header-buttons": 2,
        "twx-header-title": 1,
        "twx-label": 5,
        "twx-button": 2,
        "twx-data-grid": 1,
        "twx-data-grid-col": 8,
        "twx-image2": 5,
        "twx-panel": 1,
        "twx-card": 2
      }
    },
    {
      "timestamp": "2024-01-26T07:48:27.258Z",
      "action": "PUBLISH",
      "usage": {
        "twx-view": 2,
        "twx-view-header": 1,
        "twx-header-buttons": 2,
        "twx-header-title": 1,
        "twx-label": 5,
        "twx-button": 2,
        "twx-data-grid": 1,
        "twx-data-grid-col": 8,
        "twx-image2": 5,
        "twx-panel": 1,
        "twx-card": 2
      }
    },
    {
      "timestamp": "2024-01-26T07:52:51.453Z",
      "action": "PUBLISH",
      "usage": {
        "twx-view": 2,
        "twx-view-header": 1,
        "twx-header-buttons": 2,
        "twx-header-title": 1,
        "twx-label": 5,
        "twx-button": 2,
        "twx-data-grid": 1,
        "twx-data-grid-col": 8,
        "twx-image2": 5,
        "twx-panel": 1,
        "twx-card": 2
      }
    },
    {
      "timestamp": "2024-01-26T09:16:33.893Z",
      "action": "PUBLISH",
      "usage": {
        "twx-view": 2,
        "twx-view-header": 1,
        "twx-header-buttons": 2,
        "twx-header-title": 1,
        "twx-label": 5,
        "twx-button": 2,
        "twx-data-grid": 1,
        "twx-data-grid-col": 8,
        "twx-image2": 5,
        "twx-panel": 1,
        "twx-card": 2
      }
    },
    {
      "timestamp": "2024-01-26T09:35:00.369Z",
      "action": "PUBLISH",
      "usage": {
        "twx-view": 2,
        "twx-view-header": 1,
        "twx-header-buttons": 2,
        "twx-header-title": 1,
        "twx-label": 5,
        "twx-button": 2,
        "twx-data-grid": 1,
        "twx-data-grid-col": 8,
        "twx-image2": 5,
        "twx-panel": 1,
        "twx-card": 2
      }
    },
    {
      "timestamp": "2024-01-29T01:54:09.115Z",
      "action": "PUBLISH",
      "usage": {
        "twx-view": 2,
        "twx-view-header": 1,
        "twx-header-buttons": 2,
        "twx-header-title": 1,
        "twx-label": 5,
        "twx-button": 2,
        "twx-data-grid": 1,
        "twx-data-grid-col": 8,
        "twx-image2": 5,
        "twx-panel": 1,
        "twx-card": 2
      }
    },
    {
      "timestamp": "2024-01-29T01:56:33.519Z",
      "action": "PUBLISH",
      "usage": {
        "twx-view": 2,
        "twx-view-header": 1,
        "twx-header-buttons": 2,
        "twx-header-title": 1,
        "twx-label": 5,
        "twx-button": 2,
        "twx-data-grid": 1,
        "twx-data-grid-col": 8,
        "twx-image2": 5,
        "twx-panel": 1,
        "twx-card": 2
      }
    },
    {
      "timestamp": "2024-01-29T01:59:06.202Z",
      "action": "PUBLISH",
      "usage": {
        "twx-view": 2,
        "twx-view-header": 1,
        "twx-header-buttons": 2,
        "twx-header-title": 1,
        "twx-label": 5,
        "twx-button": 2,
        "twx-data-grid": 1,
        "twx-data-grid-col": 8,
        "twx-image2": 5,
        "twx-panel": 1,
        "twx-card": 2
      }
    },
    {
      "timestamp": "2024-01-29T02:00:39.045Z",
      "action": "PUBLISH",
      "usage": {
        "twx-view": 2,
        "twx-view-header": 1,
        "twx-header-buttons": 2,
        "twx-header-title": 1,
        "twx-label": 5,
        "twx-button": 2,
        "twx-data-grid": 1,
        "twx-data-grid-col": 8,
        "twx-image2": 5,
        "twx-panel": 1,
        "twx-card": 2
      }
    },
    {
      "timestamp": "2024-02-02T09:29:19.583Z",
      "action": "LATEST_SAVE",
      "usage": {
        "twx-view": 2,
        "twx-view-header": 1,
        "twx-header-buttons": 2,
        "twx-header-title": 1,
        "twx-label": 5,
        "twx-button": 2,
        "twx-data-grid": 1,
        "twx-data-grid-col": 8,
        "twx-image2": 5,
        "twx-panel": 1,
        "twx-card": 2
      }
    }
  ]
}
