[{"name":"Figure 1","value":"Figure 1","type":"viewable","hasSequence":false,"hasAnimation":false},{"name":"Sequence","value":"Sequence","type":"viewable","hasSequence":true,"hasAnimation":false},{"name":"Parts List","value":"Parts List","type":"viewable","hasSequence":false,"hasAnimation":false},{"name":"Sectioning","value":"Sectioning","type":"viewable","hasSequence":false,"hasAnimation":false},{"name":"Translation","value":"Translation","type":"viewable","hasSequence":false,"hasAnimation":false},{"name":"Animation","value":"Animation","type":"viewable","hasSequence":false,"hasAnimation":true}]