[{"part":"Illustration","sBOMDepth":1,"sBOMID":"","sBOMIDPath":"/","sBOMName":"Illustration","description":"","sBOMPath":"/Illustration"},{"part":"Brake ASM","sBOMDepth":1,"sBOMID":"1","sBOMIDPath":"/1","sBOMName":"Brake ASM","description":"","sBOMPath":"/Illustration/Brake ASM"},{"part":"49130031.PRT","sBOMDepth":2,"sBOMID":"0","sBOMIDPath":"/1/0","sBOMName":"49130031.PRT","description":"Bremsklotz_re_1","sBOMPath":"/Illustration/Brake ASM/49130031.PRT"},{"part":"49130032.PRT","sBOMDepth":2,"sBOMID":"1","sBOMIDPath":"/1/1","sBOMName":"49130032.PRT","description":"Bremsklotz_re_1","sBOMPath":"/Illustration/Brake ASM/49130032.PRT"},{"part":"49130001.PRT","sBOMDepth":2,"sBOMID":"2","sBOMIDPath":"/1/2","sBOMName":"49130001.PRT","description":"Unterlegscheibe","sBOMPath":"/Illustration/Brake ASM/49130001.PRT"},{"part":"49130001.PRT","sBOMDepth":2,"sBOMID":"3","sBOMIDPath":"/1/3","sBOMName":"49130001.PRT","description":"Unterlegscheibe","sBOMPath":"/Illustration/Brake ASM/49130001.PRT"},{"part":"49130001.PRT","sBOMDepth":2,"sBOMID":"4","sBOMIDPath":"/1/4","sBOMName":"49130001.PRT","description":"Unterlegscheibe","sBOMPath":"/Illustration/Brake ASM/49130001.PRT"},{"part":"49130001.PRT","sBOMDepth":2,"sBOMID":"5","sBOMIDPath":"/1/5","sBOMName":"49130001.PRT","description":"Unterlegscheibe","sBOMPath":"/Illustration/Brake ASM/49130001.PRT"},{"part":"49130002.PRT","sBOMDepth":2,"sBOMID":"6","sBOMIDPath":"/1/6","sBOMName":"49130002.PRT","description":"Innensechskant","sBOMPath":"/Illustration/Brake ASM/49130002.PRT"},{"part":"49130002.PRT","sBOMDepth":2,"sBOMID":"7","sBOMIDPath":"/1/7","sBOMName":"49130002.PRT","description":"Innensechskant","sBOMPath":"/Illustration/Brake ASM/49130002.PRT"},{"part":"49130003.PRT","sBOMDepth":2,"sBOMID":"8","sBOMIDPath":"/1/8","sBOMName":"49130003.PRT","description":"Innensechskant","sBOMPath":"/Illustration/Brake ASM/49130003.PRT"},{"part":"49130003.PRT","sBOMDepth":2,"sBOMID":"9","sBOMIDPath":"/1/9","sBOMName":"49130003.PRT","description":"Innensechskant","sBOMPath":"/Illustration/Brake ASM/49130003.PRT"},{"part":"49130033.PRT","sBOMDepth":2,"sBOMID":"10","sBOMIDPath":"/1/10","sBOMName":"49130033.PRT","description":"Buegel_re","sBOMPath":"/Illustration/Brake ASM/49130033.PRT"},{"part":"49130034.PRT","sBOMDepth":2,"sBOMID":"11","sBOMIDPath":"/1/11","sBOMName":"49130034.PRT","description":"Buegel_halter_re","sBOMPath":"/Illustration/Brake ASM/49130034.PRT"},{"part":"49130035.PRT","sBOMDepth":2,"sBOMID":"12","sBOMIDPath":"/1/12","sBOMName":"49130035.PRT","description":"Bremsbelag_re","sBOMPath":"/Illustration/Brake ASM/49130035.PRT"},{"part":"49130035.PRT","sBOMDepth":2,"sBOMID":"13","sBOMIDPath":"/1/13","sBOMName":"49130035.PRT","description":"Bremsbelag_re","sBOMPath":"/Illustration/Brake ASM/49130035.PRT"},{"part":"49130036.PRT","sBOMDepth":2,"sBOMID":"14","sBOMIDPath":"/1/14","sBOMName":"49130036.PRT","description":"Rohr_re_1","sBOMPath":"/Illustration/Brake ASM/49130036.PRT"},{"part":"49130023.PRT","sBOMDepth":2,"sBOMID":"15","sBOMIDPath":"/1/15","sBOMName":"49130023.PRT","description":"din_912_m6x16","sBOMPath":"/Illustration/Brake ASM/49130023.PRT"},{"part":"49130023.PRT","sBOMDepth":2,"sBOMID":"16","sBOMIDPath":"/1/16","sBOMName":"49130023.PRT","description":"din_912_m6x16","sBOMPath":"/Illustration/Brake ASM/49130023.PRT"}]