{
  "name": "OLY.VuforiaTracking",
  "projectType": "AR",
  "viewType": "ar",
  "fileName": "OLY_VuforiaTracking",
  "thingworxServer": "http://172.20.10.3:2019",
  "viewTemplateFileName": "home-ar.json",
  "state": {
    "orientation": "landscape"
  },
  "targets": {
    "phone": {
      "components": [
        {
          "name": "ホーム",
          "fileName": "ホーム",
          "showInMainMenu": true,
          "viewType": "ar",
          "title": "ホーム"
        }
      ],
      "images": []
    },
    "shared": {
      "components": [
        {
          "name": "Data",
          "fileName": "Data"
        }
      ],
      "images": [],
      "fragments": [],
      "styles": [
        {
          "name": "App",
          "fileName": "App",
          "fileExt": "scss"
        }
      ]
    }
  },
  "device": {
    "name": "ipad",
    "width": "1024",
    "height": "768"
  },
  "mainNavigationMenuStyle": "leftSideMenu",
  "resourceDirectory": "src/phone/resources",
  "resourceRuntimeDir": "app/resources",
  "fontRuntimeDir": "../fonts",
  "fontDesigntimeDir": "../dist/fonts",
  "theme": "twx-light",
  "version": "9.11.4.0",
  "designedForOffline": true
}
