{
  "attributes": {
    "twx-widget": "",
    "widget-id": "view-1",
    "widget-name": "view-1",
    "is-widget-container": "true",
    "viewtype": "ar"
  },
  "children": [
    {
      "name": "twx-container-content",
      "children": [
        {
          "attributes": {
            "twx-widget": "",
            "widget-id": "3DContainer-1",
            "widget-name": "3D コンテナ",
            "is-widget-container": "true",
            "dropshadow": "true"
          },
          "name": "twx-dt-view",
          "children": [
            {
              "name": "twx-container-content",
              "children": [
                {
                  "attributes": {
                    "twx-widget": "",
                    "widget-id": "model-2",
                    "widget-name": "model-2",
                    "is-widget-container": "true",
                    "src": "Uploaded/RZR Toy_Data_Low.pvz",
                    "scale": "10.0000",
                    "x": "-7.2656",
                    "y": "0.0000",
                    "z": "5.1299",
                    "rx": "0.00",
                    "ry": "-17.39",
                    "rz": "0.00"
                  },
                  "name": "twx-dt-model",
                  "children": [
                    {
                      "name": "twx-container-content"
                    }
                  ]
                },
                {
                  "attributes": {
                    "twx-widget": "",
                    "widget-id": "3DGauge-1",
                    "state-format-value": "text",
                    "widget-name": "3DGauge-1",
                    "is-widget-container": "true",
                    "text": "",
                    "src": "Uploaded/bg.png",
                    "fontsize": "80px",
                    "textattrs": "fill:rgba(255, 255, 255, 1);textbaseline:middle;textalign:center",
                    "textx": "64",
                    "texty": "94",
                    "scale": "0.3000",
                    "x": "-8.0606",
                    "y": "1",
                    "z": "2.4905",
                    "rx": "0.00",
                    "ry": "0.00",
                    "rz": "0.00",
                    "canvasheight": "128",
                    "canvaswidth": "128",
                    "billboard": "true"
                  },
                  "name": "twx-dt-sensor",
                  "children": [
                    {
                      "name": "twx-container-content"
                    }
                  ]
                },
                {
                  "attributes": {
                    "twx-widget": "",
                    "widget-id": "3DGauge-2",
                    "state-format-value": "text",
                    "widget-name": "3DGauge-2",
                    "is-widget-container": "true",
                    "text": "",
                    "src": "Uploaded/bg.png",
                    "fontsize": "40px",
                    "textattrs": "fill:rgba(255, 255, 255, 1);textbaseline:middle;textalign:center",
                    "textx": "64",
                    "texty": "94",
                    "scale": "0.3000",
                    "x": "-8.6990",
                    "y": "1",
                    "z": "4.4694",
                    "rx": "0.00",
                    "ry": "0.00",
                    "rz": "0.00",
                    "canvasheight": "128",
                    "canvaswidth": "128",
                    "billboard": "true"
                  },
                  "name": "twx-dt-sensor",
                  "children": [
                    {
                      "name": "twx-container-content"
                    }
                  ]
                },
                {
                  "attributes": {
                    "twx-widget": "",
                    "widget-id": "3DGauge-3",
                    "state-format-value": "text",
                    "widget-name": "3DGauge-3",
                    "is-widget-container": "true",
                    "text": "",
                    "src": "Uploaded/bg.png",
                    "fontsize": "40px",
                    "textattrs": "fill:rgba(255, 255, 255, 1);textbaseline:middle;textalign:center",
                    "textx": "64",
                    "texty": "94",
                    "scale": "0.3000",
                    "x": "-9.2670",
                    "y": "1",
                    "z": "6.3243",
                    "rx": "0.00",
                    "ry": "0.00",
                    "rz": "0.00",
                    "canvasheight": "128",
                    "canvaswidth": "128",
                    "billboard": "true"
                  },
                  "name": "twx-dt-sensor",
                  "children": [
                    {
                      "name": "twx-container-content"
                    }
                  ]
                },
                {
                  "attributes": {
                    "twx-widget": "",
                    "widget-id": "3DGauge-4",
                    "state-format-value": "text",
                    "widget-name": "3DGauge-4",
                    "is-widget-container": "true",
                    "text": "",
                    "src": "Uploaded/bg.png",
                    "fontsize": "40px",
                    "textattrs": "fill:rgba(255, 255, 255, 1);textbaseline:middle;textalign:center",
                    "textx": "64",
                    "texty": "94",
                    "scale": "0.3000",
                    "x": "-9.8464",
                    "y": "1",
                    "z": "8.1784",
                    "rx": "0.00",
                    "ry": "0.00",
                    "rz": "0.00",
                    "canvasheight": "128",
                    "canvaswidth": "128",
                    "billboard": "true"
                  },
                  "name": "twx-dt-sensor",
                  "children": [
                    {
                      "name": "twx-container-content"
                    }
                  ]
                },
                {
                  "attributes": {
                    "twx-widget": "",
                    "widget-id": "3DGauge-5",
                    "state-format-value": "text",
                    "widget-name": "3DGauge-5",
                    "is-widget-container": "true",
                    "text": "",
                    "src": "Uploaded/bg.png",
                    "fontsize": "40px",
                    "textattrs": "fill:rgba(255, 255, 255, 1);textbaseline:middle;textalign:center",
                    "textx": "64",
                    "texty": "94",
                    "scale": "0.3000",
                    "x": "-10.4620",
                    "y": "1",
                    "z": "10.1060",
                    "rx": "0.00",
                    "ry": "0.00",
                    "rz": "0.00",
                    "canvasheight": "128",
                    "canvaswidth": "128",
                    "billboard": "true"
                  },
                  "name": "twx-dt-sensor",
                  "children": [
                    {
                      "name": "twx-container-content"
                    }
                  ]
                },
                {
                  "attributes": {
                    "twx-widget": "",
                    "widget-id": "3DGauge-6",
                    "state-format-value": "text",
                    "widget-name": "3DGauge-6",
                    "is-widget-container": "true",
                    "text": "",
                    "src": "Uploaded/bg.png",
                    "fontsize": "40px",
                    "textattrs": "fill:rgba(255, 255, 255, 1);textbaseline:middle;textalign:center",
                    "textx": "64",
                    "texty": "94",
                    "scale": "0.3000",
                    "x": "-11.0748",
                    "y": "1",
                    "z": "12.0885",
                    "rx": "0.00",
                    "ry": "0.00",
                    "rz": "0.00",
                    "canvasheight": "128",
                    "canvaswidth": "128",
                    "billboard": "true"
                  },
                  "name": "twx-dt-sensor",
                  "children": [
                    {
                      "name": "twx-container-content"
                    }
                  ]
                },
                {
                  "attributes": {
                    "twx-widget": "",
                    "widget-id": "3DGauge-7",
                    "state-format-value": "text",
                    "widget-name": "3DGauge-7",
                    "is-widget-container": "true",
                    "text": "",
                    "src": "Uploaded/bg.png",
                    "fontsize": "40px",
                    "textattrs": "fill:rgba(255, 255, 255, 1);textbaseline:middle;textalign:center",
                    "textx": "64",
                    "texty": "94",
                    "scale": "0.3000",
                    "x": "-11.6422",
                    "y": "1",
                    "z": "13.9473",
                    "rx": "0.00",
                    "ry": "0.00",
                    "rz": "0.00",
                    "canvasheight": "128",
                    "canvaswidth": "128",
                    "billboard": "true"
                  },
                  "name": "twx-dt-sensor",
                  "children": [
                    {
                      "name": "twx-container-content"
                    }
                  ]
                },
                {
                  "attributes": {
                    "twx-widget": "",
                    "widget-id": "3DImage-1",
                    "widget-name": "3DImage-1",
                    "is-widget-container": "true",
                    "src": "Uploaded/green.png",
                    "scale": "0.3000",
                    "x": "-8.0610",
                    "y": "1.0000",
                    "z": "2.4910",
                    "rx": "-90.00",
                    "ry": "0.00",
                    "rz": "0.00",
                    "billboard": "true",
                    "decal": "true"
                  },
                  "name": "twx-dt-image",
                  "children": [
                    {
                      "name": "twx-container-content"
                    }
                  ]
                },
                {
                  "attributes": {
                    "twx-widget": "",
                    "widget-id": "3DImage-2",
                    "widget-name": "3DImage-2",
                    "is-widget-container": "true",
                    "src": "Uploaded/green.png",
                    "scale": "0.3000",
                    "x": "-8.6990",
                    "y": "1.0000",
                    "z": "4.4690",
                    "rx": "-90.01",
                    "ry": "0.00",
                    "rz": "0.00",
                    "billboard": "true",
                    "decal": "true"
                  },
                  "name": "twx-dt-image",
                  "children": [
                    {
                      "name": "twx-container-content"
                    }
                  ]
                },
                {
                  "attributes": {
                    "twx-widget": "",
                    "widget-id": "3DImage-3",
                    "widget-name": "3DImage-3",
                    "is-widget-container": "true",
                    "src": "Uploaded/green.png",
                    "scale": "0.3000",
                    "x": "-9.2670",
                    "y": "1.0000",
                    "z": "6.3240",
                    "rx": "-89.98",
                    "ry": "0.00",
                    "rz": "0.00",
                    "billboard": "true",
                    "decal": "true"
                  },
                  "name": "twx-dt-image",
                  "children": [
                    {
                      "name": "twx-container-content"
                    }
                  ]
                },
                {
                  "attributes": {
                    "twx-widget": "",
                    "widget-id": "3DImage-4",
                    "widget-name": "3DImage-4",
                    "is-widget-container": "true",
                    "src": "Uploaded/green.png",
                    "scale": "0.3000",
                    "x": "-9.8460",
                    "y": "1.0000",
                    "z": "8.1780",
                    "rx": "-89.99",
                    "ry": "0.00",
                    "rz": "0.00",
                    "billboard": "true",
                    "decal": "true"
                  },
                  "name": "twx-dt-image",
                  "children": [
                    {
                      "name": "twx-container-content"
                    }
                  ]
                },
                {
                  "attributes": {
                    "twx-widget": "",
                    "widget-id": "3DImage-5",
                    "widget-name": "3DImage-5",
                    "is-widget-container": "true",
                    "src": "Uploaded/green.png",
                    "scale": "0.3000",
                    "x": "-10.4620",
                    "y": "1.0000",
                    "z": "10.1060",
                    "rx": "-89.99",
                    "ry": "0.00",
                    "rz": "0.00",
                    "billboard": "true",
                    "decal": "true"
                  },
                  "name": "twx-dt-image",
                  "children": [
                    {
                      "name": "twx-container-content"
                    }
                  ]
                },
                {
                  "attributes": {
                    "twx-widget": "",
                    "widget-id": "3DImage-6",
                    "widget-name": "3DImage-6",
                    "is-widget-container": "true",
                    "src": "Uploaded/green.png",
                    "scale": "0.3000",
                    "x": "-11.0750",
                    "y": "1.0000",
                    "z": "12.0890",
                    "rx": "-89.99",
                    "ry": "-0.00",
                    "rz": "0.01",
                    "billboard": "true",
                    "decal": "true"
                  },
                  "name": "twx-dt-image",
                  "children": [
                    {
                      "name": "twx-container-content"
                    }
                  ]
                },
                {
                  "attributes": {
                    "twx-widget": "",
                    "widget-id": "3DImage-7",
                    "widget-name": "3DImage-7",
                    "is-widget-container": "true",
                    "src": "Uploaded/green.png",
                    "scale": "0.3000",
                    "x": "-11.6420",
                    "y": "1.0000",
                    "z": "13.9470",
                    "rx": "-90.00",
                    "ry": "0.00",
                    "rz": "-0.01",
                    "billboard": "true",
                    "decal": "true"
                  },
                  "name": "twx-dt-image",
                  "children": [
                    {
                      "name": "twx-container-content"
                    }
                  ]
                },
                {
                  "attributes": {
                    "twx-widget": "",
                    "widget-id": "3DImage-11",
                    "widget-name": "3DImage-11",
                    "is-widget-container": "true",
                    "src": "Uploaded/reset.png",
                    "scale": "0.3000",
                    "x": "-8.0610",
                    "y": "1.0000",
                    "z": "2.4910",
                    "rx": "-90.00",
                    "ry": "0.00",
                    "rz": "0.00",
                    "billboard": "true",
                    "decal": "true"
                  },
                  "name": "twx-dt-image",
                  "children": [
                    {
                      "attributes": {
                        "eventbind-id": "eb-1677670707016",
                        "source-type": "widget",
                        "source-label": "3D Image",
                        "source-name": "3DImage-11",
                        "source-event": "click",
                        "handler-type": "data",
                        "handler-name": "MEL.AR.W2000",
                        "handler-service": "ResetData_7",
                        "handler-path": "app.mdl.MEL.AR.W2000.svc.ResetData_7"
                      },
                      "name": "twx-eventbind"
                    },
                    {
                      "name": "twx-container-content"
                    }
                  ]
                },
                {
                  "attributes": {
                    "twx-widget": "",
                    "widget-id": "3DImage-21",
                    "widget-name": "3DImage-21",
                    "is-widget-container": "true",
                    "src": "Uploaded/reset.png",
                    "scale": "0.3000",
                    "x": "-8.6990",
                    "y": "1.0000",
                    "z": "4.4690",
                    "rx": "-90.01",
                    "ry": "0.00",
                    "rz": "0.00",
                    "billboard": "true",
                    "decal": "true"
                  },
                  "name": "twx-dt-image",
                  "children": [
                    {
                      "attributes": {
                        "eventbind-id": "eb-1677670716716",
                        "source-type": "widget",
                        "source-label": "3D Image",
                        "source-name": "3DImage-21",
                        "source-event": "click",
                        "handler-type": "data",
                        "handler-name": "MEL.AR.W2100",
                        "handler-service": "ResetData_6",
                        "handler-path": "app.mdl.MEL.AR.W2100.svc.ResetData_6"
                      },
                      "name": "twx-eventbind"
                    },
                    {
                      "name": "twx-container-content"
                    }
                  ]
                },
                {
                  "attributes": {
                    "twx-widget": "",
                    "widget-id": "3DImage-31",
                    "widget-name": "3DImage-31",
                    "is-widget-container": "true",
                    "src": "Uploaded/reset.png",
                    "scale": "0.3000",
                    "x": "-9.2670",
                    "y": "1.0000",
                    "z": "6.3240",
                    "rx": "-89.98",
                    "ry": "0.00",
                    "rz": "0.00",
                    "billboard": "true",
                    "decal": "true"
                  },
                  "name": "twx-dt-image",
                  "children": [
                    {
                      "attributes": {
                        "eventbind-id": "eb-1677670725085",
                        "source-type": "widget",
                        "source-label": "3D Image",
                        "source-name": "3DImage-31",
                        "source-event": "click",
                        "handler-type": "data",
                        "handler-name": "MEL.AR.W2200",
                        "handler-service": "ResetData_5",
                        "handler-path": "app.mdl.MEL.AR.W2200.svc.ResetData_5"
                      },
                      "name": "twx-eventbind"
                    },
                    {
                      "name": "twx-container-content"
                    }
                  ]
                },
                {
                  "attributes": {
                    "twx-widget": "",
                    "widget-id": "3DImage-41",
                    "widget-name": "3DImage-41",
                    "is-widget-container": "true",
                    "src": "Uploaded/reset.png",
                    "scale": "0.3000",
                    "x": "-9.8460",
                    "y": "1.0000",
                    "z": "8.1780",
                    "rx": "-89.99",
                    "ry": "0.00",
                    "rz": "0.00",
                    "billboard": "true",
                    "decal": "true"
                  },
                  "name": "twx-dt-image",
                  "children": [
                    {
                      "attributes": {
                        "eventbind-id": "eb-1677670732693",
                        "source-type": "widget",
                        "source-label": "3D Image",
                        "source-name": "3DImage-41",
                        "source-event": "click",
                        "handler-type": "data",
                        "handler-name": "MEL.AR.W2300",
                        "handler-service": "ResetData_4",
                        "handler-path": "app.mdl.MEL.AR.W2300.svc.ResetData_4"
                      },
                      "name": "twx-eventbind"
                    },
                    {
                      "name": "twx-container-content"
                    }
                  ]
                },
                {
                  "attributes": {
                    "twx-widget": "",
                    "widget-id": "3DImage-51",
                    "widget-name": "3DImage-51",
                    "is-widget-container": "true",
                    "src": "Uploaded/reset.png",
                    "scale": "0.3000",
                    "x": "-10.4620",
                    "y": "1.0000",
                    "z": "10.1060",
                    "rx": "-89.99",
                    "ry": "0.00",
                    "rz": "0.00",
                    "billboard": "true",
                    "decal": "true"
                  },
                  "name": "twx-dt-image",
                  "children": [
                    {
                      "attributes": {
                        "eventbind-id": "eb-1677670740206",
                        "source-type": "widget",
                        "source-label": "3D Image",
                        "source-name": "3DImage-51",
                        "source-event": "click",
                        "handler-type": "data",
                        "handler-name": "MEL.AR.W2400",
                        "handler-service": "ResetData_3",
                        "handler-path": "app.mdl.MEL.AR.W2400.svc.ResetData_3"
                      },
                      "name": "twx-eventbind"
                    },
                    {
                      "name": "twx-container-content"
                    }
                  ]
                },
                {
                  "attributes": {
                    "twx-widget": "",
                    "widget-id": "3DImage-61",
                    "widget-name": "3DImage-61",
                    "is-widget-container": "true",
                    "src": "Uploaded/reset.png",
                    "scale": "0.3000",
                    "x": "-11.0750",
                    "y": "1.0000",
                    "z": "12.0890",
                    "rx": "-89.99",
                    "ry": "-0.00",
                    "rz": "0.01",
                    "billboard": "true",
                    "decal": "true"
                  },
                  "name": "twx-dt-image",
                  "children": [
                    {
                      "attributes": {
                        "eventbind-id": "eb-1677670750684",
                        "source-type": "widget",
                        "source-label": "3D Image",
                        "source-name": "3DImage-61",
                        "source-event": "click",
                        "handler-type": "data",
                        "handler-name": "MEL.AR.W2500",
                        "handler-service": "ResetData_2",
                        "handler-path": "app.mdl.MEL.AR.W2500.svc.ResetData_2"
                      },
                      "name": "twx-eventbind"
                    },
                    {
                      "name": "twx-container-content"
                    }
                  ]
                },
                {
                  "attributes": {
                    "twx-widget": "",
                    "widget-id": "3DImage-71",
                    "widget-name": "3DImage-71",
                    "is-widget-container": "true",
                    "src": "Uploaded/reset.png",
                    "scale": "0.3000",
                    "x": "-11.6420",
                    "y": "1.0000",
                    "z": "13.9470",
                    "rx": "-90.00",
                    "ry": "0.00",
                    "rz": "-0.01",
                    "billboard": "true",
                    "decal": "true"
                  },
                  "name": "twx-dt-image",
                  "children": [
                    {
                      "attributes": {
                        "eventbind-id": "eb-1677670761332",
                        "source-type": "widget",
                        "source-label": "3D Image",
                        "source-name": "3DImage-71",
                        "source-event": "click",
                        "handler-type": "data",
                        "handler-name": "MEL.AR.W2600",
                        "handler-service": "ResetData",
                        "handler-path": "app.mdl.MEL.AR.W2600.svc.ResetData"
                      },
                      "name": "twx-eventbind"
                    },
                    {
                      "name": "twx-container-content"
                    }
                  ]
                },
                {
                  "attributes": {
                    "twx-widget": "",
                    "widget-id": "3DImage-12",
                    "widget-name": "3DImage-12",
                    "is-widget-container": "true",
                    "scale": "3",
                    "x": "-8.0610",
                    "y": "1.0000",
                    "z": "2.4910",
                    "rx": "-90.00",
                    "ry": "0.00",
                    "rz": "0.00",
                    "billboard": "true",
                    "decal": "true"
                  },
                  "name": "twx-dt-image",
                  "children": [
                    {
                      "name": "twx-container-content"
                    }
                  ]
                },
                {
                  "attributes": {
                    "twx-widget": "",
                    "widget-id": "3DImage-22",
                    "widget-name": "3DImage-22",
                    "is-widget-container": "true",
                    "scale": "3",
                    "x": "-8.6990",
                    "y": "1.0000",
                    "z": "4.4690",
                    "rx": "-90.01",
                    "ry": "0.00",
                    "rz": "0.00",
                    "billboard": "true",
                    "decal": "true"
                  },
                  "name": "twx-dt-image",
                  "children": [
                    {
                      "name": "twx-container-content"
                    }
                  ]
                },
                {
                  "attributes": {
                    "twx-widget": "",
                    "widget-id": "3DImage-32",
                    "widget-name": "3DImage-32",
                    "is-widget-container": "true",
                    "scale": "3",
                    "x": "-9.2670",
                    "y": "1.0000",
                    "z": "6.3240",
                    "rx": "-89.98",
                    "ry": "0.00",
                    "rz": "0.00",
                    "billboard": "true",
                    "decal": "true"
                  },
                  "name": "twx-dt-image",
                  "children": [
                    {
                      "name": "twx-container-content"
                    }
                  ]
                },
                {
                  "attributes": {
                    "twx-widget": "",
                    "widget-id": "3DImage-42",
                    "widget-name": "3DImage-42",
                    "is-widget-container": "true",
                    "scale": "3",
                    "x": "-9.8460",
                    "y": "1.0000",
                    "z": "8.1780",
                    "rx": "-89.99",
                    "ry": "0.00",
                    "rz": "0.00",
                    "billboard": "true",
                    "decal": "true"
                  },
                  "name": "twx-dt-image",
                  "children": [
                    {
                      "name": "twx-container-content"
                    }
                  ]
                },
                {
                  "attributes": {
                    "twx-widget": "",
                    "widget-id": "3DImage-52",
                    "widget-name": "3DImage-52",
                    "is-widget-container": "true",
                    "scale": "3",
                    "x": "-10.4620",
                    "y": "1.0000",
                    "z": "10.1060",
                    "rx": "-89.99",
                    "ry": "0.00",
                    "rz": "0.00",
                    "billboard": "true",
                    "decal": "true"
                  },
                  "name": "twx-dt-image",
                  "children": [
                    {
                      "name": "twx-container-content"
                    }
                  ]
                },
                {
                  "attributes": {
                    "twx-widget": "",
                    "widget-id": "3DImage-62",
                    "widget-name": "3DImage-62",
                    "is-widget-container": "true",
                    "scale": "3",
                    "x": "-11.0750",
                    "y": "1.0000",
                    "z": "12.0890",
                    "rx": "-89.99",
                    "ry": "-0.00",
                    "rz": "0.01",
                    "billboard": "true",
                    "decal": "true"
                  },
                  "name": "twx-dt-image",
                  "children": [
                    {
                      "name": "twx-container-content"
                    }
                  ]
                },
                {
                  "attributes": {
                    "twx-widget": "",
                    "widget-id": "3DImage-72",
                    "widget-name": "3DImage-72",
                    "is-widget-container": "true",
                    "scale": "3",
                    "x": "-11.6420",
                    "y": "1.0000",
                    "z": "13.9470",
                    "rx": "-90.00",
                    "ry": "0.00",
                    "rz": "-0.01",
                    "billboard": "true",
                    "decal": "true"
                  },
                  "name": "twx-dt-image",
                  "children": [
                    {
                      "name": "twx-container-content"
                    }
                  ]
                },
                {
                  "attributes": {
                    "twx-widget": "",
                    "widget-id": "spatialTarget-1",
                    "widget-name": "spatialTarget-1",
                    "x": "-6.9647",
                    "z": "-5.0201",
                    "rx": "-90"
                  },
                  "name": "twx-dt-target-spatial"
                }
              ]
            }
          ]
        },
        {
          "attributes": {
            "twx-widget": "",
            "widget-id": "2DOverlay-1",
            "widget-name": "2D オーバーレイ",
            "is-widget-container": "true"
          },
          "name": "twx-overlay",
          "children": [
            {
              "name": "twx-container-content",
              "children": [
                {
                  "attributes": {
                    "twx-widget": "",
                    "widget-id": "panel-1",
                    "widget-name": "上部パネル",
                    "is-widget-container": "true",
                    "position": "top"
                  },
                  "name": "twx-overlay-container",
                  "children": [
                    {
                      "name": "twx-container-content"
                    }
                  ]
                },
                {
                  "attributes": {
                    "twx-widget": "",
                    "widget-id": "2DOverlayBody-1",
                    "widget-name": "2D ボディ",
                    "is-widget-container": "true"
                  },
                  "name": "twx-overlay-body",
                  "children": [
                    {
                      "name": "twx-container-content",
                      "children": [
                        {
                          "attributes": {
                            "twx-widget": "",
                            "widget-id": "panel-2",
                            "widget-name": "左パネル",
                            "is-widget-container": "true",
                            "position": "left"
                          },
                          "name": "twx-overlay-container",
                          "children": [
                            {
                              "name": "twx-container-content"
                            }
                          ]
                        },
                        {
                          "attributes": {
                            "twx-widget": "",
                            "widget-id": "panel-3",
                            "widget-name": "中央パネル",
                            "is-widget-container": "true",
                            "position": "center"
                          },
                          "name": "twx-overlay-container",
                          "children": [
                            {
                              "name": "twx-container-content"
                            }
                          ]
                        },
                        {
                          "attributes": {
                            "twx-widget": "",
                            "widget-id": "panel-4",
                            "widget-name": "右パネル",
                            "is-widget-container": "true",
                            "position": "right"
                          },
                          "name": "twx-overlay-container",
                          "children": [
                            {
                              "name": "twx-container-content"
                            }
                          ]
                        }
                      ]
                    }
                  ]
                },
                {
                  "attributes": {
                    "twx-widget": "",
                    "widget-id": "panel-5",
                    "widget-name": "下部パネル",
                    "is-widget-container": "true",
                    "position": "bottom"
                  },
                  "name": "twx-overlay-container",
                  "children": [
                    {
                      "name": "twx-container-content"
                    }
                  ]
                }
              ]
            }
          ]
        }
      ]
    },
    {
      "name": "twx-fragment-parameters"
    },
    {
      "name": "twx-view-data"
    }
  ],
  "name": "twx-view"
}
