{
  "attributes": {
    "namespace": "app.mdl"
  },
  "children": [
    {
      "attributes": {
        "id": "vumark",
        "isbound": "false",
        "isdeletable": "false",
        "name": "ThingMark",
        "value": ""
      },
      "name": "twx-app-param"
    },
    {
      "attributes": {
        "id": "template",
        "isbound": "false",
        "isdeletable": "false",
        "name": "Thing Template",
        "value": ""
      },
      "name": "twx-app-param"
    },
    {
      "attributes": {
        "id": "thing",
        "isbound": "false",
        "isdeletable": "false",
        "name": "Thing",
        "value": ""
      },
      "name": "twx-app-param"
    },
    {
      "attributes": {
        "id": "rand1",
        "name": "rand1"
      },
      "name": "twx-app-param"
    },
    {
      "attributes": {
        "id": "rand2",
        "name": "rand2"
      },
      "name": "twx-app-param"
    },
    {
      "attributes": {
        "id": "rand",
        "isbound": "false",
        "isdeletable": "true",
        "name": "rand",
        "value": ""
      },
      "name": "twx-app-param"
    },
    {
      "attributes": {
        "id": "rand3",
        "isbound": "false",
        "isdeletable": "true",
        "name": "rand3",
        "value": ""
      },
      "name": "twx-app-param"
    },
    {
      "attributes": {
        "id": "percent1",
        "isbound": "false",
        "isdeletable": "true",
        "name": "percent1",
        "value": ""
      },
      "name": "twx-app-param"
    },
    {
      "attributes": {
        "id": "percent2",
        "isbound": "false",
        "isdeletable": "true",
        "name": "percent2",
        "value": ""
      },
      "name": "twx-app-param"
    }
  ],
  "name": "twx-app-mdl"
}
