{
  "name": "",
  "version": "1.0.0",
  "requires": [
    "w320dp",
    "spatial-tracking"
  ],
  "experiences": [
    {
      "vumark": "",
      "index-keys": [],
      "title": {
        "en": "testSVG"
      },
      "description": {
        "en": "",
        "en-US": ""
      },
      "requires": [
        "AR-tracking"
      ],
      "tags": [],
      "icon": "",
      "viewName": "Home",
      "url-template": "index.html?expId=1",
      "thingTemplateName": "",
      "experienceType": "none",
      "id": 1,
      "entryPoint": "index.html?expId=1",
      "thumbnail": "public/Uploaded/2020-02-04_12-18-30.gif"
    }
  ],
  "accessType": "public",
  "designedfor": [
    "offline"
  ],
  "widgetsUsage": [
    {
      "timestamp": "2023-03-05T13:28:41.224Z",
      "action": "LATEST_SAVE",
      "usage": {
        "twx-view": 1,
        "twx-dt-view": 1,
        "twx-dt-target-spatial": 1,
        "twx-dt-image": 4,
        "twx-dt-model": 1,
        "twx-overlay": 1,
        "twx-overlay-container": 5,
        "twx-overlay-body": 1
      }
    }
  ]
}
