{
  "name": "",
  "version": "1.0.0",
  "requires": [
    "w320dp"
  ],
  "experiences": [
    {
      "vumark": "20895:1",
      "experienceType": "vumark",
      "id": 1,
      "index-keys": [
        "urn:vuforia:vumark:20895:1"
      ],
      "title": {
        "en": "Play All and Step by Step"
      },
      "description": {
        "en": "",
        "en-US": ""
      },
      "requires": [
        "AR-tracking"
      ],
      "tags": [],
      "icon": "",
      "viewName": "ホーム",
      "url-template": "index.html?expId=1&vumark={{vuforia:vumark}}",
      "entryPoint": "index.html?expId=1",
      "thumbnail": "public/Uploaded/slider.JPG"
    }
  ],
  "widgetsUsage": [
    {
      "timestamp": "2021-07-08T05:56:47.409Z",
      "action": "PUBLISH",
      "usage": {
        "twx-view": 1,
        "twx-dt-view": 1,
        "twx-dt-model": 1,
        "twx-dt-target": 1,
        "twx-overlay": 1,
        "twx-overlay-container": 5,
        "twx-gridlayout": 3,
        "twx-row": 3,
        "twx-col": 9,
        "twx-toggle-button": 1,
        "twx-label": 1,
        "twx-overlay-body": 1,
        "twx-image2": 5,
        "twx-range": 1
      }
    },
    {
      "timestamp": "2021-07-08T06:08:50.937Z",
      "action": "PUBLISH",
      "usage": {
        "twx-view": 1,
        "twx-dt-view": 1,
        "twx-dt-model": 1,
        "twx-dt-target": 1,
        "twx-overlay": 1,
        "twx-overlay-container": 5,
        "twx-gridlayout": 3,
        "twx-row": 3,
        "twx-col": 9,
        "twx-toggle-button": 1,
        "twx-label": 1,
        "twx-overlay-body": 1,
        "twx-image2": 5,
        "twx-range": 1
      }
    },
    {
      "timestamp": "2021-07-08T06:09:04.954Z",
      "action": "PUBLISH",
      "usage": {
        "twx-view": 1,
        "twx-dt-view": 1,
        "twx-dt-model": 1,
        "twx-dt-target": 1,
        "twx-overlay": 1,
        "twx-overlay-container": 5,
        "twx-gridlayout": 3,
        "twx-row": 3,
        "twx-col": 9,
        "twx-toggle-button": 1,
        "twx-label": 1,
        "twx-overlay-body": 1,
        "twx-image2": 5,
        "twx-range": 1
      }
    },
    {
      "timestamp": "2021-07-08T07:01:06.468Z",
      "action": "PUBLISH",
      "usage": {
        "twx-view": 1,
        "twx-dt-view": 1,
        "twx-dt-model": 1,
        "twx-dt-target": 1,
        "twx-overlay": 1,
        "twx-overlay-container": 5,
        "twx-gridlayout": 3,
        "twx-row": 3,
        "twx-col": 9,
        "twx-toggle-button": 1,
        "twx-label": 1,
        "twx-overlay-body": 1,
        "twx-image2": 5,
        "twx-range": 1
      }
    },
    {
      "timestamp": "2022-10-01T08:26:03.099Z",
      "action": "PUBLISH",
      "usage": {
        "twx-view": 1,
        "twx-dt-view": 1,
        "twx-dt-model": 1,
        "twx-dt-target": 1,
        "twx-overlay": 1,
        "twx-overlay-container": 5,
        "twx-gridlayout": 4,
        "twx-row": 10,
        "twx-col": 17,
        "twx-label": 2,
        "twx-overlay-body": 1,
        "twx-image2": 5,
        "twx-toggle-button": 7
      }
    },
    {
      "timestamp": "2022-10-01T08:26:32.676Z",
      "action": "PUBLISH",
      "usage": {
        "twx-view": 1,
        "twx-dt-view": 1,
        "twx-dt-model": 1,
        "twx-dt-target": 1,
        "twx-overlay": 1,
        "twx-overlay-container": 5,
        "twx-gridlayout": 4,
        "twx-row": 10,
        "twx-col": 17,
        "twx-label": 2,
        "twx-overlay-body": 1,
        "twx-image2": 5,
        "twx-toggle-button": 7
      }
    },
    {
      "timestamp": "2022-10-01T08:26:41.228Z",
      "action": "PUBLISH",
      "usage": {
        "twx-view": 1,
        "twx-dt-view": 1,
        "twx-dt-model": 1,
        "twx-dt-target": 1,
        "twx-overlay": 1,
        "twx-overlay-container": 5,
        "twx-gridlayout": 4,
        "twx-row": 10,
        "twx-col": 17,
        "twx-label": 2,
        "twx-overlay-body": 1,
        "twx-image2": 5,
        "twx-toggle-button": 7
      }
    },
    {
      "timestamp": "2022-10-01T08:55:36.430Z",
      "action": "PUBLISH",
      "usage": {
        "twx-view": 1,
        "twx-dt-view": 1,
        "twx-dt-model": 1,
        "twx-dt-target": 1,
        "twx-overlay": 1,
        "twx-overlay-container": 5,
        "twx-gridlayout": 4,
        "twx-row": 10,
        "twx-col": 17,
        "twx-label": 2,
        "twx-overlay-body": 1,
        "twx-image2": 5,
        "twx-toggle-button": 7
      }
    },
    {
      "timestamp": "2022-10-01T08:57:39.293Z",
      "action": "PUBLISH",
      "usage": {
        "twx-view": 1,
        "twx-dt-view": 1,
        "twx-dt-model": 1,
        "twx-dt-target": 1,
        "twx-overlay": 1,
        "twx-overlay-container": 5,
        "twx-gridlayout": 4,
        "twx-row": 10,
        "twx-col": 17,
        "twx-label": 2,
        "twx-overlay-body": 1,
        "twx-image2": 5,
        "twx-toggle-button": 7
      }
    },
    {
      "timestamp": "2022-10-01T09:00:44.824Z",
      "action": "PUBLISH",
      "usage": {
        "twx-view": 1,
        "twx-dt-view": 1,
        "twx-dt-model": 1,
        "twx-dt-target": 1,
        "twx-overlay": 1,
        "twx-overlay-container": 5,
        "twx-gridlayout": 4,
        "twx-row": 10,
        "twx-col": 17,
        "twx-label": 2,
        "twx-overlay-body": 1,
        "twx-image2": 5,
        "twx-toggle-button": 7
      }
    },
    {
      "timestamp": "2023-04-24T10:26:14.158Z",
      "action": "PUBLISH",
      "usage": {
        "twx-view": 1,
        "twx-dt-view": 1,
        "twx-dt-model": 1,
        "twx-dt-target": 1,
        "twx-dt-wayfinder": 1,
        "twx-overlay": 1,
        "twx-overlay-container": 5,
        "twx-gridlayout": 4,
        "twx-row": 10,
        "twx-col": 16,
        "twx-range": 3,
        "twx-overlay-body": 1,
        "twx-image2": 5,
        "twx-toggle-button": 7,
        "twx-select": 1
      }
    },
    {
      "timestamp": "2023-04-24T10:28:43.719Z",
      "action": "PUBLISH",
      "usage": {
        "twx-view": 1,
        "twx-dt-view": 1,
        "twx-dt-model": 1,
        "twx-dt-target": 1,
        "twx-dt-wayfinder": 1,
        "twx-overlay": 1,
        "twx-overlay-container": 5,
        "twx-gridlayout": 4,
        "twx-row": 10,
        "twx-col": 16,
        "twx-range": 3,
        "twx-overlay-body": 1,
        "twx-image2": 5,
        "twx-toggle-button": 7,
        "twx-select": 1
      }
    },
    {
      "timestamp": "2023-04-24T10:30:24.920Z",
      "action": "PUBLISH",
      "usage": {
        "twx-view": 1,
        "twx-dt-view": 1,
        "twx-dt-model": 1,
        "twx-dt-target": 1,
        "twx-dt-wayfinder": 1,
        "twx-overlay": 1,
        "twx-overlay-container": 5,
        "twx-gridlayout": 4,
        "twx-row": 10,
        "twx-col": 16,
        "twx-range": 3,
        "twx-overlay-body": 1,
        "twx-image2": 5,
        "twx-toggle-button": 7,
        "twx-select": 1
      }
    },
    {
      "timestamp": "2023-04-24T10:33:56.969Z",
      "action": "PUBLISH",
      "usage": {
        "twx-view": 1,
        "twx-dt-view": 1,
        "twx-dt-model": 1,
        "twx-dt-target": 1,
        "twx-dt-wayfinder": 1,
        "twx-overlay": 1,
        "twx-overlay-container": 5,
        "twx-gridlayout": 4,
        "twx-row": 10,
        "twx-col": 16,
        "twx-range": 3,
        "twx-overlay-body": 1,
        "twx-image2": 5,
        "twx-toggle-button": 7,
        "twx-select": 1
      }
    },
    {
      "timestamp": "2023-04-29T08:34:29.828Z",
      "action": "LATEST_SAVE",
      "usage": {
        "twx-view": 1,
        "twx-dt-view": 1,
        "twx-dt-model": 1,
        "twx-dt-target": 1,
        "twx-dt-wayfinder": 1,
        "twx-overlay": 1,
        "twx-overlay-container": 5,
        "twx-range": 1,
        "twx-overlay-body": 1,
        "twx-gridlayout": 3,
        "twx-row": 9,
        "twx-col": 13,
        "twx-image2": 5,
        "twx-toggle-button": 7,
        "twx-select": 1
      }
    }
  ],
  "accessType": "public",
  "designedfor": []
}
