{"/":{"":{"Adapter_name":"proepview","Adapter_platform":"x86e_win64","Adapter_version":"parametric7000 7.0.0.0 - (17.0.0.25)","Model_RevNum":"202","Source_file_name":"ar_sample_asm.asm.1","Structure_has_assembly_features":"0"},"PROE Parameters":{"ATLAS_CONDITION1":"","ATLAS_CONDITION2":"","ATLAS_CONDITION3":"","ATLAS_CONDITION4":"","ATLAS_CONDITION5":"","ATLAS_MATERIAL":"","CAD_SIGN":"G","CAD_SUB_SIGN":"4","CHECKED":"M.Takahashi","DATE":"2022/03/09","DCI_DATE":"*","DCI_NO":"*","DECIDED":"M.Takahashi","DESIGNED":"M.Takahashi","D_C_T":"false","ECOLOGY":"false","FULL_CODE":"ASM001001","FULL_CODE_2D":"ASM001-0XX","GATHERING":"false","GT_CODE":"*********","HARDNESS":"*","HEAT_TREATMENT":"*","MASS":"189.137167","MATERIAL":"*","MATERIAL_COMPATIBILITY":"false","NATIVE_NAME":"false","NO_PART":"true","OUT_OF_SCALE":"ç¡ãN","PART_CODE":"ASM001","PART_NAME":"*","PDMDB":"","PDMREV":"0.1+","PDMRL":"ä½æ¥­ä¸­","PROI_BRANCH":"","PROI_RELEASE":"ä½æ¥­ä¸­","PROI_REVISION":"0","PROI_VERSION":"1+","PS":"false","PTC_COMMON_NAME":"ã¡ã«é¨å","PTC_MODIFIED":"true","PTC_ORGANIZATION_ID":"BIL01","PTC_WM_CREATED_BY":"Takahashi, Masato (ABS) é«æ© çäºº (ZZPBA508: BIL01)","PTC_WM_CREATED_ON":"09-Mar-22 06:20:41 PM","PTC_WM_ITERATION":"1","PTC_WM_LIFECYCLE":"Part_LC","PTC_WM_LIFECYCLE_STATE":"ä½æ¥­ä¸­","PTC_WM_LOCATION":"/è£½å/DL/10_CAD_Drawing/10_All_Dept/ZZPBA508","PTC_WM_MODIFIED_BY":"Takahashi, Masato (ABS) é«æ© çäºº (ZZPBA508: BIL01)","PTC_WM_MODIFIED_ON":"09-Mar-22 06:21:32 PM","PTC_WM_NAME":"ã¡ã«é¨å","PTC_WM_NUMBER":"AR_SAMPLE_ASM.ASM","PTC_WM_REVISION":"0","PTC_WM_VERSION":"0.1","RELATIONAL_PART_CODE":"******-XXX","REMARKS":"*","REVISION":"Z","SAFETY":"false","SECURITY_TRADE_CONTROL":"false","SUB_CODE_2D":"-0XX","SUB_CODE_DRAW":"001","SURFACE_TREATMENT":"*","UPLOAD_SOFT_TYPE":"net.brothergroup.ap.MechEPMDocument","VOLUME_NEW":"189137.166941","WORKING_PROCESS":"*"},"__PV_SystemProperties":{"Child Count":"3","Component Name":"AR_SAMPLE_ASM.ASM","Display Name":"AR_SAMPLE_ASM.ASM","Model Extents (mm)":"101.47","OL File Name":"ar_sample_asm.ol","Part Depth":"1","Part ID Path":"/","Part Name":"AR_SAMPLE_ASM.ASM","Part Path":"AR_SAMPLE_ASM.ASM"}},"/63":{"":{"Feature_Id":"63","Model_RevNum":"340","Source_file_name":"ar_sample_prt01.prt.1"},"PROE Parameters":{"ATLAS_CONDITION1":"","ATLAS_CONDITION2":"","ATLAS_CONDITION3":"","ATLAS_CONDITION4":"","ATLAS_CONDITION5":"","ATLAS_MATERIAL":"","CAD_SIGN":"G","CAD_SUB_SIGN":"4","CHECKED":"M.Takahashi","DATE":"2022/03/09","DCI_DATE":"*","DCI_NO":"*","DECIDED":"M.Takahashi","DESIGNED":"M.Takahashi","D_C_T":"false","ECOLOGY":"false","FULL_CODE":"AR0001001","FULL_CODE_2D":"AR0001-0XX","GATHERING":"false","GT_CODE":"*********","HARDNESS":"Hard01","HEAT_TREATMENT":"*","MASS":"62.500000","MATERIAL":"GMã³ã¼ã","MATERIAL2":"*","MATERIAL3":"*","MATERIAL4":"*","MATERIAL5":"*","MATERIAL6":"*","MATERIAL_COMPATIBILITY":"false","MATERIAL_MARKS":"*","NATIVE_NAME":"false","NO_PART":"false","OUT_OF_SCALE":"ç¡ãN","PART_CODE":"AR0001","PART_NAME":"AR SAMPLE PRT01","PDMDB":"","PDMREV":"0.1+","PDMRL":"ä½æ¥­ä¸­","PROI_BRANCH":"","PROI_RELEASE":"ä½æ¥­ä¸­","PROI_REVISION":"0","PROI_VERSION":"1+","PS":"false","PTC_COMMON_NAME":"ã¡ã«é¨å","PTC_MASTER_MATERIAL":"BROTHER_DEFAULT","PTC_MATERIAL_NAME":"BROTHER_DEFAULT","PTC_MODIFIED":"true","PTC_ORGANIZATION_ID":"BIL01","PTC_REPORTED_MATERIAL":"BROTHER_DEFAULT","PTC_WM_CREATED_BY":"Takahashi, Masato (ABS) é«æ© çäºº (ZZPBA508: BIL01)","PTC_WM_CREATED_ON":"09-Mar-22 06:20:41 PM","PTC_WM_ITERATION":"1","PTC_WM_LIFECYCLE":"Part_LC","PTC_WM_LIFECYCLE_STATE":"ä½æ¥­ä¸­","PTC_WM_LOCATION":"/è£½å/DL/10_CAD_Drawing/10_All_Dept/ZZPBA508","PTC_WM_MODIFIED_BY":"Takahashi, Masato (ABS) é«æ© çäºº (ZZPBA508: BIL01)","PTC_WM_MODIFIED_ON":"09-Mar-22 06:21:40 PM","PTC_WM_NAME":"ã¡ã«é¨å","PTC_WM_NUMBER":"AR_SAMPLE_PRT01.PRT","PTC_WM_REVISION":"0","PTC_WM_VERSION":"0.1","RELATIONAL_PART_CODE":"******-XXX","REMARKS":"*","REVISION":"Z","SAFETY":"false","SECURITY_TRADE_CONTROL":"false","SUB_CODE_2D":"-0XX","SUB_CODE_DRAW":"001","SURFACE_TREATMENT":"Surf01","UPLOAD_SOFT_TYPE":"net.brothergroup.ap.MechEPMDocument","VOLUME_NEW":"62500.000000","WORKING_PROCESS":"CASTING"},"__PV_SystemProperties":{"Child Count":"0","Component Name":"AR_SAMPLE_PRT01.PRT","Display Name":"AR_SAMPLE_PRT01.PRT","Model Extents (mm)":"76.0794","OL File Name":"ar_sample_asm_2.ol","Part Depth":"2","Part ID":"63","Part ID Path":"/63","Part Name":"AR_SAMPLE_PRT01.PRT","Part Path":"AR_SAMPLE_ASM.ASM/AR_SAMPLE_PRT01.PRT"}},"/64":{"":{"Feature_Id":"64","Model_RevNum":"330","Source_file_name":"ar_sample_prt02.prt.1"},"PROE Parameters":{"ATLAS_CONDITION1":"","ATLAS_CONDITION2":"","ATLAS_CONDITION3":"","ATLAS_CONDITION4":"","ATLAS_CONDITION5":"","ATLAS_MATERIAL":"","CAD_SIGN":"G","CAD_SUB_SIGN":"4","CHECKED":"M.Takahashi","DATE":"2022/03/09","DCI_DATE":"*","DCI_NO":"*","DECIDED":"M.Takahashi","DESIGNED":"M.Takahashi","D_C_T":"false","ECOLOGY":"false","FULL_CODE":"AR0002001","FULL_CODE_2D":"AR0002-0XX","GATHERING":"false","GT_CODE":"*********","HARDNESS":"Hard02","HEAT_TREATMENT":"*","MASS":"112.500000","MATERIAL":"GMã³ã¼ã","MATERIAL2":"*","MATERIAL3":"*","MATERIAL4":"*","MATERIAL5":"*","MATERIAL6":"*","MATERIAL_COMPATIBILITY":"false","MATERIAL_MARKS":"*","NATIVE_NAME":"false","NO_PART":"false","OUT_OF_SCALE":"ç¡ãN","PART_CODE":"AR0002","PART_NAME":"AR SAMPLE PRT02","PDMDB":"","PDMREV":"0.1+","PDMRL":"ä½æ¥­ä¸­","PROI_BRANCH":"","PROI_RELEASE":"ä½æ¥­ä¸­","PROI_REVISION":"0","PROI_VERSION":"1+","PS":"false","PTC_COMMON_NAME":"ã¡ã«é¨å","PTC_MASTER_MATERIAL":"BROTHER_DEFAULT","PTC_MATERIAL_NAME":"BROTHER_DEFAULT","PTC_MODIFIED":"true","PTC_ORGANIZATION_ID":"BIL01","PTC_REPORTED_MATERIAL":"BROTHER_DEFAULT","PTC_WM_CREATED_BY":"Takahashi, Masato (ABS) é«æ© çäºº (ZZPBA508: BIL01)","PTC_WM_CREATED_ON":"09-Mar-22 06:20:41 PM","PTC_WM_ITERATION":"1","PTC_WM_LIFECYCLE":"Part_LC","PTC_WM_LIFECYCLE_STATE":"ä½æ¥­ä¸­","PTC_WM_LOCATION":"/è£½å/DL/10_CAD_Drawing/10_All_Dept/ZZPBA508","PTC_WM_MODIFIED_BY":"Takahashi, Masato (ABS) é«æ© çäºº (ZZPBA508: BIL01)","PTC_WM_MODIFIED_ON":"09-Mar-22 06:21:40 PM","PTC_WM_NAME":"ã¡ã«é¨å","PTC_WM_NUMBER":"AR_SAMPLE_PRT02.PRT","PTC_WM_REVISION":"0","PTC_WM_VERSION":"0.1","RELATIONAL_PART_CODE":"******-XXX","REMARKS":"*","REVISION":"Z","SAFETY":"false","SECURITY_TRADE_CONTROL":"false","SUB_CODE_2D":"-0XX","SUB_CODE_DRAW":"001","SURFACE_TREATMENT":"Surf02","UPLOAD_SOFT_TYPE":"net.brothergroup.ap.MechEPMDocument","VOLUME_NEW":"112500.000000","WORKING_PROCESS":"CUTTING"},"__PV_SystemProperties":{"Child Count":"0","Component Name":"AR_SAMPLE_PRT02.PRT","Display Name":"AR_SAMPLE_PRT02.PRT","Model Extents (mm)":"76.0794","OL File Name":"ar_sample_asm_3.ol","Part Depth":"2","Part ID":"64","Part ID Path":"/64","Part Name":"AR_SAMPLE_PRT02.PRT","Part Path":"AR_SAMPLE_ASM.ASM/AR_SAMPLE_PRT02.PRT"}},"/65":{"":{"Feature_Id":"65","Model_RevNum":"300","Source_file_name":"ar_sample_prt03.prt.1"},"PROE Parameters":{"ATLAS_CONDITION1":"","ATLAS_CONDITION2":"","ATLAS_CONDITION3":"","ATLAS_CONDITION4":"","ATLAS_CONDITION5":"","ATLAS_MATERIAL":"","CAD_SIGN":"G","CAD_SUB_SIGN":"4","CHECKED":"M.Takahashi","DATE":"2022/03/09","DCI_DATE":"*","DCI_NO":"*","DECIDED":"M.Takahashi","DESIGNED":"M.Takahashi","D_C_T":"false","ECOLOGY":"false","FULL_CODE":"******001","FULL_CODE_2D":"******-0XX","GATHERING":"false","GT_CODE":"*********","HARDNESS":"Hard03","HEAT_TREATMENT":"*","MASS":"14.137167","MATERIAL":"GMã³ã¼ã","MATERIAL2":"*","MATERIAL3":"*","MATERIAL4":"*","MATERIAL5":"*","MATERIAL6":"*","MATERIAL_COMPATIBILITY":"false","MATERIAL_MARKS":"*","NATIVE_NAME":"false","NO_PART":"false","OUT_OF_SCALE":"ç¡ãN","PART_CODE":"******","PART_NAME":"AR SAMPLE PRT03","PDMDB":"","PDMREV":"0.1+","PDMRL":"ä½æ¥­ä¸­","PROI_BRANCH":"","PROI_RELEASE":"ä½æ¥­ä¸­","PROI_REVISION":"0","PROI_VERSION":"1+","PS":"false","PTC_COMMON_NAME":"ã¡ã«é¨å","PTC_MASTER_MATERIAL":"BROTHER_DEFAULT","PTC_MATERIAL_NAME":"BROTHER_DEFAULT","PTC_MODIFIED":"true","PTC_ORGANIZATION_ID":"BIL01","PTC_REPORTED_MATERIAL":"BROTHER_DEFAULT","PTC_WM_CREATED_BY":"Takahashi, Masato (ABS) é«æ© çäºº (ZZPBA508: BIL01)","PTC_WM_CREATED_ON":"09-Mar-22 06:20:41 PM","PTC_WM_ITERATION":"1","PTC_WM_LIFECYCLE":"Part_LC","PTC_WM_LIFECYCLE_STATE":"ä½æ¥­ä¸­","PTC_WM_LOCATION":"/è£½å/DL/10_CAD_Drawing/10_All_Dept/ZZPBA508","PTC_WM_MODIFIED_BY":"Takahashi, Masato (ABS) é«æ© çäºº (ZZPBA508: BIL01)","PTC_WM_MODIFIED_ON":"09-Mar-22 06:21:40 PM","PTC_WM_NAME":"ã¡ã«é¨å","PTC_WM_NUMBER":"AR_SAMPLE_PRT03.PRT","PTC_WM_REVISION":"0","PTC_WM_VERSION":"0.1","RELATIONAL_PART_CODE":"******-XXX","REMARKS":"*","REVISION":"Z","SAFETY":"false","SECURITY_TRADE_CONTROL":"false","SUB_CODE_2D":"-0XX","SUB_CODE_DRAW":"001","SURFACE_TREATMENT":"Surf03","UPLOAD_SOFT_TYPE":"net.brothergroup.ap.MechEPMDocument","VOLUME_NEW":"14137.166941","WORKING_PROCESS":"DIE-CASTING"},"__PV_SystemProperties":{"Child Count":"0","Component Name":"AR_SAMPLE_PRT03.PRT","Display Name":"AR_SAMPLE_PRT03.PRT","Model Extents (mm)":"40.2345","OL File Name":"ar_sample_asm_4.ol","Part Depth":"2","Part ID":"65","Part ID Path":"/65","Part Name":"AR_SAMPLE_PRT03.PRT","Part Path":"AR_SAMPLE_ASM.ASM/AR_SAMPLE_PRT03.PRT"}}}
