{
  "attributes": {
    "namespace": "app.mdl"
  },
  "children": [
    {
      "attributes": {
        "name": "IOTFolder",
        "twx-entity-type": "Things",
        "twx-entity-name": "IOTFolder"
      },
      "name": "twx-model",
      "children": [
        {
          "attributes": {
            "name": "SaveImageLee",
            "id": "SaveImageLee"
          },
          "name": "twx-model-service",
          "children": [
            {
              "attributes": {
                "name": "path",
                "value": "test999333.png"
              },
              "name": "twx-service-parameter-value"
            },
            {
              "attributes": {
                "databind-id": "db-1663230895513",
                "source-type": "ui",
                "source-label": "Camera",
                "source-name": "camera-1",
                "source-item-type": "property",
                "source-item-name": "image",
                "binding-type": "widget_property",
                "from-expression": "app.view['Home'].wdg['camera-1']['image']",
                "to-property": "content"
              },
              "name": "twx-databind"
            }
          ]
        }
      ]
    },
    {
      "attributes": {
        "id": "vumark",
        "isbound": "false",
        "isdeletable": "false",
        "name": "ThingMark",
        "value": ""
      },
      "name": "twx-app-param"
    },
    {
      "attributes": {
        "id": "template",
        "isbound": "false",
        "isdeletable": "false",
        "name": "Thing Template",
        "value": ""
      },
      "name": "twx-app-param"
    },
    {
      "attributes": {
        "id": "thing",
        "isbound": "false",
        "isdeletable": "false",
        "name": "Thing",
        "value": ""
      },
      "name": "twx-app-param"
    }
  ],
  "name": "twx-app-mdl"
}
