{
  "name": "",
  "version": "1.0.0",
  "requires": [
    "w320dp"
  ],
  "experiences": [
    {
      "vumark": "",
      "experienceType": "vumark",
      "id": 1,
      "index-keys": [],
      "title": {
        "en": "CameraTest"
      },
      "description": {
        "en": "",
        "en-US": ""
      },
      "requires": [
        "AR-tracking"
      ],
      "tags": [],
      "icon": "",
      "viewName": "Home",
      "url-template": "index.html?expId=1",
      "entryPoint": "index.html?expId=1",
      "thumbnail": ""
    }
  ],
  "widgetsUsage": [
    {
      "timestamp": "2022-09-16T05:10:54.867Z",
      "action": "LATEST_SAVE",
      "usage": {
        "twx-view": 1,
        "twx-dt-view": 1,
        "twx-dt-picture": 1,
        "twx-overlay": 1,
        "twx-overlay-container": 5,
        "twx-button": 2,
        "twx-overlay-body": 1,
        "twx-textarea": 1
      }
    }
  ],
  "accessType": "private",
  "designedfor": []
}
