{
  "attributes": {
    "twx-widget": "",
    "widget-id": "view-1",
    "widget-name": "view-1",
    "is-widget-container": "true",
    "viewtype": "ar"
  },
  "children": [
    {
      "name": "twx-container-content",
      "children": [
        {
          "attributes": {
            "twx-widget": "",
            "widget-id": "3DContainer-1",
            "widget-name": "3D Container",
            "is-widget-container": "true"
          },
          "name": "twx-dt-view",
          "children": [
            {
              "name": "twx-container-content"
            }
          ]
        },
        {
          "attributes": {
            "twx-widget": "",
            "widget-id": "2DOverlay-1",
            "widget-name": "2D Overlay",
            "is-widget-container": "true"
          },
          "name": "twx-overlay",
          "children": [
            {
              "name": "twx-container-content",
              "children": [
                {
                  "attributes": {
                    "twx-widget": "",
                    "widget-id": "panel-1",
                    "widget-name": "Top Panel",
                    "is-widget-container": "true",
                    "position": "top"
                  },
                  "name": "twx-overlay-container",
                  "children": [
                    {
                      "name": "twx-container-content",
                      "children": [
                        {
                          "attributes": {
                            "twx-widget": "",
                            "widget-id": "gridLayout-2",
                            "widget-name": "gridLayout-2",
                            "is-widget-container": "true"
                          },
                          "name": "twx-gridlayout",
                          "children": [
                            {
                              "name": "twx-container-content",
                              "children": [
                                {
                                  "attributes": {
                                    "twx-widget": "",
                                    "widget-id": "row-8",
                                    "widget-name": "row-8",
                                    "is-widget-container": "true"
                                  },
                                  "name": "twx-row",
                                  "children": [
                                    {
                                      "name": "twx-container-content",
                                      "children": [
                                        {
                                          "attributes": {
                                            "twx-widget": "",
                                            "widget-id": "column-8",
                                            "widget-name": "column-8",
                                            "is-widget-container": "true",
                                            "justification": "center",
                                            "alignment": "flex-end"
                                          },
                                          "name": "twx-col",
                                          "children": [
                                            {
                                              "name": "twx-container-content",
                                              "children": [
                                                {
                                                  "attributes": {
                                                    "twx-widget": "",
                                                    "widget-id": "label-5",
                                                    "state-format-value": "text",
                                                    "widget-name": "label-5",
                                                    "text": "",
                                                    "class": "uid-label"
                                                  },
                                                  "name": "twx-label",
                                                  "children": [
                                                    {
                                                      "attributes": {
                                                        "databind-id": "db-1674173765512",
                                                        "source-type": "data",
                                                        "source-name": "UID",
                                                        "source-item-type": "value",
                                                        "source-item-name": "UID",
                                                        "binding-type": "custom_field",
                                                        "from-expression": "app.params['UID']",
                                                        "to-property": "text"
                                                      },
                                                      "name": "twx-databind"
                                                    }
                                                  ]
                                                }
                                              ]
                                            }
                                          ]
                                        }
                                      ]
                                    }
                                  ]
                                }
                              ]
                            }
                          ]
                        }
                      ]
                    }
                  ]
                },
                {
                  "attributes": {
                    "twx-widget": "",
                    "widget-id": "2DOverlayBody-1",
                    "widget-name": "2D Body",
                    "is-widget-container": "true"
                  },
                  "name": "twx-overlay-body",
                  "children": [
                    {
                      "name": "twx-container-content",
                      "children": [
                        {
                          "attributes": {
                            "twx-widget": "",
                            "widget-id": "panel-2",
                            "widget-name": "Left Panel",
                            "is-widget-container": "true",
                            "position": "left"
                          },
                          "name": "twx-overlay-container",
                          "children": [
                            {
                              "name": "twx-container-content"
                            }
                          ]
                        },
                        {
                          "attributes": {
                            "twx-widget": "",
                            "widget-id": "panel-3",
                            "widget-name": "Center Panel",
                            "is-widget-container": "true",
                            "position": "center"
                          },
                          "name": "twx-overlay-container",
                          "children": [
                            {
                              "name": "twx-container-content",
                              "children": [
                                {
                                  "attributes": {
                                    "twx-widget": "",
                                    "widget-id": "popup-1",
                                    "widget-name": "popup-1",
                                    "is-widget-container": "true",
                                    "visible": "true"
                                  },
                                  "name": "twx-popup",
                                  "children": [
                                    {
                                      "name": "twx-container-content",
                                      "children": [
                                        {
                                          "attributes": {
                                            "twx-widget": "",
                                            "widget-id": "gridLayout-1",
                                            "widget-name": "gridLayout-1",
                                            "is-widget-container": "true",
                                            "class": ""
                                          },
                                          "name": "twx-gridlayout",
                                          "children": [
                                            {
                                              "name": "twx-container-content",
                                              "children": [
                                                {
                                                  "attributes": {
                                                    "twx-widget": "",
                                                    "widget-id": "row-1",
                                                    "widget-name": "row-1",
                                                    "is-widget-container": "true"
                                                  },
                                                  "name": "twx-row",
                                                  "children": [
                                                    {
                                                      "name": "twx-container-content",
                                                      "children": [
                                                        {
                                                          "attributes": {
                                                            "twx-widget": "",
                                                            "widget-id": "column-1",
                                                            "widget-name": "column-1",
                                                            "is-widget-container": "true",
                                                            "class": "top_menu",
                                                            "justification": "center",
                                                            "alignment": "center"
                                                          },
                                                          "name": "twx-col",
                                                          "children": [
                                                            {
                                                              "name": "twx-container-content",
                                                              "children": [
                                                                {
                                                                  "attributes": {
                                                                    "twx-widget": "",
                                                                    "widget-id": "label-2",
                                                                    "state-format-value": "text",
                                                                    "widget-name": "label-2",
                                                                    "click-expression": "movePage(\"Step1\");",
                                                                    "text": "オイル交換限度見本",
                                                                    "padding": ""
                                                                  },
                                                                  "name": "twx-label"
                                                                }
                                                              ]
                                                            }
                                                          ]
                                                        }
                                                      ]
                                                    }
                                                  ]
                                                },
                                                {
                                                  "attributes": {
                                                    "twx-widget": "",
                                                    "widget-id": "row-2",
                                                    "widget-name": "row-2",
                                                    "is-widget-container": "true",
                                                    "rowheight": "20px"
                                                  },
                                                  "name": "twx-row",
                                                  "children": [
                                                    {
                                                      "name": "twx-container-content",
                                                      "children": [
                                                        {
                                                          "attributes": {
                                                            "twx-widget": "",
                                                            "widget-id": "column-2",
                                                            "widget-name": "column-2",
                                                            "is-widget-container": "true"
                                                          },
                                                          "name": "twx-col",
                                                          "children": [
                                                            {
                                                              "name": "twx-container-content"
                                                            }
                                                          ]
                                                        }
                                                      ]
                                                    }
                                                  ]
                                                },
                                                {
                                                  "attributes": {
                                                    "twx-widget": "",
                                                    "widget-id": "row-3",
                                                    "widget-name": "row-3",
                                                    "is-widget-container": "true"
                                                  },
                                                  "name": "twx-row",
                                                  "children": [
                                                    {
                                                      "name": "twx-container-content",
                                                      "children": [
                                                        {
                                                          "attributes": {
                                                            "twx-widget": "",
                                                            "widget-id": "column-3",
                                                            "widget-name": "column-3",
                                                            "is-widget-container": "true",
                                                            "class": "top_menu",
                                                            "justification": "center",
                                                            "alignment": "center"
                                                          },
                                                          "name": "twx-col",
                                                          "children": [
                                                            {
                                                              "name": "twx-container-content",
                                                              "children": [
                                                                {
                                                                  "attributes": {
                                                                    "twx-widget": "",
                                                                    "widget-id": "label-3",
                                                                    "state-format-value": "text",
                                                                    "widget-name": "label-3",
                                                                    "click-expression": "movePage(\"Step2\");",
                                                                    "text": "モーター異音点検",
                                                                    "padding": ""
                                                                  },
                                                                  "name": "twx-label"
                                                                }
                                                              ]
                                                            }
                                                          ]
                                                        }
                                                      ]
                                                    }
                                                  ]
                                                },
                                                {
                                                  "attributes": {
                                                    "twx-widget": "",
                                                    "widget-id": "row-4",
                                                    "widget-name": "row-4",
                                                    "is-widget-container": "true",
                                                    "rowheight": "20px"
                                                  },
                                                  "name": "twx-row",
                                                  "children": [
                                                    {
                                                      "name": "twx-container-content",
                                                      "children": [
                                                        {
                                                          "attributes": {
                                                            "twx-widget": "",
                                                            "widget-id": "column-4",
                                                            "widget-name": "column-4",
                                                            "is-widget-container": "true"
                                                          },
                                                          "name": "twx-col",
                                                          "children": [
                                                            {
                                                              "name": "twx-container-content"
                                                            }
                                                          ]
                                                        }
                                                      ]
                                                    }
                                                  ]
                                                },
                                                {
                                                  "attributes": {
                                                    "twx-widget": "",
                                                    "widget-id": "row-5",
                                                    "widget-name": "row-5",
                                                    "is-widget-container": "true"
                                                  },
                                                  "name": "twx-row",
                                                  "children": [
                                                    {
                                                      "name": "twx-container-content",
                                                      "children": [
                                                        {
                                                          "attributes": {
                                                            "twx-widget": "",
                                                            "widget-id": "column-5",
                                                            "widget-name": "column-5",
                                                            "is-widget-container": "true",
                                                            "class": "top_menu",
                                                            "justification": "center",
                                                            "alignment": "center"
                                                          },
                                                          "name": "twx-col",
                                                          "children": [
                                                            {
                                                              "name": "twx-container-content",
                                                              "children": [
                                                                {
                                                                  "attributes": {
                                                                    "twx-widget": "",
                                                                    "widget-id": "label-1",
                                                                    "state-format-value": "text",
                                                                    "widget-name": "label-1",
                                                                    "click-expression": "movePage(\"Step3\");",
                                                                    "text": "モーター速度調整",
                                                                    "padding": ""
                                                                  },
                                                                  "name": "twx-label"
                                                                }
                                                              ]
                                                            }
                                                          ]
                                                        }
                                                      ]
                                                    }
                                                  ]
                                                },
                                                {
                                                  "attributes": {
                                                    "twx-widget": "",
                                                    "widget-id": "row-6",
                                                    "widget-name": "row-6",
                                                    "is-widget-container": "true",
                                                    "rowheight": "20px"
                                                  },
                                                  "name": "twx-row",
                                                  "children": [
                                                    {
                                                      "name": "twx-container-content",
                                                      "children": [
                                                        {
                                                          "attributes": {
                                                            "twx-widget": "",
                                                            "widget-id": "column-6",
                                                            "widget-name": "column-6",
                                                            "is-widget-container": "true"
                                                          },
                                                          "name": "twx-col",
                                                          "children": [
                                                            {
                                                              "name": "twx-container-content"
                                                            }
                                                          ]
                                                        }
                                                      ]
                                                    }
                                                  ]
                                                },
                                                {
                                                  "attributes": {
                                                    "twx-widget": "",
                                                    "widget-id": "row-7",
                                                    "widget-name": "row-7",
                                                    "is-widget-container": "true"
                                                  },
                                                  "name": "twx-row",
                                                  "children": [
                                                    {
                                                      "name": "twx-container-content",
                                                      "children": [
                                                        {
                                                          "attributes": {
                                                            "twx-widget": "",
                                                            "widget-id": "column-7",
                                                            "widget-name": "column-7",
                                                            "is-widget-container": "true",
                                                            "class": "top_menu",
                                                            "justification": "center",
                                                            "alignment": "center"
                                                          },
                                                          "name": "twx-col",
                                                          "children": [
                                                            {
                                                              "name": "twx-container-content",
                                                              "children": [
                                                                {
                                                                  "attributes": {
                                                                    "twx-widget": "",
                                                                    "widget-id": "label-4",
                                                                    "state-format-value": "text",
                                                                    "widget-name": "label-4",
                                                                    "click-expression": "movePage(\"Step4\");",
                                                                    "text": "センサー感度調整",
                                                                    "padding": ""
                                                                  },
                                                                  "name": "twx-label"
                                                                }
                                                              ]
                                                            }
                                                          ]
                                                        }
                                                      ]
                                                    }
                                                  ]
                                                },
                                                {
                                                  "attributes": {
                                                    "twx-widget": "",
                                                    "widget-id": "row-9",
                                                    "widget-name": "row-9",
                                                    "is-widget-container": "true",
                                                    "rowheight": "20px"
                                                  },
                                                  "name": "twx-row",
                                                  "children": [
                                                    {
                                                      "name": "twx-container-content",
                                                      "children": [
                                                        {
                                                          "attributes": {
                                                            "twx-widget": "",
                                                            "widget-id": "column-9",
                                                            "widget-name": "column-9",
                                                            "is-widget-container": "true",
                                                            "fixedcolsize": "40px"
                                                          },
                                                          "name": "twx-col",
                                                          "children": [
                                                            {
                                                              "name": "twx-container-content"
                                                            }
                                                          ]
                                                        }
                                                      ]
                                                    }
                                                  ]
                                                },
                                                {
                                                  "attributes": {
                                                    "twx-widget": "",
                                                    "widget-id": "row-10",
                                                    "widget-name": "row-10",
                                                    "is-widget-container": "true"
                                                  },
                                                  "name": "twx-row",
                                                  "children": [
                                                    {
                                                      "name": "twx-container-content",
                                                      "children": [
                                                        {
                                                          "attributes": {
                                                            "twx-widget": "",
                                                            "widget-id": "column-10",
                                                            "widget-name": "column-10",
                                                            "is-widget-container": "true",
                                                            "justification": "center",
                                                            "alignment": "center"
                                                          },
                                                          "name": "twx-col",
                                                          "children": [
                                                            {
                                                              "name": "twx-container-content",
                                                              "children": [
                                                                {
                                                                  "attributes": {
                                                                    "twx-widget": "",
                                                                    "widget-id": "button-1",
                                                                    "widget-name": "button-1",
                                                                    "click-expression": "CreateNew();",
                                                                    "text": "新規作成"
                                                                  },
                                                                  "name": "twx-button"
                                                                }
                                                              ]
                                                            }
                                                          ]
                                                        }
                                                      ]
                                                    }
                                                  ]
                                                }
                                              ]
                                            }
                                          ]
                                        }
                                      ]
                                    }
                                  ]
                                }
                              ]
                            }
                          ]
                        },
                        {
                          "attributes": {
                            "twx-widget": "",
                            "widget-id": "panel-4",
                            "widget-name": "Right Panel",
                            "is-widget-container": "true",
                            "position": "right"
                          },
                          "name": "twx-overlay-container",
                          "children": [
                            {
                              "name": "twx-container-content"
                            }
                          ]
                        }
                      ]
                    }
                  ]
                },
                {
                  "attributes": {
                    "twx-widget": "",
                    "widget-id": "panel-5",
                    "widget-name": "Bottom Panel",
                    "is-widget-container": "true",
                    "position": "bottom"
                  },
                  "name": "twx-overlay-container",
                  "children": [
                    {
                      "name": "twx-container-content"
                    }
                  ]
                }
              ]
            }
          ]
        }
      ]
    },
    {
      "name": "twx-fragment-parameters"
    },
    {
      "name": "twx-view-data"
    }
  ],
  "name": "twx-view"
}
