{
  "attributes": {
    "twx-widget": "",
    "widget-id": "view-1",
    "widget-name": "view-1",
    "is-widget-container": "true",
    "viewtype": "ar"
  },
  "children": [
    {
      "name": "twx-container-content",
      "children": [
        {
          "attributes": {
            "twx-widget": "",
            "widget-id": "3DContainer-1",
            "widget-name": "3D Container",
            "is-widget-container": "true"
          },
          "name": "twx-dt-view",
          "children": [
            {
              "name": "twx-container-content"
            }
          ]
        },
        {
          "attributes": {
            "twx-widget": "",
            "widget-id": "2DOverlay-1",
            "widget-name": "2D Overlay",
            "is-widget-container": "true"
          },
          "name": "twx-overlay",
          "children": [
            {
              "name": "twx-container-content",
              "children": [
                {
                  "attributes": {
                    "twx-widget": "",
                    "widget-id": "panel-1",
                    "widget-name": "Top Panel",
                    "is-widget-container": "true",
                    "position": "top"
                  },
                  "name": "twx-overlay-container",
                  "children": [
                    {
                      "name": "twx-container-content"
                    }
                  ]
                },
                {
                  "attributes": {
                    "twx-widget": "",
                    "widget-id": "2DOverlayBody-1",
                    "widget-name": "2D Body",
                    "is-widget-container": "true"
                  },
                  "name": "twx-overlay-body",
                  "children": [
                    {
                      "name": "twx-container-content",
                      "children": [
                        {
                          "attributes": {
                            "twx-widget": "",
                            "widget-id": "panel-2",
                            "widget-name": "Left Panel",
                            "is-widget-container": "true",
                            "position": "left"
                          },
                          "name": "twx-overlay-container",
                          "children": [
                            {
                              "name": "twx-container-content"
                            }
                          ]
                        },
                        {
                          "attributes": {
                            "twx-widget": "",
                            "widget-id": "panel-3",
                            "widget-name": "Center Panel",
                            "is-widget-container": "true",
                            "position": "center"
                          },
                          "name": "twx-overlay-container",
                          "children": [
                            {
                              "name": "twx-container-content"
                            }
                          ]
                        },
                        {
                          "attributes": {
                            "twx-widget": "",
                            "widget-id": "panel-4",
                            "widget-name": "Right Panel",
                            "is-widget-container": "true",
                            "position": "right"
                          },
                          "name": "twx-overlay-container",
                          "children": [
                            {
                              "name": "twx-container-content"
                            }
                          ]
                        }
                      ]
                    }
                  ]
                },
                {
                  "attributes": {
                    "twx-widget": "",
                    "widget-id": "panel-5",
                    "widget-name": "Bottom Panel",
                    "is-widget-container": "true",
                    "position": "bottom"
                  },
                  "name": "twx-overlay-container",
                  "children": [
                    {
                      "name": "twx-container-content",
                      "children": [
                        {
                          "attributes": {
                            "twx-widget": "",
                            "widget-id": "gridLayout-1",
                            "widget-name": "gridLayout-1",
                            "is-widget-container": "true"
                          },
                          "name": "twx-gridlayout",
                          "children": [
                            {
                              "name": "twx-container-content",
                              "children": [
                                {
                                  "attributes": {
                                    "twx-widget": "",
                                    "widget-id": "row-1",
                                    "widget-name": "row-1",
                                    "is-widget-container": "true"
                                  },
                                  "name": "twx-row",
                                  "children": [
                                    {
                                      "name": "twx-container-content",
                                      "children": [
                                        {
                                          "attributes": {
                                            "twx-widget": "",
                                            "widget-id": "column-1",
                                            "widget-name": "column-1",
                                            "is-widget-container": "true",
                                            "justification": "center",
                                            "alignment": "flex-end",
                                            "fixedcolsize": "200px"
                                          },
                                          "name": "twx-col",
                                          "children": [
                                            {
                                              "name": "twx-container-content",
                                              "children": [
                                                {
                                                  "attributes": {
                                                    "twx-widget": "",
                                                    "widget-id": "label-1",
                                                    "state-format-value": "text",
                                                    "widget-name": "label-1",
                                                    "text": "STEP4",
                                                    "class": "step-label"
                                                  },
                                                  "name": "twx-label"
                                                }
                                              ]
                                            }
                                          ]
                                        },
                                        {
                                          "attributes": {
                                            "twx-widget": "",
                                            "widget-id": "column-3",
                                            "widget-name": "column-3",
                                            "is-widget-container": "true",
                                            "fixedcolsize": "10px"
                                          },
                                          "name": "twx-col",
                                          "children": [
                                            {
                                              "name": "twx-container-content"
                                            }
                                          ]
                                        },
                                        {
                                          "attributes": {
                                            "twx-widget": "",
                                            "widget-id": "column-2",
                                            "widget-name": "column-2",
                                            "is-widget-container": "true",
                                            "justification": "center"
                                          },
                                          "name": "twx-col",
                                          "children": [
                                            {
                                              "name": "twx-container-content",
                                              "children": [
                                                {
                                                  "attributes": {
                                                    "twx-widget": "",
                                                    "widget-id": "label-2",
                                                    "state-format-value": "text",
                                                    "widget-name": "label-2",
                                                    "text": "オイルの点検を実施し写真を取得してください",
                                                    "class": "msg-label"
                                                  },
                                                  "name": "twx-label"
                                                }
                                              ]
                                            }
                                          ]
                                        }
                                      ]
                                    }
                                  ]
                                },
                                {
                                  "attributes": {
                                    "twx-widget": "",
                                    "widget-id": "row-2",
                                    "widget-name": "row-2",
                                    "is-widget-container": "true"
                                  },
                                  "name": "twx-row",
                                  "children": [
                                    {
                                      "name": "twx-container-content",
                                      "children": [
                                        {
                                          "attributes": {
                                            "twx-widget": "",
                                            "widget-id": "column-4",
                                            "widget-name": "column-4",
                                            "is-widget-container": "true",
                                            "flexdirection": "row",
                                            "justification": "flex-end",
                                            "alignment": "flex-end"
                                          },
                                          "name": "twx-col",
                                          "children": [
                                            {
                                              "name": "twx-container-content",
                                              "children": [
                                                {
                                                  "attributes": {
                                                    "twx-widget": "",
                                                    "widget-id": "button-1",
                                                    "widget-name": "button-1",
                                                    "click-expression": "movePage(\"Home\");",
                                                    "text": "メニューへ"
                                                  },
                                                  "name": "twx-button"
                                                },
                                                {
                                                  "attributes": {
                                                    "twx-widget": "",
                                                    "widget-id": "button-3",
                                                    "widget-name": "button-3",
                                                    "click-expression": "movePage(\"Step3\");",
                                                    "text": "前STEPへ"
                                                  },
                                                  "name": "twx-button"
                                                },
                                                {
                                                  "attributes": {
                                                    "twx-widget": "",
                                                    "widget-id": "button-2",
                                                    "widget-name": "button-2",
                                                    "click-expression": "movePage(\"Result\");",
                                                    "text": "段取完了"
                                                  },
                                                  "name": "twx-button"
                                                }
                                              ]
                                            }
                                          ]
                                        }
                                      ]
                                    }
                                  ]
                                }
                              ]
                            }
                          ]
                        }
                      ]
                    }
                  ]
                }
              ]
            }
          ]
        }
      ]
    },
    {
      "name": "twx-fragment-parameters"
    },
    {
      "name": "twx-view-data"
    }
  ],
  "name": "twx-view"
}
