{
  "attributes": {
    "twx-widget": "",
    "widget-id": "view-1",
    "widget-name": "view-1",
    "is-widget-container": "true",
    "viewtype": "ar"
  },
  "children": [
    {
      "name": "twx-container-content",
      "children": [
        {
          "attributes": {
            "twx-widget": "",
            "widget-id": "3DContainer-1",
            "widget-name": "3D Container",
            "is-widget-container": "true"
          },
          "name": "twx-dt-view",
          "children": [
            {
              "name": "twx-container-content"
            }
          ]
        },
        {
          "attributes": {
            "twx-widget": "",
            "widget-id": "2DOverlay-1",
            "widget-name": "2D Overlay",
            "is-widget-container": "true"
          },
          "name": "twx-overlay",
          "children": [
            {
              "name": "twx-container-content",
              "children": [
                {
                  "attributes": {
                    "twx-widget": "",
                    "widget-id": "panel-1",
                    "widget-name": "Top Panel",
                    "is-widget-container": "true",
                    "position": "top"
                  },
                  "name": "twx-overlay-container",
                  "children": [
                    {
                      "name": "twx-container-content",
                      "children": [
                        {
                          "attributes": {
                            "twx-widget": "",
                            "widget-id": "gridLayout-2",
                            "widget-name": "gridLayout-2",
                            "is-widget-container": "true"
                          },
                          "name": "twx-gridlayout",
                          "children": [
                            {
                              "name": "twx-container-content",
                              "children": [
                                {
                                  "attributes": {
                                    "twx-widget": "",
                                    "widget-id": "row-3",
                                    "widget-name": "row-3",
                                    "is-widget-container": "true"
                                  },
                                  "name": "twx-row",
                                  "children": [
                                    {
                                      "name": "twx-container-content",
                                      "children": [
                                        {
                                          "attributes": {
                                            "twx-widget": "",
                                            "widget-id": "column-3",
                                            "widget-name": "column-3",
                                            "is-widget-container": "true",
                                            "justification": "center",
                                            "alignment": "flex-end"
                                          },
                                          "name": "twx-col",
                                          "children": [
                                            {
                                              "name": "twx-container-content",
                                              "children": [
                                                {
                                                  "attributes": {
                                                    "twx-widget": "",
                                                    "widget-id": "camera-1",
                                                    "widget-name": "camera-1",
                                                    "picturetaken-expression": "sendImage();"
                                                  },
                                                  "name": "twx-dt-picture"
                                                },
                                                {
                                                  "attributes": {
                                                    "twx-widget": "",
                                                    "widget-id": "image-1",
                                                    "image-align": "center",
                                                    "widget-name": "image-1",
                                                    "imgsrc": "Uploaded/camera-white.svg",
                                                    "width": "60px"
                                                  },
                                                  "name": "twx-image2",
                                                  "children": [
                                                    {
                                                      "attributes": {
                                                        "eventbind-id": "eb-1672295088730",
                                                        "source-type": "widget",
                                                        "source-label": "Image",
                                                        "source-name": "image-1",
                                                        "source-event": "click",
                                                        "handler-type": "ui",
                                                        "handler-name": "camera-1",
                                                        "handler-service": "takePicture",
                                                        "handler-path": "app.view[\"Step1\"].wdg[\"camera-1\"].svc.takePicture"
                                                      },
                                                      "name": "twx-eventbind"
                                                    }
                                                  ]
                                                }
                                              ]
                                            }
                                          ]
                                        }
                                      ]
                                    }
                                  ]
                                }
                              ]
                            }
                          ]
                        }
                      ]
                    }
                  ]
                },
                {
                  "attributes": {
                    "twx-widget": "",
                    "widget-id": "2DOverlayBody-1",
                    "widget-name": "2D Body",
                    "is-widget-container": "true"
                  },
                  "name": "twx-overlay-body",
                  "children": [
                    {
                      "name": "twx-container-content",
                      "children": [
                        {
                          "attributes": {
                            "twx-widget": "",
                            "widget-id": "panel-2",
                            "widget-name": "Left Panel",
                            "is-widget-container": "true",
                            "position": "left"
                          },
                          "name": "twx-overlay-container",
                          "children": [
                            {
                              "name": "twx-container-content"
                            }
                          ]
                        },
                        {
                          "attributes": {
                            "twx-widget": "",
                            "widget-id": "panel-3",
                            "widget-name": "Center Panel",
                            "is-widget-container": "true",
                            "position": "center"
                          },
                          "name": "twx-overlay-container",
                          "children": [
                            {
                              "name": "twx-container-content",
                              "children": [
                                {
                                  "attributes": {
                                    "twx-widget": "",
                                    "widget-id": "popup-1",
                                    "widget-name": "popup-1",
                                    "is-widget-container": "true",
                                    "width": "410px",
                                    "height": "",
                                    "centered": "false",
                                    "top": "5%",
                                    "right": "12%"
                                  },
                                  "name": "twx-popup",
                                  "children": [
                                    {
                                      "name": "twx-container-content",
                                      "children": [
                                        {
                                          "attributes": {
                                            "twx-widget": "",
                                            "widget-id": "image-2",
                                            "widget-name": "image-2",
                                            "imgsrc": "Uploaded/color_sample.png",
                                            "width": "400px",
                                            "height": "90px"
                                          },
                                          "name": "twx-image2"
                                        }
                                      ]
                                    }
                                  ]
                                },
                                {
                                  "attributes": {
                                    "twx-widget": "",
                                    "widget-id": "popup-2",
                                    "widget-name": "popup-2",
                                    "is-widget-container": "true"
                                  },
                                  "name": "twx-popup",
                                  "children": [
                                    {
                                      "name": "twx-container-content",
                                      "children": [
                                        {
                                          "attributes": {
                                            "twx-widget": "",
                                            "widget-id": "gridLayout-4",
                                            "widget-name": "gridLayout-4",
                                            "is-widget-container": "true"
                                          },
                                          "name": "twx-gridlayout",
                                          "children": [
                                            {
                                              "name": "twx-container-content",
                                              "children": [
                                                {
                                                  "attributes": {
                                                    "twx-widget": "",
                                                    "widget-id": "row-5",
                                                    "widget-name": "row-5",
                                                    "is-widget-container": "true"
                                                  },
                                                  "name": "twx-row",
                                                  "children": [
                                                    {
                                                      "name": "twx-container-content",
                                                      "children": [
                                                        {
                                                          "attributes": {
                                                            "twx-widget": "",
                                                            "widget-id": "column-7",
                                                            "widget-name": "column-7",
                                                            "is-widget-container": "true",
                                                            "justification": "center",
                                                            "alignment": "center"
                                                          },
                                                          "name": "twx-col",
                                                          "children": [
                                                            {
                                                              "name": "twx-container-content",
                                                              "children": [
                                                                {
                                                                  "attributes": {
                                                                    "twx-widget": "",
                                                                    "widget-id": "label-3",
                                                                    "state-format-value": "text",
                                                                    "widget-name": "label-3",
                                                                    "text": ""
                                                                  },
                                                                  "name": "twx-label"
                                                                }
                                                              ]
                                                            }
                                                          ]
                                                        }
                                                      ]
                                                    }
                                                  ]
                                                }
                                              ]
                                            }
                                          ]
                                        }
                                      ]
                                    }
                                  ]
                                }
                              ]
                            }
                          ]
                        },
                        {
                          "attributes": {
                            "twx-widget": "",
                            "widget-id": "panel-4",
                            "widget-name": "Right Panel",
                            "is-widget-container": "true",
                            "position": "right",
                            "width": "210px"
                          },
                          "name": "twx-overlay-container",
                          "children": [
                            {
                              "name": "twx-container-content",
                              "children": [
                                {
                                  "attributes": {
                                    "twx-widget": "",
                                    "widget-id": "gridLayout-3",
                                    "widget-name": "gridLayout-3",
                                    "is-widget-container": "true"
                                  },
                                  "name": "twx-gridlayout",
                                  "children": [
                                    {
                                      "name": "twx-container-content",
                                      "children": [
                                        {
                                          "attributes": {
                                            "twx-widget": "",
                                            "widget-id": "row-4",
                                            "widget-name": "row-4",
                                            "is-widget-container": "true"
                                          },
                                          "name": "twx-row",
                                          "children": [
                                            {
                                              "name": "twx-container-content",
                                              "children": [
                                                {
                                                  "attributes": {
                                                    "twx-widget": "",
                                                    "widget-id": "column-5",
                                                    "widget-name": "column-5",
                                                    "is-widget-container": "true",
                                                    "justification": "center",
                                                    "alignment": "flex-end"
                                                  },
                                                  "name": "twx-col",
                                                  "children": [
                                                    {
                                                      "name": "twx-container-content",
                                                      "children": [
                                                        {
                                                          "attributes": {
                                                            "twx-widget": "",
                                                            "widget-id": "button-3",
                                                            "widget-name": "button-3",
                                                            "click-expression": "showSample();\nsaveAction(\"OC_LimitSample\");",
                                                            "text": "限度見本"
                                                          },
                                                          "name": "twx-button"
                                                        }
                                                      ]
                                                    }
                                                  ]
                                                }
                                              ]
                                            }
                                          ]
                                        }
                                      ]
                                    }
                                  ]
                                },
                                {
                                  "attributes": {
                                    "twx-widget": "",
                                    "widget-id": "panel-6",
                                    "widget-name": "panel-6",
                                    "is-widget-container": "true",
                                    "height": "350px",
                                    "flexdirection": "row",
                                    "justification": "flex-end",
                                    "alignment": "flex-end"
                                  },
                                  "name": "twx-panel",
                                  "children": [
                                    {
                                      "name": "twx-container-content"
                                    }
                                  ]
                                },
                                {
                                  "attributes": {
                                    "twx-widget": "",
                                    "widget-id": "gridLayout-7",
                                    "widget-name": "gridLayout-7",
                                    "is-widget-container": "true"
                                  },
                                  "name": "twx-gridlayout",
                                  "children": [
                                    {
                                      "name": "twx-container-content",
                                      "children": [
                                        {
                                          "attributes": {
                                            "twx-widget": "",
                                            "widget-id": "row-15",
                                            "widget-name": "row-15",
                                            "is-widget-container": "true"
                                          },
                                          "name": "twx-row",
                                          "children": [
                                            {
                                              "name": "twx-container-content",
                                              "children": [
                                                {
                                                  "attributes": {
                                                    "twx-widget": "",
                                                    "widget-id": "column-18",
                                                    "widget-name": "column-18",
                                                    "is-widget-container": "true"
                                                  },
                                                  "name": "twx-col",
                                                  "children": [
                                                    {
                                                      "name": "twx-container-content",
                                                      "children": [
                                                        {
                                                          "attributes": {
                                                            "twx-widget": "",
                                                            "widget-id": "button-4",
                                                            "widget-name": "button-4",
                                                            "click-expression": "saveAction(\"OC_Check\");",
                                                            "text": "チェックのみ実施"
                                                          },
                                                          "name": "twx-button"
                                                        }
                                                      ]
                                                    }
                                                  ]
                                                }
                                              ]
                                            }
                                          ]
                                        },
                                        {
                                          "attributes": {
                                            "twx-widget": "",
                                            "widget-id": "row-16",
                                            "widget-name": "row-16",
                                            "is-widget-container": "true"
                                          },
                                          "name": "twx-row",
                                          "children": [
                                            {
                                              "name": "twx-container-content",
                                              "children": [
                                                {
                                                  "attributes": {
                                                    "twx-widget": "",
                                                    "widget-id": "column-19",
                                                    "widget-name": "column-19",
                                                    "is-widget-container": "true"
                                                  },
                                                  "name": "twx-col",
                                                  "children": [
                                                    {
                                                      "name": "twx-container-content",
                                                      "children": [
                                                        {
                                                          "attributes": {
                                                            "twx-widget": "",
                                                            "widget-id": "button-5",
                                                            "widget-name": "button-5",
                                                            "click-expression": "saveAction(\"OC_Change\");",
                                                            "text": "交換実施"
                                                          },
                                                          "name": "twx-button"
                                                        }
                                                      ]
                                                    }
                                                  ]
                                                }
                                              ]
                                            }
                                          ]
                                        }
                                      ]
                                    }
                                  ]
                                }
                              ]
                            }
                          ]
                        }
                      ]
                    }
                  ]
                },
                {
                  "attributes": {
                    "twx-widget": "",
                    "widget-id": "panel-5",
                    "widget-name": "Bottom Panel",
                    "is-widget-container": "true",
                    "position": "bottom"
                  },
                  "name": "twx-overlay-container",
                  "children": [
                    {
                      "name": "twx-container-content",
                      "children": [
                        {
                          "attributes": {
                            "twx-widget": "",
                            "widget-id": "gridLayout-1",
                            "widget-name": "gridLayout-1",
                            "is-widget-container": "true"
                          },
                          "name": "twx-gridlayout",
                          "children": [
                            {
                              "name": "twx-container-content",
                              "children": [
                                {
                                  "attributes": {
                                    "twx-widget": "",
                                    "widget-id": "row-1",
                                    "widget-name": "row-1",
                                    "is-widget-container": "true"
                                  },
                                  "name": "twx-row",
                                  "children": [
                                    {
                                      "name": "twx-container-content",
                                      "children": [
                                        {
                                          "attributes": {
                                            "twx-widget": "",
                                            "widget-id": "column-1",
                                            "widget-name": "column-1",
                                            "is-widget-container": "true",
                                            "justification": "center",
                                            "alignment": "flex-end",
                                            "fixedcolsize": "200px"
                                          },
                                          "name": "twx-col",
                                          "children": [
                                            {
                                              "name": "twx-container-content",
                                              "children": [
                                                {
                                                  "attributes": {
                                                    "twx-widget": "",
                                                    "widget-id": "label-1",
                                                    "state-format-value": "text",
                                                    "widget-name": "label-1",
                                                    "text": "STEP1",
                                                    "class": "step-label"
                                                  },
                                                  "name": "twx-label"
                                                }
                                              ]
                                            }
                                          ]
                                        },
                                        {
                                          "attributes": {
                                            "twx-widget": "",
                                            "widget-id": "column-2",
                                            "widget-name": "column-2",
                                            "is-widget-container": "true",
                                            "justification": "center",
                                            "alignment": "flex-start",
                                            "fixedcolsize": "10px"
                                          },
                                          "name": "twx-col",
                                          "children": [
                                            {
                                              "name": "twx-container-content"
                                            }
                                          ]
                                        },
                                        {
                                          "attributes": {
                                            "twx-widget": "",
                                            "widget-id": "column-6",
                                            "widget-name": "column-6",
                                            "is-widget-container": "true"
                                          },
                                          "name": "twx-col",
                                          "children": [
                                            {
                                              "name": "twx-container-content",
                                              "children": [
                                                {
                                                  "attributes": {
                                                    "twx-widget": "",
                                                    "widget-id": "label-2",
                                                    "state-format-value": "text",
                                                    "widget-name": "label-2",
                                                    "text": "オイルの点検を実施し写真を取得してください",
                                                    "class": "msg-label"
                                                  },
                                                  "name": "twx-label"
                                                }
                                              ]
                                            }
                                          ]
                                        }
                                      ]
                                    }
                                  ]
                                },
                                {
                                  "attributes": {
                                    "twx-widget": "",
                                    "widget-id": "row-2",
                                    "widget-name": "row-2",
                                    "is-widget-container": "true"
                                  },
                                  "name": "twx-row",
                                  "children": [
                                    {
                                      "name": "twx-container-content",
                                      "children": [
                                        {
                                          "attributes": {
                                            "twx-widget": "",
                                            "widget-id": "column-4",
                                            "widget-name": "column-4",
                                            "is-widget-container": "true",
                                            "flexdirection": "row",
                                            "justification": "flex-end",
                                            "alignment": "flex-end"
                                          },
                                          "name": "twx-col",
                                          "children": [
                                            {
                                              "name": "twx-container-content",
                                              "children": [
                                                {
                                                  "attributes": {
                                                    "twx-widget": "",
                                                    "widget-id": "button-1",
                                                    "widget-name": "button-1",
                                                    "click-expression": "movePage(\"Home\");",
                                                    "text": "メニューへ"
                                                  },
                                                  "name": "twx-button"
                                                },
                                                {
                                                  "attributes": {
                                                    "twx-widget": "",
                                                    "widget-id": "button-2",
                                                    "widget-name": "button-2",
                                                    "click-expression": "movePage(\"Step2\");",
                                                    "text": "次STEPへ"
                                                  },
                                                  "name": "twx-button"
                                                }
                                              ]
                                            }
                                          ]
                                        }
                                      ]
                                    }
                                  ]
                                }
                              ]
                            }
                          ]
                        }
                      ]
                    }
                  ]
                }
              ]
            }
          ]
        }
      ]
    },
    {
      "name": "twx-fragment-parameters"
    },
    {
      "name": "twx-view-data"
    }
  ],
  "name": "twx-view"
}
