{
  "name": "EBR_SEMI_RobotArm_01lee3",
  "projectType": "eyewear",
  "viewType": "ar",
  "fileName": "EBR_SEMI_RobotArm_01lee3",
  "viewTemplateFileName": "home-ar-eyewear.json",
  "mainNavigationMenuStyle": "noMenu",
  "device": {
    "name": "eyewear"
  },
  "state": {
    "orientation": "landscape"
  },
  "targets": {
    "phone": {
      "components": [
        {
          "name": "ホーム",
          "fileName": "ホーム",
          "showInMainMenu": true,
          "viewType": "ar",
          "title": "ホーム"
        }
      ],
      "images": []
    },
    "shared": {
      "components": [
        {
          "name": "Data",
          "fileName": "Data"
        }
      ],
      "images": [],
      "fragments": [],
      "styles": [
        {
          "name": "App",
          "fileName": "App",
          "fileExt": "scss"
        }
      ]
    }
  },
  "resourceDirectory": "src/phone/resources",
  "resourceRuntimeDir": "app/resources",
  "fontRuntimeDir": "../fonts",
  "fontDesigntimeDir": "../dist/fonts",
  "theme": "twx-light",
  "version": "1.80.2338",
  "thingworxServer": "http://172.20.10.12:2019"
}
