{
  "attributes": {
    "namespace": "app.mdl"
  },
  "children": [
    {
      "attributes": {
        "name": "NGK.ARKepware.TH",
        "twx-entity-type": "Things",
        "twx-entity-name": "NGK.ARKepware.TH"
      },
      "name": "twx-model",
      "children": [
        {
          "attributes": {
            "name": "CreateAdjustData",
            "id": "CreateAdjustData"
          },
          "name": "twx-model-service"
        },
        {
          "attributes": {
            "name": "UpdateActionDate",
            "id": "UpdateActionDate"
          },
          "name": "twx-model-service"
        },
        {
          "attributes": {
            "name": "GetLastUID",
            "id": "GetLastUID",
            "on-app-load": ""
          },
          "name": "twx-model-service"
        },
        {
          "attributes": {
            "name": "UploadPicture",
            "id": "UploadPicture"
          },
          "name": "twx-model-service"
        }
      ]
    },
    {
      "attributes": {
        "id": "vumark",
        "isbound": "false",
        "isdeletable": "false",
        "name": "ThingMark",
        "value": ""
      },
      "name": "twx-app-param"
    },
    {
      "attributes": {
        "id": "template",
        "isbound": "false",
        "isdeletable": "false",
        "name": "Thing Template",
        "value": ""
      },
      "name": "twx-app-param"
    },
    {
      "attributes": {
        "id": "thing",
        "isbound": "false",
        "isdeletable": "false",
        "name": "Thing",
        "value": ""
      },
      "name": "twx-app-param"
    },
    {
      "attributes": {
        "id": "UID",
        "isbound": "false",
        "isdeletable": "true",
        "name": "UID",
        "value": ""
      },
      "name": "twx-app-param",
      "children": [
        {
          "attributes": {
            "databind-id": "db-1672574153402",
            "source-type": "data",
            "source-name": "NGK.ARKepware.TH",
            "source-item-type": "service",
            "source-item-name": "CreateAdjustData",
            "source-item-field-name": "result",
            "binding-type": "current_row_field",
            "from-expression": "app.mdl['NGK.ARKepware.TH'].svc['CreateAdjustData'].data.current['result']",
            "to-property": "app.params['UID']"
          },
          "name": "twx-databind"
        }
      ]
    },
    {
      "attributes": {
        "id": "TWXmodelID",
        "isbound": "false",
        "isdeletable": "true",
        "name": "TWXmodelID",
        "value": "NGK.ARKepware.TH"
      },
      "name": "twx-app-param"
    }
  ],
  "name": "twx-app-mdl"
}
