{
  "name": "",
  "version": "1.0.0",
  "requires": [
    "w320dp"
  ],
  "experiences": [
    {
      "vumark": "",
      "experienceType": "vumark",
      "id": 1,
      "index-keys": [],
      "title": {
        "en": "NGK_ARKit"
      },
      "description": {
        "en": "",
        "en-US": ""
      },
      "requires": [
        "AR-tracking"
      ],
      "tags": [],
      "icon": "",
      "viewName": "Home",
      "url-template": "index.html?expId=1",
      "entryPoint": "index.html?expId=1",
      "thumbnail": ""
    }
  ],
  "widgetsUsage": [
    {
      "timestamp": "2023-01-29T10:25:48.224Z",
      "action": "LATEST_SAVE",
      "usage": {
        "twx-view": 6,
        "twx-dt-view": 6,
        "twx-overlay": 6,
        "twx-overlay-container": 30,
        "twx-gridlayout": 15,
        "twx-row": 38,
        "twx-col": 56,
        "twx-label": 28,
        "twx-overlay-body": 6,
        "twx-popup": 4,
        "twx-button": 19,
        "twx-dt-picture": 1,
        "twx-image2": 2,
        "twx-panel": 2,
        "twx-toggle-button": 1
      }
    }
  ],
  "accessType": "private",
  "designedfor": []
}
