{
  "name": "",
  "version": "1.0.0",
  "requires": [
    "w320dp",
    "spatial-tracking"
  ],
  "experiences": [
    {
      "vumark": "",
      "experienceType": "none",
      "id": 1,
      "index-keys": [],
      "title": {
        "en": "36PCellLineFull"
      },
      "description": {
        "en": "",
        "en-US": ""
      },
      "requires": [
        "AR-tracking"
      ],
      "tags": [],
      "icon": "",
      "viewName": "ホーム",
      "url-template": "index.html?expId=1",
      "entryPoint": "index.html?expId=1",
      "thumbnail": "",
      "thingTemplateName": ""
    }
  ],
  "widgetsUsage": [
    {
      "timestamp": "2023-07-27T06:23:14.137Z",
      "action": "PUBLISH",
      "usage": {
        "twx-view": 1,
        "twx-dt-view": 1,
        "twx-dt-target-spatial": 1,
        "twx-dt-model": 1,
        "twx-overlay": 1,
        "twx-overlay-container": 5,
        "twx-overlay-body": 1,
        "twx-popup": 1,
        "twx-gridlayout": 2,
        "twx-row": 11,
        "twx-col": 33,
        "twx-toggle-button": 14,
        "twx-text-input": 3,
        "twx-label": 3
      }
    },
    {
      "timestamp": "2023-07-28T00:08:49.894Z",
      "action": "PUBLISH",
      "usage": {
        "twx-view": 1,
        "twx-dt-view": 1,
        "twx-dt-target-spatial": 1,
        "twx-dt-model": 1,
        "twx-overlay": 1,
        "twx-overlay-container": 5,
        "twx-overlay-body": 1,
        "twx-popup": 1,
        "twx-gridlayout": 2,
        "twx-row": 11,
        "twx-col": 33,
        "twx-toggle-button": 14,
        "twx-text-input": 3,
        "twx-label": 3
      }
    },
    {
      "timestamp": "2023-07-28T00:13:58.067Z",
      "action": "PUBLISH",
      "usage": {
        "twx-view": 1,
        "twx-dt-view": 1,
        "twx-dt-target-spatial": 1,
        "twx-dt-model": 1,
        "twx-overlay": 1,
        "twx-overlay-container": 5,
        "twx-overlay-body": 1,
        "twx-popup": 1,
        "twx-gridlayout": 2,
        "twx-row": 11,
        "twx-col": 33,
        "twx-toggle-button": 14,
        "twx-text-input": 3,
        "twx-label": 3
      }
    },
    {
      "timestamp": "2023-07-28T09:43:30.610Z",
      "action": "PUBLISH",
      "usage": {
        "twx-view": 1,
        "twx-dt-view": 1,
        "twx-dt-target-spatial": 1,
        "twx-dt-model": 1,
        "twx-overlay": 1,
        "twx-overlay-container": 5,
        "twx-overlay-body": 1,
        "twx-popup": 1,
        "twx-gridlayout": 2,
        "twx-row": 11,
        "twx-col": 33,
        "twx-toggle-button": 14,
        "twx-text-input": 3,
        "twx-label": 3
      }
    },
    {
      "timestamp": "2023-07-31T01:10:04.238Z",
      "action": "PUBLISH",
      "usage": {
        "twx-view": 1,
        "twx-dt-view": 1,
        "twx-dt-target-spatial": 1,
        "twx-dt-model": 1,
        "twx-overlay": 1,
        "twx-overlay-container": 5,
        "twx-overlay-body": 1,
        "twx-popup": 1,
        "twx-gridlayout": 2,
        "twx-row": 11,
        "twx-col": 33,
        "twx-toggle-button": 14,
        "twx-text-input": 3,
        "twx-label": 3
      }
    },
    {
      "timestamp": "2023-07-31T07:36:54.491Z",
      "action": "PUBLISH",
      "usage": {
        "twx-view": 1,
        "twx-dt-view": 1,
        "twx-dt-target-spatial": 1,
        "twx-dt-model": 1,
        "twx-overlay": 1,
        "twx-overlay-container": 5,
        "twx-overlay-body": 1,
        "twx-popup": 1,
        "twx-gridlayout": 2,
        "twx-row": 11,
        "twx-col": 33,
        "twx-toggle-button": 14,
        "twx-text-input": 3,
        "twx-label": 3
      }
    },
    {
      "timestamp": "2023-07-31T07:48:54.132Z",
      "action": "PUBLISH",
      "usage": {
        "twx-view": 1,
        "twx-dt-view": 1,
        "twx-dt-target-spatial": 1,
        "twx-dt-model": 1,
        "twx-overlay": 1,
        "twx-overlay-container": 5,
        "twx-overlay-body": 1,
        "twx-popup": 1,
        "twx-gridlayout": 2,
        "twx-row": 11,
        "twx-col": 33,
        "twx-toggle-button": 14,
        "twx-text-input": 3,
        "twx-label": 3
      }
    },
    {
      "timestamp": "2023-07-31T07:56:58.009Z",
      "action": "PUBLISH",
      "usage": {
        "twx-view": 1,
        "twx-dt-view": 1,
        "twx-dt-target-spatial": 1,
        "twx-dt-model": 1,
        "twx-overlay": 1,
        "twx-overlay-container": 5,
        "twx-overlay-body": 1,
        "twx-popup": 1,
        "twx-gridlayout": 2,
        "twx-row": 11,
        "twx-col": 33,
        "twx-toggle-button": 14,
        "twx-text-input": 3,
        "twx-label": 3
      }
    },
    {
      "timestamp": "2023-08-01T04:19:53.560Z",
      "action": "PUBLISH",
      "usage": {
        "twx-view": 1,
        "twx-dt-view": 1,
        "twx-dt-target-spatial": 1,
        "twx-dt-model": 1,
        "twx-overlay": 1,
        "twx-overlay-container": 5,
        "twx-overlay-body": 1,
        "twx-popup": 1,
        "twx-gridlayout": 2,
        "twx-row": 11,
        "twx-col": 33,
        "twx-toggle-button": 14,
        "twx-text-input": 3,
        "twx-label": 3
      }
    },
    {
      "timestamp": "2023-08-01T09:47:39.149Z",
      "action": "PUBLISH",
      "usage": {
        "twx-view": 1,
        "twx-dt-view": 1,
        "twx-dt-target-spatial": 1,
        "twx-dt-model": 1,
        "twx-overlay": 1,
        "twx-overlay-container": 5,
        "twx-overlay-body": 1,
        "twx-popup": 1,
        "twx-gridlayout": 2,
        "twx-row": 11,
        "twx-col": 33,
        "twx-toggle-button": 14,
        "twx-text-input": 3,
        "twx-label": 3
      }
    },
    {
      "timestamp": "2023-08-02T01:51:13.126Z",
      "action": "PUBLISH",
      "usage": {
        "twx-view": 1,
        "twx-dt-view": 1,
        "twx-dt-target-spatial": 1,
        "twx-dt-model": 1,
        "twx-overlay": 1,
        "twx-overlay-container": 5,
        "twx-overlay-body": 1,
        "twx-popup": 1,
        "twx-gridlayout": 2,
        "twx-row": 11,
        "twx-col": 33,
        "twx-toggle-button": 14,
        "twx-text-input": 3,
        "twx-label": 3
      }
    },
    {
      "timestamp": "2023-08-02T07:13:52.152Z",
      "action": "PUBLISH",
      "usage": {
        "twx-view": 1,
        "twx-dt-view": 1,
        "twx-dt-target-spatial": 1,
        "twx-dt-model": 1,
        "twx-dt-modelitem": 4,
        "twx-tml-text": 1,
        "twx-overlay": 1,
        "twx-overlay-container": 5,
        "twx-overlay-body": 1,
        "twx-popup": 1,
        "twx-gridlayout": 2,
        "twx-row": 11,
        "twx-col": 33,
        "twx-toggle-button": 15,
        "twx-text-input": 3,
        "twx-label": 3
      }
    },
    {
      "timestamp": "2023-08-02T07:46:30.911Z",
      "action": "PUBLISH",
      "usage": {
        "twx-view": 1,
        "twx-dt-view": 1,
        "twx-dt-target-spatial": 1,
        "twx-dt-model": 1,
        "twx-dt-modelitem": 4,
        "twx-tml-text": 1,
        "twx-overlay": 1,
        "twx-overlay-container": 5,
        "twx-overlay-body": 1,
        "twx-popup": 1,
        "twx-gridlayout": 2,
        "twx-row": 11,
        "twx-col": 33,
        "twx-toggle-button": 15,
        "twx-text-input": 3,
        "twx-label": 3
      }
    },
    {
      "timestamp": "2023-08-02T08:41:55.454Z",
      "action": "PUBLISH",
      "usage": {
        "twx-view": 1,
        "twx-dt-view": 1,
        "twx-dt-target-spatial": 1,
        "twx-dt-model": 1,
        "twx-dt-modelitem": 4,
        "twx-tml-text": 1,
        "twx-overlay": 1,
        "twx-overlay-container": 5,
        "twx-overlay-body": 1,
        "twx-popup": 1,
        "twx-gridlayout": 2,
        "twx-row": 11,
        "twx-col": 33,
        "twx-toggle-button": 15,
        "twx-text-input": 3,
        "twx-label": 3
      }
    },
    {
      "timestamp": "2023-08-02T09:10:08.179Z",
      "action": "PUBLISH",
      "usage": {
        "twx-view": 1,
        "twx-dt-view": 1,
        "twx-dt-target-spatial": 1,
        "twx-dt-model": 1,
        "twx-dt-modelitem": 4,
        "twx-tml-text": 1,
        "twx-overlay": 1,
        "twx-overlay-container": 5,
        "twx-overlay-body": 1,
        "twx-popup": 1,
        "twx-gridlayout": 2,
        "twx-row": 11,
        "twx-col": 34,
        "twx-toggle-button": 16,
        "twx-text-input": 3,
        "twx-label": 3
      }
    },
    {
      "timestamp": "2023-08-02T23:37:16.808Z",
      "action": "PUBLISH",
      "usage": {
        "twx-view": 1,
        "twx-dt-view": 1,
        "twx-dt-target-spatial": 1,
        "twx-dt-model": 1,
        "twx-dt-modelitem": 4,
        "twx-tml-text": 1,
        "twx-overlay": 1,
        "twx-overlay-container": 5,
        "twx-overlay-body": 1,
        "twx-popup": 1,
        "twx-gridlayout": 2,
        "twx-row": 11,
        "twx-col": 34,
        "twx-toggle-button": 16,
        "twx-text-input": 3,
        "twx-label": 3
      }
    },
    {
      "timestamp": "2023-08-03T01:10:08.318Z",
      "action": "PUBLISH",
      "usage": {
        "twx-view": 1,
        "twx-dt-view": 1,
        "twx-dt-target-spatial": 1,
        "twx-dt-model": 1,
        "twx-dt-modelitem": 4,
        "twx-tml-text": 1,
        "twx-overlay": 1,
        "twx-overlay-container": 5,
        "twx-overlay-body": 1,
        "twx-popup": 1,
        "twx-gridlayout": 2,
        "twx-row": 11,
        "twx-col": 34,
        "twx-toggle-button": 16,
        "twx-text-input": 3,
        "twx-label": 3
      }
    },
    {
      "timestamp": "2023-08-03T01:10:43.287Z",
      "action": "PUBLISH",
      "usage": {
        "twx-view": 1,
        "twx-dt-view": 1,
        "twx-dt-target-spatial": 1,
        "twx-dt-model": 1,
        "twx-dt-modelitem": 4,
        "twx-tml-text": 1,
        "twx-overlay": 1,
        "twx-overlay-container": 5,
        "twx-overlay-body": 1,
        "twx-popup": 1,
        "twx-gridlayout": 2,
        "twx-row": 11,
        "twx-col": 34,
        "twx-toggle-button": 16,
        "twx-text-input": 3,
        "twx-label": 3
      }
    },
    {
      "timestamp": "2023-08-03T01:39:31.785Z",
      "action": "PUBLISH",
      "usage": {
        "twx-view": 1,
        "twx-dt-view": 1,
        "twx-dt-target-spatial": 1,
        "twx-dt-model": 1,
        "twx-dt-modelitem": 4,
        "twx-tml-text": 1,
        "twx-overlay": 1,
        "twx-overlay-container": 5,
        "twx-overlay-body": 1,
        "twx-popup": 1,
        "twx-gridlayout": 2,
        "twx-row": 11,
        "twx-col": 34,
        "twx-toggle-button": 16,
        "twx-text-input": 3,
        "twx-label": 3
      }
    },
    {
      "timestamp": "2023-08-04T05:34:43.986Z",
      "action": "PUBLISH",
      "usage": {
        "twx-view": 1,
        "twx-dt-view": 1,
        "twx-dt-target-spatial": 1,
        "twx-dt-model": 1,
        "twx-dt-modelitem": 9,
        "twx-tml-text": 1,
        "twx-dt-image": 33,
        "twx-overlay": 1,
        "twx-overlay-container": 5,
        "twx-overlay-body": 1,
        "twx-popup": 1,
        "twx-gridlayout": 2,
        "twx-row": 11,
        "twx-col": 33,
        "twx-toggle-button": 14,
        "twx-text-input": 3,
        "twx-label": 3
      }
    },
    {
      "timestamp": "2023-08-04T05:39:57.771Z",
      "action": "PUBLISH",
      "usage": {
        "twx-view": 1,
        "twx-dt-view": 1,
        "twx-dt-target-spatial": 1,
        "twx-dt-model": 1,
        "twx-dt-modelitem": 9,
        "twx-tml-text": 1,
        "twx-dt-image": 33,
        "twx-overlay": 1,
        "twx-overlay-container": 5,
        "twx-overlay-body": 1,
        "twx-popup": 1,
        "twx-gridlayout": 2,
        "twx-row": 11,
        "twx-col": 33,
        "twx-toggle-button": 14,
        "twx-text-input": 3,
        "twx-label": 3
      }
    },
    {
      "timestamp": "2023-08-08T01:45:47.630Z",
      "action": "PUBLISH",
      "usage": {
        "twx-view": 1,
        "twx-dt-view": 1,
        "twx-dt-target-spatial": 1,
        "twx-dt-model": 1,
        "twx-dt-modelitem": 9,
        "twx-tml-text": 1,
        "twx-dt-image": 33,
        "twx-dt-wayfinder": 1,
        "twx-overlay": 1,
        "twx-overlay-container": 5,
        "twx-overlay-body": 1,
        "twx-popup": 1,
        "twx-gridlayout": 2,
        "twx-row": 11,
        "twx-col": 33,
        "twx-toggle-button": 14,
        "twx-text-input": 3,
        "twx-label": 3
      }
    },
    {
      "timestamp": "2023-08-08T02:14:24.598Z",
      "action": "PUBLISH",
      "usage": {
        "twx-view": 1,
        "twx-dt-view": 1,
        "twx-dt-target-spatial": 1,
        "twx-dt-model": 1,
        "twx-dt-modelitem": 9,
        "twx-tml-text": 1,
        "twx-dt-image": 33,
        "twx-dt-wayfinder": 1,
        "twx-overlay": 1,
        "twx-overlay-container": 5,
        "twx-overlay-body": 1,
        "twx-popup": 1,
        "twx-gridlayout": 2,
        "twx-row": 11,
        "twx-col": 33,
        "twx-toggle-button": 14,
        "twx-text-input": 3,
        "twx-label": 3
      }
    },
    {
      "timestamp": "2023-08-21T00:41:50.459Z",
      "action": "PUBLISH",
      "usage": {
        "twx-view": 1,
        "twx-dt-view": 1,
        "twx-dt-target-spatial": 1,
        "twx-dt-model": 1,
        "twx-dt-modelitem": 9,
        "twx-tml-text": 1,
        "twx-dt-image": 33,
        "twx-dt-wayfinder": 1,
        "twx-overlay": 1,
        "twx-overlay-container": 5,
        "twx-overlay-body": 1,
        "twx-popup": 1,
        "twx-gridlayout": 2,
        "twx-row": 11,
        "twx-col": 33,
        "twx-toggle-button": 14,
        "twx-text-input": 3,
        "twx-label": 3
      }
    },
    {
      "timestamp": "2023-09-07T07:21:44.555Z",
      "action": "PUBLISH",
      "usage": {
        "twx-view": 1,
        "twx-dt-view": 1,
        "twx-dt-target-spatial": 1,
        "twx-dt-model": 1,
        "twx-dt-modelitem": 9,
        "twx-tml-text": 1,
        "twx-dt-image": 33,
        "twx-dt-wayfinder": 1,
        "twx-overlay": 1,
        "twx-overlay-container": 5,
        "twx-overlay-body": 1,
        "twx-popup": 1,
        "twx-gridlayout": 2,
        "twx-row": 11,
        "twx-col": 33,
        "twx-label": 7,
        "twx-toggle-button": 14,
        "twx-text-input": 3
      }
    },
    {
      "timestamp": "2023-09-07T07:29:20.655Z",
      "action": "PUBLISH",
      "usage": {
        "twx-view": 1,
        "twx-dt-view": 1,
        "twx-dt-target-spatial": 1,
        "twx-dt-model": 1,
        "twx-dt-modelitem": 9,
        "twx-tml-text": 1,
        "twx-dt-image": 33,
        "twx-dt-wayfinder": 1,
        "twx-overlay": 1,
        "twx-overlay-container": 5,
        "twx-overlay-body": 1,
        "twx-popup": 1,
        "twx-gridlayout": 2,
        "twx-row": 11,
        "twx-col": 33,
        "twx-label": 7,
        "twx-toggle-button": 14,
        "twx-text-input": 3
      }
    },
    {
      "timestamp": "2023-09-08T00:04:37.814Z",
      "action": "PUBLISH",
      "usage": {
        "twx-view": 1,
        "twx-dt-view": 1,
        "twx-dt-target-spatial": 1,
        "twx-dt-model": 1,
        "twx-dt-modelitem": 9,
        "twx-tml-text": 1,
        "twx-dt-image": 33,
        "twx-dt-wayfinder": 1,
        "twx-overlay": 1,
        "twx-overlay-container": 5,
        "twx-overlay-body": 1,
        "twx-popup": 1,
        "twx-gridlayout": 2,
        "twx-row": 11,
        "twx-col": 33,
        "twx-label": 7,
        "twx-toggle-button": 14,
        "twx-text-input": 3
      }
    },
    {
      "timestamp": "2023-09-08T01:09:03.163Z",
      "action": "PUBLISH",
      "usage": {
        "twx-view": 1,
        "twx-dt-view": 1,
        "twx-dt-target-spatial": 1,
        "twx-dt-model": 1,
        "twx-dt-modelitem": 9,
        "twx-tml-text": 1,
        "twx-dt-image": 33,
        "twx-dt-wayfinder": 1,
        "twx-overlay": 1,
        "twx-overlay-container": 5,
        "twx-overlay-body": 1,
        "twx-popup": 1,
        "twx-gridlayout": 2,
        "twx-row": 11,
        "twx-col": 33,
        "twx-label": 7,
        "twx-toggle-button": 14,
        "twx-text-input": 3
      }
    },
    {
      "timestamp": "2023-09-12T00:14:38.551Z",
      "action": "PUBLISH",
      "usage": {
        "twx-view": 1,
        "twx-dt-view": 1,
        "twx-dt-target-spatial": 1,
        "twx-dt-model": 1,
        "twx-dt-modelitem": 9,
        "twx-tml-text": 2,
        "twx-dt-image": 34,
        "twx-dt-wayfinder": 1,
        "twx-overlay": 1,
        "twx-overlay-container": 5,
        "twx-overlay-body": 1,
        "twx-popup": 1,
        "twx-gridlayout": 2,
        "twx-row": 11,
        "twx-col": 33,
        "twx-label": 7,
        "twx-toggle-button": 14,
        "twx-text-input": 3
      }
    },
    {
      "timestamp": "2023-09-15T02:07:28.551Z",
      "action": "PUBLISH",
      "usage": {
        "twx-view": 1,
        "twx-dt-view": 1,
        "twx-dt-target-spatial": 1,
        "twx-dt-model": 1,
        "twx-dt-modelitem": 9,
        "twx-tml-text": 3,
        "twx-dt-image": 36,
        "twx-dt-wayfinder": 1,
        "twx-overlay": 1,
        "twx-overlay-container": 5,
        "twx-label": 8,
        "twx-overlay-body": 1,
        "twx-popup": 1,
        "twx-gridlayout": 2,
        "twx-row": 11,
        "twx-col": 33,
        "twx-toggle-button": 14,
        "twx-text-input": 3,
        "twx-toggle": 1
      }
    },
    {
      "timestamp": "2023-09-15T02:15:23.920Z",
      "action": "PUBLISH",
      "usage": {
        "twx-view": 1,
        "twx-dt-view": 1,
        "twx-dt-target-spatial": 1,
        "twx-dt-model": 1,
        "twx-dt-modelitem": 9,
        "twx-tml-text": 3,
        "twx-dt-image": 36,
        "twx-dt-wayfinder": 1,
        "twx-overlay": 1,
        "twx-overlay-container": 5,
        "twx-label": 8,
        "twx-overlay-body": 1,
        "twx-popup": 1,
        "twx-gridlayout": 2,
        "twx-row": 11,
        "twx-col": 33,
        "twx-toggle-button": 14,
        "twx-text-input": 3,
        "twx-toggle": 1
      }
    },
    {
      "timestamp": "2023-09-15T02:17:18.457Z",
      "action": "PUBLISH",
      "usage": {
        "twx-view": 1,
        "twx-dt-view": 1,
        "twx-dt-target-spatial": 1,
        "twx-dt-model": 1,
        "twx-dt-modelitem": 9,
        "twx-tml-text": 3,
        "twx-dt-image": 36,
        "twx-dt-wayfinder": 1,
        "twx-overlay": 1,
        "twx-overlay-container": 5,
        "twx-label": 8,
        "twx-overlay-body": 1,
        "twx-popup": 1,
        "twx-gridlayout": 2,
        "twx-row": 11,
        "twx-col": 33,
        "twx-toggle-button": 14,
        "twx-text-input": 3,
        "twx-toggle": 1
      }
    },
    {
      "timestamp": "2023-09-15T02:19:41.136Z",
      "action": "PUBLISH",
      "usage": {
        "twx-view": 1,
        "twx-dt-view": 1,
        "twx-dt-target-spatial": 1,
        "twx-dt-model": 1,
        "twx-dt-modelitem": 9,
        "twx-tml-text": 3,
        "twx-dt-image": 36,
        "twx-dt-wayfinder": 1,
        "twx-overlay": 1,
        "twx-overlay-container": 5,
        "twx-label": 8,
        "twx-overlay-body": 1,
        "twx-popup": 1,
        "twx-gridlayout": 2,
        "twx-row": 11,
        "twx-col": 33,
        "twx-toggle-button": 14,
        "twx-text-input": 3,
        "twx-toggle": 1
      }
    },
    {
      "timestamp": "2023-09-15T02:40:02.478Z",
      "action": "PUBLISH",
      "usage": {
        "twx-view": 1,
        "twx-dt-view": 1,
        "twx-dt-target-spatial": 1,
        "twx-dt-model": 1,
        "twx-dt-modelitem": 9,
        "twx-tml-text": 3,
        "twx-dt-image": 36,
        "twx-dt-wayfinder": 1,
        "twx-overlay": 1,
        "twx-overlay-container": 5,
        "twx-label": 8,
        "twx-overlay-body": 1,
        "twx-popup": 1,
        "twx-gridlayout": 2,
        "twx-row": 11,
        "twx-col": 33,
        "twx-toggle-button": 14,
        "twx-text-input": 3,
        "twx-toggle": 1
      }
    },
    {
      "timestamp": "2023-09-19T02:19:39.510Z",
      "action": "PUBLISH",
      "usage": {
        "twx-view": 1,
        "twx-dt-view": 1,
        "twx-dt-target-spatial": 1,
        "twx-dt-model": 1,
        "twx-dt-modelitem": 9,
        "twx-tml-text": 3,
        "twx-dt-image": 36,
        "twx-dt-wayfinder": 1,
        "twx-overlay": 1,
        "twx-overlay-container": 5,
        "twx-label": 8,
        "twx-overlay-body": 1,
        "twx-popup": 1,
        "twx-gridlayout": 2,
        "twx-row": 11,
        "twx-col": 33,
        "twx-toggle-button": 14,
        "twx-text-input": 3,
        "twx-toggle": 1
      }
    },
    {
      "timestamp": "2023-09-19T02:22:56.389Z",
      "action": "PUBLISH",
      "usage": {
        "twx-view": 1,
        "twx-dt-view": 1,
        "twx-dt-target-spatial": 1,
        "twx-dt-model": 1,
        "twx-dt-modelitem": 9,
        "twx-tml-text": 3,
        "twx-dt-image": 36,
        "twx-dt-wayfinder": 1,
        "twx-overlay": 1,
        "twx-overlay-container": 5,
        "twx-label": 8,
        "twx-overlay-body": 1,
        "twx-popup": 1,
        "twx-gridlayout": 2,
        "twx-row": 11,
        "twx-col": 33,
        "twx-toggle-button": 14,
        "twx-text-input": 3,
        "twx-toggle": 1
      }
    },
    {
      "timestamp": "2023-09-19T02:40:34.090Z",
      "action": "PUBLISH",
      "usage": {
        "twx-view": 1,
        "twx-dt-view": 1,
        "twx-dt-target-spatial": 1,
        "twx-dt-model": 1,
        "twx-dt-modelitem": 9,
        "twx-tml-text": 3,
        "twx-dt-image": 41,
        "twx-dt-wayfinder": 1,
        "twx-overlay": 1,
        "twx-overlay-container": 5,
        "twx-overlay-body": 1,
        "twx-popup": 1,
        "twx-gridlayout": 2,
        "twx-row": 11,
        "twx-col": 33,
        "twx-label": 7,
        "twx-toggle-button": 14,
        "twx-text-input": 3,
        "twx-toggle": 1
      }
    },
    {
      "timestamp": "2023-09-19T02:43:34.157Z",
      "action": "PUBLISH",
      "usage": {
        "twx-view": 1,
        "twx-dt-view": 1,
        "twx-dt-target-spatial": 1,
        "twx-dt-model": 1,
        "twx-dt-modelitem": 9,
        "twx-tml-text": 3,
        "twx-dt-image": 41,
        "twx-dt-wayfinder": 1,
        "twx-overlay": 1,
        "twx-overlay-container": 5,
        "twx-overlay-body": 1,
        "twx-popup": 1,
        "twx-gridlayout": 2,
        "twx-row": 11,
        "twx-col": 33,
        "twx-label": 7,
        "twx-toggle-button": 14,
        "twx-text-input": 3,
        "twx-toggle": 1
      }
    },
    {
      "timestamp": "2023-09-19T02:46:17.029Z",
      "action": "PUBLISH",
      "usage": {
        "twx-view": 1,
        "twx-dt-view": 1,
        "twx-dt-target-spatial": 1,
        "twx-dt-model": 1,
        "twx-dt-modelitem": 9,
        "twx-tml-text": 3,
        "twx-dt-image": 41,
        "twx-dt-wayfinder": 1,
        "twx-overlay": 1,
        "twx-overlay-container": 5,
        "twx-overlay-body": 1,
        "twx-popup": 1,
        "twx-gridlayout": 2,
        "twx-row": 11,
        "twx-col": 33,
        "twx-label": 7,
        "twx-toggle-button": 14,
        "twx-text-input": 3,
        "twx-toggle": 1
      }
    },
    {
      "timestamp": "2023-09-19T03:48:14.129Z",
      "action": "PUBLISH",
      "usage": {
        "twx-view": 1,
        "twx-dt-view": 1,
        "twx-dt-target-spatial": 1,
        "twx-dt-model": 1,
        "twx-dt-modelitem": 9,
        "twx-tml-text": 3,
        "twx-dt-image": 41,
        "twx-dt-wayfinder": 1,
        "twx-overlay": 1,
        "twx-overlay-container": 5,
        "twx-overlay-body": 1,
        "twx-popup": 1,
        "twx-gridlayout": 2,
        "twx-row": 11,
        "twx-col": 33,
        "twx-label": 7,
        "twx-toggle-button": 14,
        "twx-text-input": 3,
        "twx-toggle": 1
      }
    },
    {
      "timestamp": "2023-09-19T06:19:40.700Z",
      "action": "PUBLISH",
      "usage": {
        "twx-view": 1,
        "twx-dt-view": 1,
        "twx-dt-target-spatial": 1,
        "twx-dt-model": 1,
        "twx-dt-modelitem": 9,
        "twx-tml-text": 3,
        "twx-dt-image": 41,
        "twx-dt-wayfinder": 1,
        "twx-overlay": 1,
        "twx-overlay-container": 5,
        "twx-overlay-body": 1,
        "twx-popup": 1,
        "twx-gridlayout": 2,
        "twx-row": 11,
        "twx-col": 33,
        "twx-label": 7,
        "twx-toggle-button": 14,
        "twx-text-input": 3,
        "twx-toggle": 1
      }
    },
    {
      "timestamp": "2023-09-20T02:33:00.076Z",
      "action": "PUBLISH",
      "usage": {
        "twx-view": 1,
        "twx-dt-view": 1,
        "twx-dt-target-spatial": 1,
        "twx-dt-model": 1,
        "twx-dt-modelitem": 9,
        "twx-tml-text": 3,
        "twx-dt-image": 41,
        "twx-dt-wayfinder": 1,
        "twx-overlay": 1,
        "twx-overlay-container": 5,
        "twx-overlay-body": 1,
        "twx-popup": 1,
        "twx-gridlayout": 2,
        "twx-row": 11,
        "twx-col": 33,
        "twx-label": 7,
        "twx-toggle-button": 14,
        "twx-text-input": 3,
        "twx-toggle": 1
      }
    },
    {
      "timestamp": "2023-09-20T02:38:56.079Z",
      "action": "PUBLISH",
      "usage": {
        "twx-view": 1,
        "twx-dt-view": 1,
        "twx-dt-target-spatial": 1,
        "twx-dt-model": 1,
        "twx-dt-modelitem": 9,
        "twx-tml-text": 3,
        "twx-dt-image": 41,
        "twx-dt-wayfinder": 1,
        "twx-overlay": 1,
        "twx-overlay-container": 5,
        "twx-overlay-body": 1,
        "twx-popup": 1,
        "twx-gridlayout": 2,
        "twx-row": 11,
        "twx-col": 33,
        "twx-label": 7,
        "twx-toggle-button": 14,
        "twx-text-input": 3,
        "twx-toggle": 1
      }
    },
    {
      "timestamp": "2023-09-20T02:42:32.595Z",
      "action": "PUBLISH",
      "usage": {
        "twx-view": 1,
        "twx-dt-view": 1,
        "twx-dt-target-spatial": 1,
        "twx-dt-model": 1,
        "twx-dt-modelitem": 9,
        "twx-tml-text": 3,
        "twx-dt-image": 41,
        "twx-dt-wayfinder": 1,
        "twx-overlay": 1,
        "twx-overlay-container": 5,
        "twx-overlay-body": 1,
        "twx-popup": 1,
        "twx-gridlayout": 2,
        "twx-row": 11,
        "twx-col": 33,
        "twx-label": 7,
        "twx-toggle-button": 14,
        "twx-text-input": 3,
        "twx-toggle": 1
      }
    },
    {
      "timestamp": "2023-09-21T00:30:36.899Z",
      "action": "PUBLISH",
      "usage": {
        "twx-view": 1,
        "twx-dt-view": 1,
        "twx-dt-target-spatial": 1,
        "twx-dt-model": 1,
        "twx-dt-modelitem": 9,
        "twx-tml-text": 3,
        "twx-dt-image": 41,
        "twx-dt-wayfinder": 1,
        "twx-overlay": 1,
        "twx-overlay-container": 5,
        "twx-overlay-body": 1,
        "twx-popup": 1,
        "twx-gridlayout": 2,
        "twx-row": 11,
        "twx-col": 33,
        "twx-label": 7,
        "twx-toggle-button": 14,
        "twx-text-input": 3,
        "twx-toggle": 1
      }
    },
    {
      "timestamp": "2023-09-21T00:49:23.510Z",
      "action": "PUBLISH",
      "usage": {
        "twx-view": 1,
        "twx-dt-view": 1,
        "twx-dt-target-spatial": 1,
        "twx-dt-model": 1,
        "twx-dt-modelitem": 9,
        "twx-tml-text": 3,
        "twx-dt-image": 41,
        "twx-dt-wayfinder": 1,
        "twx-overlay": 1,
        "twx-overlay-container": 5,
        "twx-overlay-body": 1,
        "twx-popup": 1,
        "twx-gridlayout": 2,
        "twx-row": 11,
        "twx-col": 33,
        "twx-label": 7,
        "twx-toggle-button": 14,
        "twx-text-input": 3,
        "twx-toggle": 1
      }
    },
    {
      "timestamp": "2023-09-22T00:54:00.556Z",
      "action": "PUBLISH",
      "usage": {
        "twx-view": 1,
        "twx-dt-view": 1,
        "twx-dt-target-spatial": 1,
        "twx-dt-model": 2,
        "twx-dt-modelitem": 9,
        "twx-tml-text": 3,
        "twx-dt-image": 41,
        "twx-dt-wayfinder": 1,
        "twx-overlay": 1,
        "twx-overlay-container": 5,
        "twx-overlay-body": 1,
        "twx-popup": 1,
        "twx-gridlayout": 2,
        "twx-row": 11,
        "twx-col": 33,
        "twx-label": 7,
        "twx-toggle-button": 14,
        "twx-text-input": 3,
        "twx-toggle": 1
      }
    },
    {
      "timestamp": "2023-09-22T02:12:05.182Z",
      "action": "PUBLISH",
      "usage": {
        "twx-view": 1,
        "twx-dt-view": 1,
        "twx-dt-target-spatial": 1,
        "twx-dt-model": 2,
        "twx-dt-modelitem": 9,
        "twx-tml-text": 3,
        "twx-dt-image": 41,
        "twx-dt-wayfinder": 1,
        "twx-overlay": 1,
        "twx-overlay-container": 5,
        "twx-overlay-body": 1,
        "twx-popup": 1,
        "twx-gridlayout": 2,
        "twx-row": 11,
        "twx-col": 33,
        "twx-label": 7,
        "twx-toggle-button": 14,
        "twx-text-input": 3,
        "twx-toggle": 1
      }
    },
    {
      "timestamp": "2023-09-22T04:33:35.869Z",
      "action": "PUBLISH",
      "usage": {
        "twx-view": 1,
        "twx-dt-view": 1,
        "twx-dt-target-spatial": 1,
        "twx-dt-model": 2,
        "twx-dt-modelitem": 9,
        "twx-tml-text": 3,
        "twx-dt-image": 41,
        "twx-dt-wayfinder": 1,
        "twx-overlay": 1,
        "twx-overlay-container": 5,
        "twx-overlay-body": 1,
        "twx-popup": 1,
        "twx-gridlayout": 2,
        "twx-row": 11,
        "twx-col": 33,
        "twx-label": 7,
        "twx-toggle-button": 14,
        "twx-text-input": 3,
        "twx-toggle": 1
      }
    },
    {
      "timestamp": "2023-09-22T04:36:23.198Z",
      "action": "PUBLISH",
      "usage": {
        "twx-view": 1,
        "twx-dt-view": 1,
        "twx-dt-target-spatial": 1,
        "twx-dt-model": 2,
        "twx-dt-modelitem": 9,
        "twx-tml-text": 3,
        "twx-dt-image": 41,
        "twx-dt-wayfinder": 1,
        "twx-overlay": 1,
        "twx-overlay-container": 5,
        "twx-overlay-body": 1,
        "twx-popup": 1,
        "twx-gridlayout": 2,
        "twx-row": 11,
        "twx-col": 33,
        "twx-label": 7,
        "twx-toggle-button": 14,
        "twx-text-input": 3,
        "twx-toggle": 1
      }
    },
    {
      "timestamp": "2023-09-22T04:41:47.971Z",
      "action": "PUBLISH",
      "usage": {
        "twx-view": 1,
        "twx-dt-view": 1,
        "twx-dt-target-spatial": 1,
        "twx-dt-model": 2,
        "twx-dt-modelitem": 9,
        "twx-tml-text": 3,
        "twx-dt-image": 41,
        "twx-dt-wayfinder": 1,
        "twx-overlay": 1,
        "twx-overlay-container": 5,
        "twx-overlay-body": 1,
        "twx-popup": 1,
        "twx-gridlayout": 2,
        "twx-row": 11,
        "twx-col": 33,
        "twx-label": 7,
        "twx-toggle-button": 14,
        "twx-text-input": 3,
        "twx-toggle": 1
      }
    },
    {
      "timestamp": "2023-09-22T04:44:47.224Z",
      "action": "PUBLISH",
      "usage": {
        "twx-view": 1,
        "twx-dt-view": 1,
        "twx-dt-target-spatial": 1,
        "twx-dt-model": 2,
        "twx-dt-modelitem": 9,
        "twx-tml-text": 3,
        "twx-dt-image": 41,
        "twx-dt-wayfinder": 1,
        "twx-overlay": 1,
        "twx-overlay-container": 5,
        "twx-overlay-body": 1,
        "twx-popup": 1,
        "twx-gridlayout": 2,
        "twx-row": 11,
        "twx-col": 33,
        "twx-label": 7,
        "twx-toggle-button": 14,
        "twx-text-input": 3,
        "twx-toggle": 1
      }
    },
    {
      "timestamp": "2023-09-22T04:51:03.095Z",
      "action": "PUBLISH",
      "usage": {
        "twx-view": 1,
        "twx-dt-view": 1,
        "twx-dt-target-spatial": 1,
        "twx-dt-model": 2,
        "twx-dt-modelitem": 9,
        "twx-tml-text": 3,
        "twx-dt-image": 41,
        "twx-dt-wayfinder": 1,
        "twx-overlay": 1,
        "twx-overlay-container": 5,
        "twx-overlay-body": 1,
        "twx-popup": 1,
        "twx-gridlayout": 2,
        "twx-row": 11,
        "twx-col": 33,
        "twx-label": 7,
        "twx-toggle-button": 14,
        "twx-text-input": 3,
        "twx-toggle": 1
      }
    },
    {
      "timestamp": "2023-09-22T05:05:42.729Z",
      "action": "PUBLISH",
      "usage": {
        "twx-view": 1,
        "twx-dt-view": 1,
        "twx-dt-target-spatial": 1,
        "twx-dt-model": 2,
        "twx-dt-modelitem": 9,
        "twx-tml-text": 3,
        "twx-dt-image": 41,
        "twx-dt-wayfinder": 1,
        "twx-overlay": 1,
        "twx-overlay-container": 5,
        "twx-overlay-body": 1,
        "twx-popup": 1,
        "twx-gridlayout": 2,
        "twx-row": 11,
        "twx-col": 33,
        "twx-label": 7,
        "twx-toggle-button": 14,
        "twx-text-input": 3,
        "twx-toggle": 1
      }
    },
    {
      "timestamp": "2023-09-22T05:26:07.714Z",
      "action": "PUBLISH",
      "usage": {
        "twx-view": 1,
        "twx-dt-view": 1,
        "twx-dt-target-spatial": 1,
        "twx-dt-model": 2,
        "twx-dt-modelitem": 9,
        "twx-tml-text": 3,
        "twx-dt-image": 41,
        "twx-dt-wayfinder": 1,
        "twx-overlay": 1,
        "twx-overlay-container": 5,
        "twx-overlay-body": 1,
        "twx-popup": 1,
        "twx-gridlayout": 2,
        "twx-row": 11,
        "twx-col": 33,
        "twx-label": 7,
        "twx-toggle-button": 14,
        "twx-text-input": 3,
        "twx-toggle": 1
      }
    },
    {
      "timestamp": "2023-09-22T05:36:01.794Z",
      "action": "PUBLISH",
      "usage": {
        "twx-view": 1,
        "twx-dt-view": 1,
        "twx-dt-target-spatial": 1,
        "twx-dt-model": 2,
        "twx-dt-modelitem": 9,
        "twx-tml-text": 3,
        "twx-dt-image": 41,
        "twx-dt-wayfinder": 1,
        "twx-overlay": 1,
        "twx-overlay-container": 5,
        "twx-overlay-body": 1,
        "twx-popup": 1,
        "twx-gridlayout": 2,
        "twx-row": 11,
        "twx-col": 33,
        "twx-label": 7,
        "twx-toggle-button": 14,
        "twx-text-input": 3,
        "twx-toggle": 1
      }
    },
    {
      "timestamp": "2023-09-22T05:38:41.334Z",
      "action": "PUBLISH",
      "usage": {
        "twx-view": 1,
        "twx-dt-view": 1,
        "twx-dt-target-spatial": 1,
        "twx-dt-model": 2,
        "twx-dt-modelitem": 9,
        "twx-tml-text": 3,
        "twx-dt-image": 41,
        "twx-dt-wayfinder": 1,
        "twx-overlay": 1,
        "twx-overlay-container": 5,
        "twx-overlay-body": 1,
        "twx-popup": 1,
        "twx-gridlayout": 2,
        "twx-row": 11,
        "twx-col": 33,
        "twx-label": 7,
        "twx-toggle-button": 14,
        "twx-text-input": 3,
        "twx-toggle": 1
      }
    },
    {
      "timestamp": "2023-09-22T06:57:19.090Z",
      "action": "PUBLISH",
      "usage": {
        "twx-view": 1,
        "twx-dt-view": 1,
        "twx-dt-target-spatial": 1,
        "twx-dt-model": 2,
        "twx-dt-modelitem": 9,
        "twx-tml-text": 3,
        "twx-dt-image": 41,
        "twx-dt-wayfinder": 1,
        "twx-overlay": 1,
        "twx-overlay-container": 5,
        "twx-overlay-body": 1,
        "twx-popup": 1,
        "twx-gridlayout": 2,
        "twx-row": 11,
        "twx-col": 33,
        "twx-label": 7,
        "twx-toggle-button": 14,
        "twx-text-input": 3,
        "twx-toggle": 1
      }
    },
    {
      "timestamp": "2023-09-22T07:23:10.889Z",
      "action": "PUBLISH",
      "usage": {
        "twx-view": 1,
        "twx-dt-view": 1,
        "twx-dt-target-spatial": 1,
        "twx-dt-model": 2,
        "twx-dt-modelitem": 9,
        "twx-tml-text": 3,
        "twx-dt-image": 41,
        "twx-dt-wayfinder": 1,
        "twx-overlay": 1,
        "twx-overlay-container": 5,
        "twx-overlay-body": 1,
        "twx-popup": 1,
        "twx-gridlayout": 2,
        "twx-row": 11,
        "twx-col": 33,
        "twx-label": 7,
        "twx-toggle-button": 14,
        "twx-text-input": 3,
        "twx-toggle": 1
      }
    },
    {
      "timestamp": "2023-09-22T07:37:05.640Z",
      "action": "PUBLISH",
      "usage": {
        "twx-view": 1,
        "twx-dt-view": 1,
        "twx-dt-target-spatial": 1,
        "twx-dt-model": 2,
        "twx-dt-modelitem": 10,
        "twx-tml-text": 3,
        "twx-dt-image": 41,
        "twx-dt-wayfinder": 1,
        "twx-overlay": 1,
        "twx-overlay-container": 5,
        "twx-overlay-body": 1,
        "twx-popup": 1,
        "twx-gridlayout": 2,
        "twx-row": 11,
        "twx-col": 33,
        "twx-label": 7,
        "twx-toggle-button": 14,
        "twx-text-input": 3,
        "twx-toggle": 1
      }
    },
    {
      "timestamp": "2023-09-22T07:39:24.476Z",
      "action": "PUBLISH",
      "usage": {
        "twx-view": 1,
        "twx-dt-view": 1,
        "twx-dt-target-spatial": 1,
        "twx-dt-model": 2,
        "twx-dt-modelitem": 10,
        "twx-tml-text": 3,
        "twx-dt-image": 41,
        "twx-dt-wayfinder": 1,
        "twx-overlay": 1,
        "twx-overlay-container": 5,
        "twx-overlay-body": 1,
        "twx-popup": 1,
        "twx-gridlayout": 2,
        "twx-row": 11,
        "twx-col": 33,
        "twx-label": 7,
        "twx-toggle-button": 14,
        "twx-text-input": 3,
        "twx-toggle": 1
      }
    },
    {
      "timestamp": "2023-09-22T07:43:14.502Z",
      "action": "PUBLISH",
      "usage": {
        "twx-view": 1,
        "twx-dt-view": 1,
        "twx-dt-target-spatial": 1,
        "twx-dt-model": 2,
        "twx-dt-modelitem": 10,
        "twx-tml-text": 3,
        "twx-dt-image": 41,
        "twx-dt-wayfinder": 1,
        "twx-overlay": 1,
        "twx-overlay-container": 5,
        "twx-overlay-body": 1,
        "twx-popup": 1,
        "twx-gridlayout": 2,
        "twx-row": 11,
        "twx-col": 33,
        "twx-label": 7,
        "twx-toggle-button": 14,
        "twx-text-input": 3,
        "twx-toggle": 1
      }
    },
    {
      "timestamp": "2023-09-22T07:47:19.726Z",
      "action": "PUBLISH",
      "usage": {
        "twx-view": 1,
        "twx-dt-view": 1,
        "twx-dt-target-spatial": 1,
        "twx-dt-model": 2,
        "twx-dt-modelitem": 10,
        "twx-tml-text": 3,
        "twx-dt-image": 41,
        "twx-dt-wayfinder": 1,
        "twx-overlay": 1,
        "twx-overlay-container": 5,
        "twx-overlay-body": 1,
        "twx-popup": 1,
        "twx-gridlayout": 2,
        "twx-row": 11,
        "twx-col": 33,
        "twx-label": 7,
        "twx-toggle-button": 14,
        "twx-text-input": 3,
        "twx-toggle": 1
      }
    },
    {
      "timestamp": "2023-09-22T08:15:16.872Z",
      "action": "PUBLISH",
      "usage": {
        "twx-view": 1,
        "twx-dt-view": 1,
        "twx-dt-target-spatial": 1,
        "twx-dt-model": 2,
        "twx-dt-modelitem": 10,
        "twx-tml-text": 3,
        "twx-dt-image": 41,
        "twx-dt-wayfinder": 1,
        "twx-overlay": 1,
        "twx-overlay-container": 5,
        "twx-overlay-body": 1,
        "twx-popup": 1,
        "twx-gridlayout": 2,
        "twx-row": 11,
        "twx-col": 33,
        "twx-label": 7,
        "twx-toggle-button": 14,
        "twx-text-input": 3,
        "twx-toggle": 1
      }
    },
    {
      "timestamp": "2023-09-22T09:07:10.073Z",
      "action": "PUBLISH",
      "usage": {
        "twx-view": 1,
        "twx-dt-view": 1,
        "twx-dt-target-spatial": 1,
        "twx-dt-model": 2,
        "twx-dt-modelitem": 10,
        "twx-tml-text": 3,
        "twx-dt-image": 41,
        "twx-dt-wayfinder": 1,
        "twx-overlay": 1,
        "twx-overlay-container": 5,
        "twx-overlay-body": 1,
        "twx-popup": 1,
        "twx-gridlayout": 2,
        "twx-row": 11,
        "twx-col": 33,
        "twx-label": 7,
        "twx-toggle-button": 14,
        "twx-text-input": 3,
        "twx-toggle": 1
      }
    },
    {
      "timestamp": "2023-09-25T00:51:13.395Z",
      "action": "PUBLISH",
      "usage": {
        "twx-view": 1,
        "twx-dt-view": 1,
        "twx-dt-target-spatial": 1,
        "twx-dt-model": 2,
        "twx-dt-modelitem": 10,
        "twx-tml-text": 3,
        "twx-dt-image": 41,
        "twx-dt-wayfinder": 1,
        "twx-overlay": 1,
        "twx-overlay-container": 5,
        "twx-overlay-body": 1,
        "twx-popup": 1,
        "twx-gridlayout": 2,
        "twx-row": 11,
        "twx-col": 33,
        "twx-label": 7,
        "twx-toggle-button": 14,
        "twx-text-input": 3,
        "twx-toggle": 1
      }
    },
    {
      "timestamp": "2023-09-25T01:18:46.064Z",
      "action": "PUBLISH",
      "usage": {
        "twx-view": 1,
        "twx-dt-view": 1,
        "twx-dt-target-spatial": 1,
        "twx-dt-model": 2,
        "twx-dt-modelitem": 10,
        "twx-tml-text": 3,
        "twx-dt-image": 41,
        "twx-dt-wayfinder": 1,
        "twx-overlay": 1,
        "twx-overlay-container": 5,
        "twx-overlay-body": 1,
        "twx-popup": 1,
        "twx-gridlayout": 2,
        "twx-row": 11,
        "twx-col": 33,
        "twx-label": 7,
        "twx-toggle-button": 14,
        "twx-text-input": 3,
        "twx-toggle": 1
      }
    },
    {
      "timestamp": "2023-09-25T01:22:32.410Z",
      "action": "PUBLISH",
      "usage": {
        "twx-view": 1,
        "twx-dt-view": 1,
        "twx-dt-target-spatial": 1,
        "twx-dt-model": 2,
        "twx-dt-modelitem": 10,
        "twx-tml-text": 3,
        "twx-dt-image": 41,
        "twx-dt-wayfinder": 1,
        "twx-overlay": 1,
        "twx-overlay-container": 5,
        "twx-overlay-body": 1,
        "twx-popup": 1,
        "twx-gridlayout": 2,
        "twx-row": 11,
        "twx-col": 33,
        "twx-label": 7,
        "twx-toggle-button": 14,
        "twx-text-input": 3,
        "twx-toggle": 1
      }
    },
    {
      "timestamp": "2023-09-25T04:03:54.450Z",
      "action": "PUBLISH",
      "usage": {
        "twx-view": 1,
        "twx-dt-view": 1,
        "twx-dt-target-spatial": 1,
        "twx-dt-model": 2,
        "twx-dt-modelitem": 10,
        "twx-tml-text": 3,
        "twx-dt-image": 41,
        "twx-dt-wayfinder": 1,
        "twx-overlay": 1,
        "twx-overlay-container": 5,
        "twx-overlay-body": 1,
        "twx-popup": 1,
        "twx-gridlayout": 2,
        "twx-row": 11,
        "twx-col": 33,
        "twx-label": 7,
        "twx-toggle-button": 14,
        "twx-text-input": 3,
        "twx-toggle": 1
      }
    },
    {
      "timestamp": "2023-09-25T04:05:30.523Z",
      "action": "PUBLISH",
      "usage": {
        "twx-view": 1,
        "twx-dt-view": 1,
        "twx-dt-target-spatial": 1,
        "twx-dt-model": 2,
        "twx-dt-modelitem": 10,
        "twx-tml-text": 3,
        "twx-dt-image": 41,
        "twx-dt-wayfinder": 1,
        "twx-overlay": 1,
        "twx-overlay-container": 5,
        "twx-overlay-body": 1,
        "twx-popup": 1,
        "twx-gridlayout": 2,
        "twx-row": 11,
        "twx-col": 33,
        "twx-label": 7,
        "twx-toggle-button": 14,
        "twx-text-input": 3,
        "twx-toggle": 1
      }
    },
    {
      "timestamp": "2023-09-25T04:36:24.966Z",
      "action": "PUBLISH",
      "usage": {
        "twx-view": 1,
        "twx-dt-view": 1,
        "twx-dt-target-spatial": 1,
        "twx-dt-model": 2,
        "twx-dt-modelitem": 10,
        "twx-tml-text": 3,
        "twx-dt-image": 41,
        "twx-dt-wayfinder": 1,
        "twx-overlay": 1,
        "twx-overlay-container": 5,
        "twx-overlay-body": 1,
        "twx-popup": 1,
        "twx-gridlayout": 2,
        "twx-row": 11,
        "twx-col": 33,
        "twx-label": 7,
        "twx-toggle-button": 14,
        "twx-text-input": 3,
        "twx-toggle": 1
      }
    },
    {
      "timestamp": "2023-09-25T05:13:04.716Z",
      "action": "PUBLISH",
      "usage": {
        "twx-view": 1,
        "twx-dt-view": 1,
        "twx-dt-target-spatial": 1,
        "twx-dt-model": 2,
        "twx-dt-modelitem": 1,
        "twx-dt-image": 41,
        "twx-dt-wayfinder": 1,
        "twx-tml-text": 2,
        "twx-overlay": 1,
        "twx-overlay-container": 5,
        "twx-overlay-body": 1,
        "twx-popup": 1,
        "twx-gridlayout": 2,
        "twx-row": 11,
        "twx-col": 33,
        "twx-label": 7,
        "twx-toggle-button": 14,
        "twx-text-input": 3,
        "twx-toggle": 1
      }
    },
    {
      "timestamp": "2023-09-25T05:14:32.738Z",
      "action": "PUBLISH",
      "usage": {
        "twx-view": 1,
        "twx-dt-view": 1,
        "twx-dt-target-spatial": 1,
        "twx-dt-model": 2,
        "twx-dt-modelitem": 1,
        "twx-dt-image": 41,
        "twx-dt-wayfinder": 1,
        "twx-tml-text": 2,
        "twx-overlay": 1,
        "twx-overlay-container": 5,
        "twx-overlay-body": 1,
        "twx-popup": 1,
        "twx-gridlayout": 2,
        "twx-row": 11,
        "twx-col": 33,
        "twx-label": 7,
        "twx-toggle-button": 14,
        "twx-text-input": 3,
        "twx-toggle": 1
      }
    },
    {
      "timestamp": "2023-10-02T01:58:49.407Z",
      "action": "PUBLISH",
      "usage": {
        "twx-view": 1,
        "twx-dt-view": 1,
        "twx-dt-target-spatial": 1,
        "twx-dt-model": 2,
        "twx-dt-modelitem": 1,
        "twx-dt-image": 41,
        "twx-dt-wayfinder": 1,
        "twx-tml-text": 2,
        "twx-overlay": 1,
        "twx-overlay-container": 5,
        "twx-overlay-body": 1,
        "twx-popup": 1,
        "twx-gridlayout": 2,
        "twx-row": 11,
        "twx-col": 33,
        "twx-label": 7,
        "twx-toggle-button": 14,
        "twx-text-input": 3,
        "twx-toggle": 1
      }
    },
    {
      "timestamp": "2023-10-02T07:21:11.194Z",
      "action": "PUBLISH",
      "usage": {
        "twx-view": 1,
        "twx-dt-view": 1,
        "twx-dt-target-spatial": 1,
        "twx-dt-model": 2,
        "twx-dt-modelitem": 1,
        "twx-dt-image": 41,
        "twx-dt-wayfinder": 1,
        "twx-tml-text": 2,
        "twx-overlay": 1,
        "twx-overlay-container": 5,
        "twx-overlay-body": 1,
        "twx-popup": 1,
        "twx-gridlayout": 2,
        "twx-row": 11,
        "twx-col": 33,
        "twx-label": 7,
        "twx-toggle-button": 14,
        "twx-text-input": 3,
        "twx-toggle": 1
      }
    },
    {
      "timestamp": "2023-10-02T07:31:17.979Z",
      "action": "PUBLISH",
      "usage": {
        "twx-view": 1,
        "twx-dt-view": 1,
        "twx-dt-target-spatial": 1,
        "twx-dt-model": 2,
        "twx-dt-modelitem": 1,
        "twx-dt-image": 41,
        "twx-dt-wayfinder": 1,
        "twx-tml-text": 2,
        "twx-overlay": 1,
        "twx-overlay-container": 5,
        "twx-overlay-body": 1,
        "twx-popup": 1,
        "twx-gridlayout": 2,
        "twx-row": 11,
        "twx-col": 33,
        "twx-label": 7,
        "twx-toggle-button": 14,
        "twx-text-input": 3,
        "twx-toggle": 1
      }
    },
    {
      "timestamp": "2023-10-03T05:29:16.369Z",
      "action": "PUBLISH",
      "usage": {
        "twx-view": 1,
        "twx-dt-view": 1,
        "twx-dt-target-spatial": 1,
        "twx-dt-model": 2,
        "twx-dt-modelitem": 1,
        "twx-dt-image": 41,
        "twx-dt-wayfinder": 1,
        "twx-tml-text": 2,
        "twx-overlay": 1,
        "twx-overlay-container": 5,
        "twx-overlay-body": 1,
        "twx-popup": 1,
        "twx-gridlayout": 2,
        "twx-row": 11,
        "twx-col": 33,
        "twx-label": 7,
        "twx-toggle-button": 14,
        "twx-text-input": 3,
        "twx-toggle": 1
      }
    },
    {
      "timestamp": "2023-10-05T01:49:22.783Z",
      "action": "PUBLISH",
      "usage": {
        "twx-view": 1,
        "twx-dt-view": 1,
        "twx-dt-target-spatial": 1,
        "twx-dt-model": 2,
        "twx-dt-modelitem": 1,
        "twx-dt-image": 41,
        "twx-tml-text": 2,
        "twx-overlay": 1,
        "twx-overlay-container": 5,
        "twx-overlay-body": 1,
        "twx-popup": 1,
        "twx-gridlayout": 2,
        "twx-row": 11,
        "twx-col": 33,
        "twx-label": 7,
        "twx-toggle-button": 14,
        "twx-text-input": 3,
        "twx-toggle": 1
      }
    },
    {
      "timestamp": "2023-10-21T13:53:44.522Z",
      "action": "LATEST_SAVE",
      "usage": {
        "twx-view": 1,
        "twx-dt-view": 1,
        "twx-dt-target-spatial": 1,
        "twx-dt-model": 1,
        "twx-dt-modelitem": 1,
        "twx-dt-image": 1,
        "twx-overlay": 1,
        "twx-overlay-container": 5,
        "twx-overlay-body": 1,
        "twx-popup": 1,
        "twx-gridlayout": 2,
        "twx-row": 12,
        "twx-col": 34,
        "twx-label": 7,
        "twx-toggle-button": 14,
        "twx-text-input": 3,
        "twx-toggle": 1
      }
    }
  ],
  "accessType": "public",
  "designedfor": [
    "offline"
  ]
}
