{
  "attributes": {
    "twx-widget": "",
    "widget-id": "view-1",
    "widget-name": "view-1",
    "is-widget-container": "true",
    "viewtype": "mobile-2D"
  },
  "children": [
    {
      "name": "twx-container-content",
      "children": [
        {
          "attributes": {
            "twx-widget": "",
            "widget-id": "header-2",
            "widget-name": "header-2",
            "is-widget-container": "true"
          },
          "name": "twx-view-header",
          "children": [
            {
              "name": "twx-container-content",
              "children": [
                {
                  "attributes": {
                    "twx-widget": "",
                    "widget-id": "headerButtons-1",
                    "widget-name": "headerButtons-1",
                    "is-widget-container": "true",
                    "align": "primary"
                  },
                  "name": "twx-header-buttons",
                  "children": [
                    {
                      "name": "twx-container-content"
                    }
                  ]
                },
                {
                  "attributes": {
                    "twx-widget": "",
                    "widget-id": "headerTitle-2",
                    "widget-name": "headerTitle-2",
                    "is-widget-container": "true"
                  },
                  "name": "twx-header-title",
                  "children": [
                    {
                      "name": "twx-container-content",
                      "children": [
                        {
                          "attributes": {
                            "twx-widget": "",
                            "widget-id": "label-1",
                            "state-format-value": "text",
                            "widget-name": "label-1",
                            "text": "Projects"
                          },
                          "name": "twx-label"
                        }
                      ]
                    }
                  ]
                },
                {
                  "attributes": {
                    "twx-widget": "",
                    "widget-id": "headerButtons-3",
                    "widget-name": "headerButtons-3",
                    "is-widget-container": "true",
                    "align": "secondary"
                  },
                  "name": "twx-header-buttons",
                  "children": [
                    {
                      "name": "twx-container-content",
                      "children": [
                        {
                          "attributes": {
                            "twx-widget": "",
                            "widget-id": "button-2",
                            "widget-name": "button-2",
                            "click-expression": "getProjects();",
                            "text": "Refresh"
                          },
                          "name": "twx-button"
                        }
                      ]
                    }
                  ]
                }
              ]
            }
          ]
        },
        {
          "attributes": {
            "twx-widget": "",
            "widget-id": "dataGrid-1",
            "widget-name": "dataGrid-1",
            "is-widget-repeater": "true",
            "label": "Label",
            "class": "project-table"
          },
          "name": "twx-data-grid",
          "children": [
            {
              "attributes": {
                "databind-id": "db-1528229147552",
                "source-type": "data",
                "source-name": "experienceService",
                "source-item-type": "service",
                "source-item-name": "getProjects",
                "binding-type": "collection",
                "from-expression": "app.mdl.experienceService.svc.getProjects.data",
                "to-property": "data"
              },
              "name": "twx-databind"
            },
            {
              "name": "twx-repeater-content",
              "children": [
                {
                  "attributes": {
                    "twx-widget": "",
                    "widget-id": "content-column-1",
                    "state-format-value": "name",
                    "auto-generated-from": "name",
                    "widget-name": "content-name-1",
                    "is-widget-container": "true",
                    "label": "Project"
                  },
                  "name": "twx-data-grid-col",
                  "children": [
                    {
                      "name": "twx-container-content",
                      "children": [
                        {
                          "attributes": {
                            "twx-widget": "",
                            "widget-id": "content-label-1",
                            "state-format-value": "text",
                            "widget-name": "content-label-1",
                            "text": "ラベル"
                          },
                          "name": "twx-label",
                          "children": [
                            {
                              "attributes": {
                                "databind-id": "db-1528229159001",
                                "source-type": "data",
                                "source-name": "experienceService",
                                "source-item-type": "service",
                                "source-item-name": "getProjects",
                                "source-item-field-name": "name",
                                "binding-type": "collection_item_field",
                                "from-expression": "item['name']",
                                "to-property": "text",
                                "base-type": "undefined"
                              },
                              "name": "twx-databind"
                            }
                          ]
                        }
                      ]
                    }
                  ]
                },
                {
                  "attributes": {
                    "twx-widget": "",
                    "widget-id": "content-column-3",
                    "widget-name": "content-name-3",
                    "is-widget-container": "true",
                    "label": "Experiences"
                  },
                  "name": "twx-data-grid-col",
                  "children": [
                    {
                      "name": "twx-container-content",
                      "children": [
                        {
                          "attributes": {
                            "twx-widget": "",
                            "widget-id": "content-label-3",
                            "state-format-value": "text",
                            "widget-name": "content-label-3",
                            "text": "ラベル"
                          },
                          "name": "twx-label",
                          "children": [
                            {
                              "attributes": {
                                "databind-id": "db-1528229159002",
                                "source-type": "data",
                                "source-name": "experienceService",
                                "source-item-type": "service",
                                "source-item-name": "getProjects",
                                "source-item-field-name": "name",
                                "binding-type": "collection_item_field",
                                "from-expression": "item.metadata.experiences[0].title.en + ',' +item.metadata.experiences[1].title.en + ',' +item.metadata.experiences[2].title.en",
                                "to-property": "text",
                                "base-type": "undefined"
                              },
                              "name": "twx-databind",
                              "children": [
                                {
                                  "attributes": {
                                    "filter-id": "df-1534884103493",
                                    "filter-body": "\nwhile (value && value.trim().endsWith(',')) {\n  value = value.trim().substring(0, value.length - 1);\n}\nreturn value;"
                                  },
                                  "name": "twx-data-filter"
                                }
                              ]
                            }
                          ]
                        }
                      ]
                    }
                  ]
                },
                {
                  "attributes": {
                    "twx-widget": "",
                    "widget-id": "content-column-11",
                    "state-format-value": "name",
                    "auto-generated-from": "name",
                    "widget-name": "content-name-11",
                    "is-widget-container": "true",
                    "label": "publishedData"
                  },
                  "name": "twx-data-grid-col",
                  "children": [
                    {
                      "name": "twx-container-content",
                      "children": [
                        {
                          "attributes": {
                            "twx-widget": "",
                            "widget-id": "content-label-11",
                            "state-format-value": "text",
                            "widget-name": "content-label-11",
                            "text": "ラベル"
                          },
                          "name": "twx-label",
                          "children": [
                            {
                              "attributes": {
                                "databind-id": "db-1528229159111",
                                "source-type": "data",
                                "source-name": "experienceService",
                                "source-item-type": "service",
                                "source-item-name": "getProjects",
                                "source-item-field-name": "name",
                                "binding-type": "collection_item_field",
                                "from-expression": "item['publishData']['publishedData']",
                                "to-property": "text",
                                "base-type": "undefined"
                              },
                              "name": "twx-databind"
                            }
                          ]
                        }
                      ]
                    }
                  ]
                },
                {
                  "attributes": {
                    "twx-widget": "",
                    "widget-id": "content-column-vumark",
                    "widget-name": "content-name-vumark",
                    "is-widget-container": "true",
                    "class": "header-cell-Vumarks",
                    "label": "ThingMarks"
                  },
                  "name": "twx-data-grid-col",
                  "children": [
                    {
                      "name": "twx-container-content",
                      "children": [
                        {
                          "attributes": {
                            "twx-widget": "",
                            "widget-id": "content-label-vumark",
                            "state-format-value": "text",
                            "widget-name": "content-label-vumark",
                            "text": "ラベル",
                            "class": "simple-label header-cell-Vumarks"
                          },
                          "name": "twx-label",
                          "children": [
                            {
                              "attributes": {
                                "databind-id": "db-1528229159003",
                                "source-type": "data",
                                "source-name": "experienceService",
                                "source-item-type": "service",
                                "source-item-name": "getProjects",
                                "source-item-field-name": "name",
                                "binding-type": "collection_item_field",
                                "from-expression": "item.metadata.experiences[0].vumark + ',' +item.metadata.experiences[1].vumark + ',' +item.metadata.experiences[2].vumark",
                                "to-property": "text",
                                "base-type": "undefined"
                              },
                              "name": "twx-databind",
                              "children": [
                                {
                                  "attributes": {
                                    "filter-id": "df-1534884096022",
                                    "filter-name": "remove comma",
                                    "filter-body": "\nwhile (value && value.trim().endsWith(',')) {\n  value = value.trim().substring(0, value.length - 1);\n}\nreturn value;"
                                  },
                                  "name": "twx-data-filter"
                                }
                              ]
                            }
                          ]
                        }
                      ]
                    }
                  ]
                },
                {
                  "attributes": {
                    "twx-widget": "",
                    "widget-id": "content-column-type",
                    "widget-name": "content-name-type",
                    "is-widget-container": "true",
                    "label": "Type"
                  },
                  "name": "twx-data-grid-col",
                  "children": [
                    {
                      "name": "twx-container-content",
                      "children": [
                        {
                          "attributes": {
                            "twx-widget": "",
                            "widget-id": "image-1",
                            "widget-name": "image-1",
                            "width": "36px",
                            "height": "36px"
                          },
                          "name": "twx-image2",
                          "children": [
                            {
                              "attributes": {
                                "databind-id": "db-1532462748623",
                                "source-type": "data",
                                "source-name": "experienceService",
                                "source-item-type": "service",
                                "source-item-name": "getProjects",
                                "source-item-field-name": "name",
                                "binding-type": "collection_item_field",
                                "from-expression": "item.metadata.requires",
                                "to-property": "imgsrc"
                              },
                              "name": "twx-databind",
                              "children": [
                                {
                                  "attributes": {
                                    "filter-id": "df-1532463227635",
                                    "filter-name": "d_img",
                                    "filter-body": "if(value == 'holographic') return 'app/resources/Uploaded/projtype_3D.svg';\nelse if(value == 'w600dp') return 'app/resources/Uploaded/projtype_tablet.svg';\nelse if(value.includes('assisted-reality')) return 'app/resources/Uploaded/projtype_2D.svg';\nelse return 'app/resources/Uploaded/projtype_phone.svg';"
                                  },
                                  "name": "twx-data-filter"
                                }
                              ]
                            }
                          ]
                        }
                      ]
                    }
                  ]
                },
                {
                  "attributes": {
                    "twx-widget": "",
                    "widget-id": "content-column-4",
                    "widget-name": "content-name-4",
                    "is-widget-container": "true",
                    "class": "header-cell-Access_Type",
                    "label": "Access"
                  },
                  "name": "twx-data-grid-col",
                  "children": [
                    {
                      "name": "twx-container-content",
                      "children": [
                        {
                          "attributes": {
                            "twx-widget": "",
                            "widget-id": "image-2",
                            "widget-name": "image-2",
                            "width": "36px",
                            "height": "36px"
                          },
                          "name": "twx-image2",
                          "children": [
                            {
                              "attributes": {
                                "databind-id": "db-1532620910514",
                                "source-type": "data",
                                "source-name": "experienceService",
                                "source-item-type": "service",
                                "source-item-name": "getProjects",
                                "source-item-field-name": "name",
                                "binding-type": "collection_item_field",
                                "from-expression": "item.metadata.accessType",
                                "to-property": "imgsrc"
                              },
                              "name": "twx-databind",
                              "children": [
                                {
                                  "attributes": {
                                    "filter-id": "df-1532622459966",
                                    "filter-name": "access",
                                    "filter-body": "if(value == 'private') return 'app/resources/Uploaded/private.svg';\nelse return 'app/resources/Uploaded/blank.svg';"
                                  },
                                  "name": "twx-data-filter"
                                }
                              ]
                            }
                          ]
                        }
                      ]
                    }
                  ]
                },
                {
                  "attributes": {
                    "twx-widget": "",
                    "widget-id": "content-column-5",
                    "widget-name": "content-name-5",
                    "is-widget-container": "true",
                    "label": "Offline"
                  },
                  "name": "twx-data-grid-col",
                  "children": [
                    {
                      "name": "twx-container-content",
                      "children": [
                        {
                          "attributes": {
                            "twx-widget": "",
                            "widget-id": "image-3",
                            "widget-name": "image-3",
                            "imgsrc": "Uploaded/blank.svg",
                            "width": "36px",
                            "height": "36px"
                          },
                          "name": "twx-image2",
                          "children": [
                            {
                              "attributes": {
                                "databind-id": "db-1532625603337",
                                "source-type": "data",
                                "source-name": "experienceService",
                                "source-item-type": "service",
                                "source-item-name": "getProjects",
                                "source-item-field-name": "name",
                                "binding-type": "collection_item_field",
                                "from-expression": "item.metadata.designedfor",
                                "to-property": "imgsrc"
                              },
                              "name": "twx-databind",
                              "children": [
                                {
                                  "attributes": {
                                    "filter-id": "df-1532625971945",
                                    "filter-name": "offline",
                                    "filter-body": "if(value == 'offline') return 'app/resources/Uploaded/offline.svg';\nelse return 'app/resources/Uploaded/blank.svg';"
                                  },
                                  "name": "twx-data-filter"
                                }
                              ]
                            }
                          ]
                        }
                      ]
                    }
                  ]
                },
                {
                  "attributes": {
                    "twx-widget": "",
                    "widget-id": "content-column-2",
                    "widget-name": "content-unpub-1",
                    "is-widget-container": "true",
                    "label": "Unpublish"
                  },
                  "name": "twx-data-grid-col",
                  "children": [
                    {
                      "name": "twx-container-content",
                      "children": [
                        {
                          "attributes": {
                            "twx-widget": "",
                            "widget-id": "button-1",
                            "widget-name": "button-1",
                            "click-expression": "unpublish(item, event.srcElement);",
                            "text": "Unpublish",
                            "class": "unpub"
                          },
                          "name": "twx-button"
                        }
                      ]
                    }
                  ]
                }
              ]
            }
          ]
        }
      ]
    },
    {
      "name": "twx-fragment-parameters"
    },
    {
      "name": "twx-view-data"
    }
  ],
  "name": "twx-view"
}
