{
  "name": "Studio_Project_Launcher_PC_Mobile",
  "projectType": "AR",
  "viewType": "mobile-2D",
  "fileName": "Studio_Project_Launcher_PC_Mobile",
  "version": "9.16.1.0",
  "device": {
    "name": "ipad",
    "width": "1024",
    "height": "768"
  },
  "state": {
    "orientation": "landscape"
  },
  "targets": {
    "phone": {
      "components": [
        {
          "name": "Home",
          "fileName": "Home",
          "showInMainMenu": true,
          "viewType": "mobile-2D",
          "title": "Home"
        },
        {
          "name": "Launch",
          "fileName": "Launch",
          "showInMainMenu": true,
          "viewType": "mobile-2D",
          "title": "Launch"
        }
      ],
      "images": []
    },
    "shared": {
      "components": [
        {
          "name": "Data",
          "fileName": "Data"
        }
      ],
      "images": [],
      "fragments": [],
      "styles": [
        {
          "name": "App",
          "fileName": "App",
          "fileExt": "scss"
        }
      ]
    }
  },
  "mainNavigationMenuStyle": "noMenu",
  "resourceDirectory": "src/phone/resources",
  "resourceRuntimeDir": "app/resources",
  "fontRuntimeDir": "../fonts",
  "fontDesigntimeDir": "../dist/phone/fonts",
  "theme": "twx-light",
  "thumbnail": "Uploaded/2019-03-28_9-08-51.jpg",
  "thingworxServer": "http://pp-2401181220lm.portal.ptc.io",
  "allowSelfSignedCerts": true,
  "designedForOffline": false
}
