{
  "attributes": {
    "twx-widget": "",
    "widget-id": "view-1",
    "widget-name": "view-1",
    "is-widget-container": "true",
    "viewtype": "ar"
  },
  "children": [
    {
      "name": "twx-container-content",
      "children": [
        {
          "attributes": {
            "twx-widget": "",
            "widget-id": "x-5033f803-d78e-402d-9746-ed93f6d61573",
            "widget-name": "3D Container",
            "is-widget-container": "true"
          },
          "name": "twx-dt-view",
          "children": [
            {
              "name": "twx-container-content",
              "children": [
                {
                  "attributes": {
                    "twx-widget": "",
                    "widget-id": "spatialTarget-1",
                    "widget-name": "spatialTarget-1",
                    "rx": "-90",
                    "enabletranslategesture": "false"
                  },
                  "name": "twx-dt-target-spatial"
                },
                {
                  "attributes": {
                    "twx-widget": "",
                    "widget-id": "ModelSample",
                    "widget-name": "ModelSample",
                    "is-widget-container": "true",
                    "src": "Uploaded/ar_sample_asm.pvz",
                    "scale": "1",
                    "x": "-0.00047226622700691223",
                    "y": "0.02500000037252903",
                    "z": "0.025000001303851604"
                  },
                  "name": "twx-dt-model",
                  "children": [
                    {
                      "name": "twx-container-content"
                    }
                  ]
                }
              ]
            }
          ]
        },
        {
          "attributes": {
            "twx-widget": "",
            "widget-id": "2DOverlay-1",
            "widget-name": "2D Overlay",
            "is-widget-container": "true"
          },
          "name": "twx-overlay",
          "children": [
            {
              "name": "twx-container-content",
              "children": [
                {
                  "attributes": {
                    "twx-widget": "",
                    "widget-id": "panel-1",
                    "widget-name": "Top Panel",
                    "is-widget-container": "true",
                    "position": "top"
                  },
                  "name": "twx-overlay-container",
                  "children": [
                    {
                      "name": "twx-container-content",
                      "children": [
                        {
                          "attributes": {
                            "twx-widget": "",
                            "widget-id": "gridLayout-3",
                            "widget-name": "gridLayout-3",
                            "is-widget-container": "true"
                          },
                          "name": "twx-gridlayout",
                          "children": [
                            {
                              "name": "twx-container-content",
                              "children": [
                                {
                                  "attributes": {
                                    "twx-widget": "",
                                    "widget-id": "row-15",
                                    "widget-name": "row-15",
                                    "is-widget-container": "true"
                                  },
                                  "name": "twx-row",
                                  "children": [
                                    {
                                      "name": "twx-container-content",
                                      "children": [
                                        {
                                          "attributes": {
                                            "twx-widget": "",
                                            "widget-id": "column-29",
                                            "widget-name": "column-29",
                                            "is-widget-container": "true"
                                          },
                                          "name": "twx-col",
                                          "children": [
                                            {
                                              "name": "twx-container-content",
                                              "children": [
                                                {
                                                  "attributes": {
                                                    "twx-widget": "",
                                                    "widget-id": "button-1",
                                                    "widget-name": "button-1",
                                                    "text": "WC問い合わせ"
                                                  },
                                                  "name": "twx-button",
                                                  "children": [
                                                    {
                                                      "attributes": {
                                                        "eventbind-id": "eb-1647607298195",
                                                        "source-type": "widget",
                                                        "source-label": "Button",
                                                        "source-name": "button-1",
                                                        "source-event": "click",
                                                        "handler-type": "data",
                                                        "handler-name": "BRO.ARSample.TH",
                                                        "handler-service": "GetPropertyValues",
                                                        "handler-path": "app.mdl.BRO.ARSample.TH.svc.GetPropertyValues"
                                                      },
                                                      "name": "twx-eventbind"
                                                    }
                                                  ]
                                                }
                                              ]
                                            }
                                          ]
                                        },
                                        {
                                          "attributes": {
                                            "twx-widget": "",
                                            "widget-id": "column-30",
                                            "widget-name": "column-30",
                                            "is-widget-container": "true"
                                          },
                                          "name": "twx-col",
                                          "children": [
                                            {
                                              "name": "twx-container-content",
                                              "children": [
                                                {
                                                  "attributes": {
                                                    "twx-widget": "",
                                                    "widget-id": "button-2",
                                                    "widget-name": "button-2",
                                                    "click-expression": "getProperty2();",
                                                    "text": "テキストエリアボックスに表示"
                                                  },
                                                  "name": "twx-button"
                                                }
                                              ]
                                            }
                                          ]
                                        },
                                        {
                                          "attributes": {
                                            "twx-widget": "",
                                            "widget-id": "column-31",
                                            "widget-name": "column-31",
                                            "is-widget-container": "true"
                                          },
                                          "name": "twx-col",
                                          "children": [
                                            {
                                              "name": "twx-container-content",
                                              "children": [
                                                {
                                                  "attributes": {
                                                    "twx-widget": "",
                                                    "widget-id": "textArea-1",
                                                    "widget-name": "textArea-1"
                                                  },
                                                  "name": "twx-textarea"
                                                }
                                              ]
                                            }
                                          ]
                                        }
                                      ]
                                    }
                                  ]
                                }
                              ]
                            }
                          ]
                        }
                      ]
                    }
                  ]
                },
                {
                  "attributes": {
                    "twx-widget": "",
                    "widget-id": "2DOverlayBody-1",
                    "widget-name": "2D Body",
                    "is-widget-container": "true"
                  },
                  "name": "twx-overlay-body",
                  "children": [
                    {
                      "name": "twx-container-content",
                      "children": [
                        {
                          "attributes": {
                            "twx-widget": "",
                            "widget-id": "panel-2",
                            "widget-name": "Left Panel",
                            "is-widget-container": "true",
                            "position": "right",
                            "width": "200px"
                          },
                          "name": "twx-overlay-container",
                          "children": [
                            {
                              "name": "twx-container-content",
                              "children": [
                                {
                                  "attributes": {
                                    "twx-widget": "",
                                    "widget-id": "gridLayout-2",
                                    "widget-name": "gridLayout-2",
                                    "is-widget-container": "true"
                                  },
                                  "name": "twx-gridlayout",
                                  "children": [
                                    {
                                      "name": "twx-container-content",
                                      "children": [
                                        {
                                          "attributes": {
                                            "twx-widget": "",
                                            "widget-id": "row-2",
                                            "widget-name": "row-2",
                                            "is-widget-container": "true"
                                          },
                                          "name": "twx-row",
                                          "children": [
                                            {
                                              "name": "twx-container-content",
                                              "children": [
                                                {
                                                  "attributes": {
                                                    "twx-widget": "",
                                                    "widget-id": "column-2",
                                                    "widget-name": "column-2",
                                                    "is-widget-container": "true",
                                                    "justification": "center",
                                                    "fixedcolsize": "100px"
                                                  },
                                                  "name": "twx-col",
                                                  "children": [
                                                    {
                                                      "name": "twx-container-content",
                                                      "children": [
                                                        {
                                                          "attributes": {
                                                            "twx-widget": "",
                                                            "widget-id": "label-1",
                                                            "state-format-value": "text",
                                                            "widget-name": "label-1",
                                                            "text": "PARTNAME"
                                                          },
                                                          "name": "twx-label"
                                                        }
                                                      ]
                                                    }
                                                  ]
                                                },
                                                {
                                                  "attributes": {
                                                    "twx-widget": "",
                                                    "widget-id": "column-9",
                                                    "widget-name": "column-9",
                                                    "is-widget-container": "true",
                                                    "justification": "center"
                                                  },
                                                  "name": "twx-col",
                                                  "children": [
                                                    {
                                                      "name": "twx-container-content",
                                                      "children": [
                                                        {
                                                          "attributes": {
                                                            "twx-widget": "",
                                                            "widget-id": "label-2",
                                                            "state-format-value": "text",
                                                            "widget-name": "label-2",
                                                            "text": "before"
                                                          },
                                                          "name": "twx-label",
                                                          "children": [
                                                            {
                                                              "attributes": {
                                                                "databind-id": "db-1647607261973",
                                                                "source-type": "data",
                                                                "source-name": "BRO.ARSample.TH",
                                                                "source-item-type": "service",
                                                                "source-item-name": "GetPropertyValues",
                                                                "source-item-field-name": "PARTNAME",
                                                                "binding-type": "current_row_field",
                                                                "from-expression": "app.mdl['BRO.ARSample.TH'].svc['GetPropertyValues'].data.current['PARTNAME']",
                                                                "to-property": "text"
                                                              },
                                                              "name": "twx-databind"
                                                            }
                                                          ]
                                                        }
                                                      ]
                                                    }
                                                  ]
                                                }
                                              ]
                                            }
                                          ]
                                        },
                                        {
                                          "attributes": {
                                            "twx-widget": "",
                                            "widget-id": "row-3",
                                            "widget-name": "row-3",
                                            "is-widget-container": "true"
                                          },
                                          "name": "twx-row",
                                          "children": [
                                            {
                                              "name": "twx-container-content",
                                              "children": [
                                                {
                                                  "attributes": {
                                                    "twx-widget": "",
                                                    "widget-id": "column-3",
                                                    "widget-name": "column-3",
                                                    "is-widget-container": "true",
                                                    "justification": "center",
                                                    "fixedcolsize": "100px"
                                                  },
                                                  "name": "twx-col",
                                                  "children": [
                                                    {
                                                      "name": "twx-container-content",
                                                      "children": [
                                                        {
                                                          "attributes": {
                                                            "twx-widget": "",
                                                            "widget-id": "label-3",
                                                            "state-format-value": "text",
                                                            "widget-name": "label-3",
                                                            "text": "PARTCODE"
                                                          },
                                                          "name": "twx-label"
                                                        }
                                                      ]
                                                    }
                                                  ]
                                                },
                                                {
                                                  "attributes": {
                                                    "twx-widget": "",
                                                    "widget-id": "column-10",
                                                    "widget-name": "column-10",
                                                    "is-widget-container": "true",
                                                    "justification": "center"
                                                  },
                                                  "name": "twx-col",
                                                  "children": [
                                                    {
                                                      "name": "twx-container-content",
                                                      "children": [
                                                        {
                                                          "attributes": {
                                                            "twx-widget": "",
                                                            "widget-id": "label-10",
                                                            "state-format-value": "text",
                                                            "widget-name": "label-10",
                                                            "text": ""
                                                          },
                                                          "name": "twx-label",
                                                          "children": [
                                                            {
                                                              "attributes": {
                                                                "databind-id": "db-1647605808196",
                                                                "source-type": "data",
                                                                "source-name": "BRO.ARSample.TH",
                                                                "source-item-type": "service",
                                                                "source-item-name": "GetPropertyValues",
                                                                "source-item-field-name": "PARTCODE",
                                                                "binding-type": "current_row_field",
                                                                "from-expression": "app.mdl['BRO.ARSample.TH'].svc['GetPropertyValues'].data.current['PARTCODE']",
                                                                "to-property": "text"
                                                              },
                                                              "name": "twx-databind"
                                                            }
                                                          ]
                                                        }
                                                      ]
                                                    }
                                                  ]
                                                }
                                              ]
                                            }
                                          ]
                                        },
                                        {
                                          "attributes": {
                                            "twx-widget": "",
                                            "widget-id": "row-4",
                                            "widget-name": "row-4",
                                            "is-widget-container": "true"
                                          },
                                          "name": "twx-row",
                                          "children": [
                                            {
                                              "name": "twx-container-content",
                                              "children": [
                                                {
                                                  "attributes": {
                                                    "twx-widget": "",
                                                    "widget-id": "column-4",
                                                    "widget-name": "column-4",
                                                    "is-widget-container": "true",
                                                    "justification": "center",
                                                    "fixedcolsize": "100px"
                                                  },
                                                  "name": "twx-col",
                                                  "children": [
                                                    {
                                                      "name": "twx-container-content",
                                                      "children": [
                                                        {
                                                          "attributes": {
                                                            "twx-widget": "",
                                                            "widget-id": "label-4",
                                                            "state-format-value": "text",
                                                            "widget-name": "label-4",
                                                            "text": "MATERIAL"
                                                          },
                                                          "name": "twx-label"
                                                        }
                                                      ]
                                                    }
                                                  ]
                                                },
                                                {
                                                  "attributes": {
                                                    "twx-widget": "",
                                                    "widget-id": "column-11",
                                                    "widget-name": "column-11",
                                                    "is-widget-container": "true",
                                                    "justification": "center"
                                                  },
                                                  "name": "twx-col",
                                                  "children": [
                                                    {
                                                      "name": "twx-container-content",
                                                      "children": [
                                                        {
                                                          "attributes": {
                                                            "twx-widget": "",
                                                            "widget-id": "label-11",
                                                            "state-format-value": "text",
                                                            "widget-name": "label-11",
                                                            "text": ""
                                                          },
                                                          "name": "twx-label",
                                                          "children": [
                                                            {
                                                              "attributes": {
                                                                "databind-id": "db-1647605823851",
                                                                "source-type": "data",
                                                                "source-name": "BRO.ARSample.TH",
                                                                "source-item-type": "service",
                                                                "source-item-name": "GetPropertyValues",
                                                                "source-item-field-name": "MATERIAL",
                                                                "binding-type": "current_row_field",
                                                                "from-expression": "app.mdl['BRO.ARSample.TH'].svc['GetPropertyValues'].data.current['MATERIAL']",
                                                                "to-property": "text"
                                                              },
                                                              "name": "twx-databind"
                                                            }
                                                          ]
                                                        }
                                                      ]
                                                    }
                                                  ]
                                                }
                                              ]
                                            }
                                          ]
                                        },
                                        {
                                          "attributes": {
                                            "twx-widget": "",
                                            "widget-id": "row-5",
                                            "widget-name": "row-5",
                                            "is-widget-container": "true"
                                          },
                                          "name": "twx-row",
                                          "children": [
                                            {
                                              "name": "twx-container-content",
                                              "children": [
                                                {
                                                  "attributes": {
                                                    "twx-widget": "",
                                                    "widget-id": "column-5",
                                                    "widget-name": "column-5",
                                                    "is-widget-container": "true",
                                                    "justification": "center",
                                                    "fixedcolsize": "100px"
                                                  },
                                                  "name": "twx-col",
                                                  "children": [
                                                    {
                                                      "name": "twx-container-content",
                                                      "children": [
                                                        {
                                                          "attributes": {
                                                            "twx-widget": "",
                                                            "widget-id": "label-5",
                                                            "state-format-value": "text",
                                                            "widget-name": "label-5",
                                                            "text": "WORKING"
                                                          },
                                                          "name": "twx-label"
                                                        }
                                                      ]
                                                    }
                                                  ]
                                                },
                                                {
                                                  "attributes": {
                                                    "twx-widget": "",
                                                    "widget-id": "column-12",
                                                    "widget-name": "column-12",
                                                    "is-widget-container": "true",
                                                    "justification": "center"
                                                  },
                                                  "name": "twx-col",
                                                  "children": [
                                                    {
                                                      "name": "twx-container-content",
                                                      "children": [
                                                        {
                                                          "attributes": {
                                                            "twx-widget": "",
                                                            "widget-id": "label-12",
                                                            "state-format-value": "text",
                                                            "widget-name": "label-12",
                                                            "text": ""
                                                          },
                                                          "name": "twx-label",
                                                          "children": [
                                                            {
                                                              "attributes": {
                                                                "databind-id": "db-1647605846618",
                                                                "source-type": "data",
                                                                "source-name": "BRO.ARSample.TH",
                                                                "source-item-type": "service",
                                                                "source-item-name": "GetPropertyValues",
                                                                "source-item-field-name": "WORKINGPROCESS",
                                                                "binding-type": "current_row_field",
                                                                "from-expression": "app.mdl['BRO.ARSample.TH'].svc['GetPropertyValues'].data.current['WORKINGPROCESS']",
                                                                "to-property": "text"
                                                              },
                                                              "name": "twx-databind"
                                                            }
                                                          ]
                                                        }
                                                      ]
                                                    }
                                                  ]
                                                }
                                              ]
                                            }
                                          ]
                                        },
                                        {
                                          "attributes": {
                                            "twx-widget": "",
                                            "widget-id": "row-6",
                                            "widget-name": "row-6",
                                            "is-widget-container": "true"
                                          },
                                          "name": "twx-row",
                                          "children": [
                                            {
                                              "name": "twx-container-content",
                                              "children": [
                                                {
                                                  "attributes": {
                                                    "twx-widget": "",
                                                    "widget-id": "column-6",
                                                    "widget-name": "column-6",
                                                    "is-widget-container": "true",
                                                    "justification": "center",
                                                    "fixedcolsize": "120px"
                                                  },
                                                  "name": "twx-col",
                                                  "children": [
                                                    {
                                                      "name": "twx-container-content",
                                                      "children": [
                                                        {
                                                          "attributes": {
                                                            "twx-widget": "",
                                                            "widget-id": "label-6",
                                                            "state-format-value": "text",
                                                            "widget-name": "label-6",
                                                            "text": "MODIFIDATE"
                                                          },
                                                          "name": "twx-label"
                                                        }
                                                      ]
                                                    }
                                                  ]
                                                },
                                                {
                                                  "attributes": {
                                                    "twx-widget": "",
                                                    "widget-id": "column-13",
                                                    "widget-name": "column-13",
                                                    "is-widget-container": "true",
                                                    "justification": "center"
                                                  },
                                                  "name": "twx-col",
                                                  "children": [
                                                    {
                                                      "name": "twx-container-content",
                                                      "children": [
                                                        {
                                                          "attributes": {
                                                            "twx-widget": "",
                                                            "widget-id": "label-13",
                                                            "state-format-value": "text",
                                                            "widget-name": "label-13",
                                                            "text": ""
                                                          },
                                                          "name": "twx-label",
                                                          "children": [
                                                            {
                                                              "attributes": {
                                                                "databind-id": "db-1647605857712",
                                                                "source-type": "data",
                                                                "source-name": "BRO.ARSample.TH",
                                                                "source-item-type": "service",
                                                                "source-item-name": "GetPropertyValues",
                                                                "source-item-field-name": "MODIFIDATE",
                                                                "binding-type": "current_row_field",
                                                                "from-expression": "app.mdl['BRO.ARSample.TH'].svc['GetPropertyValues'].data.current['MODIFIDATE']",
                                                                "to-property": "text"
                                                              },
                                                              "name": "twx-databind"
                                                            }
                                                          ]
                                                        }
                                                      ]
                                                    }
                                                  ]
                                                }
                                              ]
                                            }
                                          ]
                                        },
                                        {
                                          "attributes": {
                                            "twx-widget": "",
                                            "widget-id": "row-7",
                                            "widget-name": "row-7",
                                            "is-widget-container": "true"
                                          },
                                          "name": "twx-row",
                                          "children": [
                                            {
                                              "name": "twx-container-content",
                                              "children": [
                                                {
                                                  "attributes": {
                                                    "twx-widget": "",
                                                    "widget-id": "column-7",
                                                    "widget-name": "column-7",
                                                    "is-widget-container": "true",
                                                    "justification": "center",
                                                    "fixedcolsize": "100px"
                                                  },
                                                  "name": "twx-col",
                                                  "children": [
                                                    {
                                                      "name": "twx-container-content",
                                                      "children": [
                                                        {
                                                          "attributes": {
                                                            "twx-widget": "",
                                                            "widget-id": "label-7",
                                                            "state-format-value": "text",
                                                            "widget-name": "label-7",
                                                            "text": "REVISION"
                                                          },
                                                          "name": "twx-label"
                                                        }
                                                      ]
                                                    }
                                                  ]
                                                },
                                                {
                                                  "attributes": {
                                                    "twx-widget": "",
                                                    "widget-id": "column-14",
                                                    "widget-name": "column-14",
                                                    "is-widget-container": "true",
                                                    "justification": "center"
                                                  },
                                                  "name": "twx-col",
                                                  "children": [
                                                    {
                                                      "name": "twx-container-content",
                                                      "children": [
                                                        {
                                                          "attributes": {
                                                            "twx-widget": "",
                                                            "widget-id": "label-14",
                                                            "state-format-value": "text",
                                                            "widget-name": "label-14",
                                                            "text": ""
                                                          },
                                                          "name": "twx-label",
                                                          "children": [
                                                            {
                                                              "attributes": {
                                                                "databind-id": "db-1647605870596",
                                                                "source-type": "data",
                                                                "source-name": "BRO.ARSample.TH",
                                                                "source-item-type": "service",
                                                                "source-item-name": "GetPropertyValues",
                                                                "source-item-field-name": "REVISION",
                                                                "binding-type": "current_row_field",
                                                                "from-expression": "app.mdl['BRO.ARSample.TH'].svc['GetPropertyValues'].data.current['REVISION']",
                                                                "to-property": "text"
                                                              },
                                                              "name": "twx-databind"
                                                            }
                                                          ]
                                                        }
                                                      ]
                                                    }
                                                  ]
                                                }
                                              ]
                                            }
                                          ]
                                        },
                                        {
                                          "attributes": {
                                            "twx-widget": "",
                                            "widget-id": "row-8",
                                            "widget-name": "row-8",
                                            "is-widget-container": "true"
                                          },
                                          "name": "twx-row",
                                          "children": [
                                            {
                                              "name": "twx-container-content",
                                              "children": [
                                                {
                                                  "attributes": {
                                                    "twx-widget": "",
                                                    "widget-id": "column-8",
                                                    "widget-name": "column-8",
                                                    "is-widget-container": "true",
                                                    "justification": "center",
                                                    "fixedcolsize": "100px"
                                                  },
                                                  "name": "twx-col",
                                                  "children": [
                                                    {
                                                      "name": "twx-container-content",
                                                      "children": [
                                                        {
                                                          "attributes": {
                                                            "twx-widget": "",
                                                            "widget-id": "label-8",
                                                            "state-format-value": "text",
                                                            "widget-name": "label-8",
                                                            "text": "WC_LINK"
                                                          },
                                                          "name": "twx-label"
                                                        }
                                                      ]
                                                    }
                                                  ]
                                                },
                                                {
                                                  "attributes": {
                                                    "twx-widget": "",
                                                    "widget-id": "column-15",
                                                    "widget-name": "column-15",
                                                    "is-widget-container": "true",
                                                    "justification": "center"
                                                  },
                                                  "name": "twx-col",
                                                  "children": [
                                                    {
                                                      "name": "twx-container-content",
                                                      "children": [
                                                        {
                                                          "attributes": {
                                                            "twx-widget": "",
                                                            "widget-id": "hyperlink-1",
                                                            "widget-name": "hyperlink-1",
                                                            "text": "WCリンク"
                                                          },
                                                          "name": "twx-hyperlink",
                                                          "children": [
                                                            {
                                                              "attributes": {
                                                                "databind-id": "db-1647605963234",
                                                                "source-type": "data",
                                                                "source-name": "BRO.ARSample.TH",
                                                                "source-item-type": "service",
                                                                "source-item-name": "GetPropertyValues",
                                                                "source-item-field-name": "WCLINK",
                                                                "binding-type": "current_row_field",
                                                                "from-expression": "app.mdl['BRO.ARSample.TH'].svc['GetPropertyValues'].data.current['WCLINK']",
                                                                "to-property": "url"
                                                              },
                                                              "name": "twx-databind"
                                                            }
                                                          ]
                                                        }
                                                      ]
                                                    }
                                                  ]
                                                }
                                              ]
                                            }
                                          ]
                                        }
                                      ]
                                    }
                                  ]
                                }
                              ]
                            }
                          ]
                        },
                        {
                          "attributes": {
                            "twx-widget": "",
                            "widget-id": "panel-3",
                            "widget-name": "Center Panel",
                            "is-widget-container": "true",
                            "position": "center"
                          },
                          "name": "twx-overlay-container",
                          "children": [
                            {
                              "name": "twx-container-content",
                              "children": [
                                {
                                  "attributes": {
                                    "twx-widget": "",
                                    "widget-id": "label-9",
                                    "state-format-value": "text",
                                    "widget-name": "label-9",
                                    "text": "",
                                    "class": ""
                                  },
                                  "name": "twx-label"
                                }
                              ]
                            }
                          ]
                        },
                        {
                          "attributes": {
                            "twx-widget": "",
                            "widget-id": "panel-4",
                            "widget-name": "Right Panel",
                            "is-widget-container": "true",
                            "position": "right",
                            "width": "200px"
                          },
                          "name": "twx-overlay-container",
                          "children": [
                            {
                              "name": "twx-container-content",
                              "children": [
                                {
                                  "attributes": {
                                    "twx-widget": "",
                                    "widget-id": "gridLayout-1",
                                    "widget-name": "gridLayout-1",
                                    "is-widget-container": "true"
                                  },
                                  "name": "twx-gridlayout",
                                  "children": [
                                    {
                                      "name": "twx-container-content",
                                      "children": [
                                        {
                                          "attributes": {
                                            "twx-widget": "",
                                            "widget-id": "row-1",
                                            "widget-name": "row-1",
                                            "is-widget-container": "true"
                                          },
                                          "name": "twx-row",
                                          "children": [
                                            {
                                              "name": "twx-container-content",
                                              "children": [
                                                {
                                                  "attributes": {
                                                    "twx-widget": "",
                                                    "widget-id": "column-1",
                                                    "widget-name": "column-1",
                                                    "is-widget-container": "true",
                                                    "justification": "center",
                                                    "fixedcolsize": "100px"
                                                  },
                                                  "name": "twx-col",
                                                  "children": [
                                                    {
                                                      "name": "twx-container-content",
                                                      "children": [
                                                        {
                                                          "attributes": {
                                                            "twx-widget": "",
                                                            "widget-id": "label-15",
                                                            "state-format-value": "text",
                                                            "widget-name": "label-15",
                                                            "text": "PARTNAME"
                                                          },
                                                          "name": "twx-label"
                                                        }
                                                      ]
                                                    }
                                                  ]
                                                },
                                                {
                                                  "attributes": {
                                                    "twx-widget": "",
                                                    "widget-id": "column-16",
                                                    "widget-name": "column-16",
                                                    "is-widget-container": "true",
                                                    "justification": "center"
                                                  },
                                                  "name": "twx-col",
                                                  "children": [
                                                    {
                                                      "name": "twx-container-content",
                                                      "children": [
                                                        {
                                                          "attributes": {
                                                            "twx-widget": "",
                                                            "widget-id": "label-16",
                                                            "state-format-value": "text",
                                                            "widget-name": "label-16",
                                                            "text": "before"
                                                          },
                                                          "name": "twx-label"
                                                        }
                                                      ]
                                                    }
                                                  ]
                                                }
                                              ]
                                            }
                                          ]
                                        },
                                        {
                                          "attributes": {
                                            "twx-widget": "",
                                            "widget-id": "row-9",
                                            "widget-name": "row-9",
                                            "is-widget-container": "true"
                                          },
                                          "name": "twx-row",
                                          "children": [
                                            {
                                              "name": "twx-container-content",
                                              "children": [
                                                {
                                                  "attributes": {
                                                    "twx-widget": "",
                                                    "widget-id": "column-17",
                                                    "widget-name": "column-17",
                                                    "is-widget-container": "true",
                                                    "justification": "center",
                                                    "fixedcolsize": "100px"
                                                  },
                                                  "name": "twx-col",
                                                  "children": [
                                                    {
                                                      "name": "twx-container-content",
                                                      "children": [
                                                        {
                                                          "attributes": {
                                                            "twx-widget": "",
                                                            "widget-id": "label-17",
                                                            "state-format-value": "text",
                                                            "widget-name": "label-17",
                                                            "text": "PARTCODE"
                                                          },
                                                          "name": "twx-label"
                                                        }
                                                      ]
                                                    }
                                                  ]
                                                },
                                                {
                                                  "attributes": {
                                                    "twx-widget": "",
                                                    "widget-id": "column-18",
                                                    "widget-name": "column-18",
                                                    "is-widget-container": "true",
                                                    "justification": "center"
                                                  },
                                                  "name": "twx-col",
                                                  "children": [
                                                    {
                                                      "name": "twx-container-content",
                                                      "children": [
                                                        {
                                                          "attributes": {
                                                            "twx-widget": "",
                                                            "widget-id": "label-18",
                                                            "state-format-value": "text",
                                                            "widget-name": "label-18",
                                                            "text": ""
                                                          },
                                                          "name": "twx-label"
                                                        }
                                                      ]
                                                    }
                                                  ]
                                                }
                                              ]
                                            }
                                          ]
                                        },
                                        {
                                          "attributes": {
                                            "twx-widget": "",
                                            "widget-id": "row-10",
                                            "widget-name": "row-10",
                                            "is-widget-container": "true"
                                          },
                                          "name": "twx-row",
                                          "children": [
                                            {
                                              "name": "twx-container-content",
                                              "children": [
                                                {
                                                  "attributes": {
                                                    "twx-widget": "",
                                                    "widget-id": "column-19",
                                                    "widget-name": "column-19",
                                                    "is-widget-container": "true",
                                                    "justification": "center",
                                                    "fixedcolsize": "100px"
                                                  },
                                                  "name": "twx-col",
                                                  "children": [
                                                    {
                                                      "name": "twx-container-content",
                                                      "children": [
                                                        {
                                                          "attributes": {
                                                            "twx-widget": "",
                                                            "widget-id": "label-19",
                                                            "state-format-value": "text",
                                                            "widget-name": "label-19",
                                                            "text": "MATERIAL"
                                                          },
                                                          "name": "twx-label"
                                                        }
                                                      ]
                                                    }
                                                  ]
                                                },
                                                {
                                                  "attributes": {
                                                    "twx-widget": "",
                                                    "widget-id": "column-20",
                                                    "widget-name": "column-20",
                                                    "is-widget-container": "true",
                                                    "justification": "center"
                                                  },
                                                  "name": "twx-col",
                                                  "children": [
                                                    {
                                                      "name": "twx-container-content",
                                                      "children": [
                                                        {
                                                          "attributes": {
                                                            "twx-widget": "",
                                                            "widget-id": "label-20",
                                                            "state-format-value": "text",
                                                            "widget-name": "label-20",
                                                            "text": ""
                                                          },
                                                          "name": "twx-label"
                                                        }
                                                      ]
                                                    }
                                                  ]
                                                }
                                              ]
                                            }
                                          ]
                                        },
                                        {
                                          "attributes": {
                                            "twx-widget": "",
                                            "widget-id": "row-11",
                                            "widget-name": "row-11",
                                            "is-widget-container": "true"
                                          },
                                          "name": "twx-row",
                                          "children": [
                                            {
                                              "name": "twx-container-content",
                                              "children": [
                                                {
                                                  "attributes": {
                                                    "twx-widget": "",
                                                    "widget-id": "column-21",
                                                    "widget-name": "column-21",
                                                    "is-widget-container": "true",
                                                    "justification": "center",
                                                    "fixedcolsize": "100px"
                                                  },
                                                  "name": "twx-col",
                                                  "children": [
                                                    {
                                                      "name": "twx-container-content",
                                                      "children": [
                                                        {
                                                          "attributes": {
                                                            "twx-widget": "",
                                                            "widget-id": "label-21",
                                                            "state-format-value": "text",
                                                            "widget-name": "label-21",
                                                            "text": "WORKING"
                                                          },
                                                          "name": "twx-label"
                                                        }
                                                      ]
                                                    }
                                                  ]
                                                },
                                                {
                                                  "attributes": {
                                                    "twx-widget": "",
                                                    "widget-id": "column-22",
                                                    "widget-name": "column-22",
                                                    "is-widget-container": "true",
                                                    "justification": "center"
                                                  },
                                                  "name": "twx-col",
                                                  "children": [
                                                    {
                                                      "name": "twx-container-content",
                                                      "children": [
                                                        {
                                                          "attributes": {
                                                            "twx-widget": "",
                                                            "widget-id": "label-22",
                                                            "state-format-value": "text",
                                                            "widget-name": "label-22",
                                                            "text": ""
                                                          },
                                                          "name": "twx-label"
                                                        }
                                                      ]
                                                    }
                                                  ]
                                                }
                                              ]
                                            }
                                          ]
                                        },
                                        {
                                          "attributes": {
                                            "twx-widget": "",
                                            "widget-id": "row-12",
                                            "widget-name": "row-12",
                                            "is-widget-container": "true"
                                          },
                                          "name": "twx-row",
                                          "children": [
                                            {
                                              "name": "twx-container-content",
                                              "children": [
                                                {
                                                  "attributes": {
                                                    "twx-widget": "",
                                                    "widget-id": "column-23",
                                                    "widget-name": "column-23",
                                                    "is-widget-container": "true",
                                                    "justification": "center",
                                                    "fixedcolsize": "120px"
                                                  },
                                                  "name": "twx-col",
                                                  "children": [
                                                    {
                                                      "name": "twx-container-content",
                                                      "children": [
                                                        {
                                                          "attributes": {
                                                            "twx-widget": "",
                                                            "widget-id": "label-23",
                                                            "state-format-value": "text",
                                                            "widget-name": "label-23",
                                                            "text": "MODIFIDATE"
                                                          },
                                                          "name": "twx-label"
                                                        }
                                                      ]
                                                    }
                                                  ]
                                                },
                                                {
                                                  "attributes": {
                                                    "twx-widget": "",
                                                    "widget-id": "column-24",
                                                    "widget-name": "column-24",
                                                    "is-widget-container": "true",
                                                    "justification": "center"
                                                  },
                                                  "name": "twx-col",
                                                  "children": [
                                                    {
                                                      "name": "twx-container-content",
                                                      "children": [
                                                        {
                                                          "attributes": {
                                                            "twx-widget": "",
                                                            "widget-id": "label-24",
                                                            "state-format-value": "text",
                                                            "widget-name": "label-24",
                                                            "text": ""
                                                          },
                                                          "name": "twx-label"
                                                        }
                                                      ]
                                                    }
                                                  ]
                                                }
                                              ]
                                            }
                                          ]
                                        },
                                        {
                                          "attributes": {
                                            "twx-widget": "",
                                            "widget-id": "row-13",
                                            "widget-name": "row-13",
                                            "is-widget-container": "true"
                                          },
                                          "name": "twx-row",
                                          "children": [
                                            {
                                              "name": "twx-container-content",
                                              "children": [
                                                {
                                                  "attributes": {
                                                    "twx-widget": "",
                                                    "widget-id": "column-25",
                                                    "widget-name": "column-25",
                                                    "is-widget-container": "true",
                                                    "justification": "center",
                                                    "fixedcolsize": "100px"
                                                  },
                                                  "name": "twx-col",
                                                  "children": [
                                                    {
                                                      "name": "twx-container-content",
                                                      "children": [
                                                        {
                                                          "attributes": {
                                                            "twx-widget": "",
                                                            "widget-id": "label-25",
                                                            "state-format-value": "text",
                                                            "widget-name": "label-25",
                                                            "text": "REVISION"
                                                          },
                                                          "name": "twx-label"
                                                        }
                                                      ]
                                                    }
                                                  ]
                                                },
                                                {
                                                  "attributes": {
                                                    "twx-widget": "",
                                                    "widget-id": "column-26",
                                                    "widget-name": "column-26",
                                                    "is-widget-container": "true",
                                                    "justification": "center"
                                                  },
                                                  "name": "twx-col",
                                                  "children": [
                                                    {
                                                      "name": "twx-container-content",
                                                      "children": [
                                                        {
                                                          "attributes": {
                                                            "twx-widget": "",
                                                            "widget-id": "label-26",
                                                            "state-format-value": "text",
                                                            "widget-name": "label-26",
                                                            "text": ""
                                                          },
                                                          "name": "twx-label"
                                                        }
                                                      ]
                                                    }
                                                  ]
                                                }
                                              ]
                                            }
                                          ]
                                        },
                                        {
                                          "attributes": {
                                            "twx-widget": "",
                                            "widget-id": "row-14",
                                            "widget-name": "row-14",
                                            "is-widget-container": "true"
                                          },
                                          "name": "twx-row",
                                          "children": [
                                            {
                                              "name": "twx-container-content",
                                              "children": [
                                                {
                                                  "attributes": {
                                                    "twx-widget": "",
                                                    "widget-id": "column-27",
                                                    "widget-name": "column-27",
                                                    "is-widget-container": "true",
                                                    "justification": "center",
                                                    "fixedcolsize": "100px"
                                                  },
                                                  "name": "twx-col",
                                                  "children": [
                                                    {
                                                      "name": "twx-container-content",
                                                      "children": [
                                                        {
                                                          "attributes": {
                                                            "twx-widget": "",
                                                            "widget-id": "label-27",
                                                            "state-format-value": "text",
                                                            "widget-name": "label-27",
                                                            "text": "WC_LINK"
                                                          },
                                                          "name": "twx-label"
                                                        }
                                                      ]
                                                    }
                                                  ]
                                                },
                                                {
                                                  "attributes": {
                                                    "twx-widget": "",
                                                    "widget-id": "column-28",
                                                    "widget-name": "column-28",
                                                    "is-widget-container": "true",
                                                    "justification": "center"
                                                  },
                                                  "name": "twx-col",
                                                  "children": [
                                                    {
                                                      "name": "twx-container-content",
                                                      "children": [
                                                        {
                                                          "attributes": {
                                                            "twx-widget": "",
                                                            "widget-id": "hyperlink-2",
                                                            "widget-name": "hyperlink-2",
                                                            "text": "WCリンク"
                                                          },
                                                          "name": "twx-hyperlink"
                                                        }
                                                      ]
                                                    }
                                                  ]
                                                }
                                              ]
                                            }
                                          ]
                                        }
                                      ]
                                    }
                                  ]
                                },
                                {
                                  "attributes": {
                                    "twx-widget": "",
                                    "widget-id": "textInput-1",
                                    "widget-name": "textInput-1",
                                    "placeholder": "プレースホルダーテキスト",
                                    "label": "入力ラベル"
                                  },
                                  "name": "twx-text-input",
                                  "children": [
                                    {
                                      "attributes": {
                                        "databind-id": "db-1648002913162",
                                        "source-type": "data",
                                        "source-name": "text",
                                        "source-item-type": "value",
                                        "source-item-name": "text",
                                        "binding-type": "custom_field",
                                        "from-expression": "app.params['text']",
                                        "to-property": "text"
                                      },
                                      "name": "twx-databind"
                                    }
                                  ]
                                }
                              ]
                            }
                          ]
                        }
                      ]
                    }
                  ]
                },
                {
                  "attributes": {
                    "twx-widget": "",
                    "widget-id": "panel-5",
                    "widget-name": "Bottom Panel",
                    "is-widget-container": "true",
                    "position": "bottom"
                  },
                  "name": "twx-overlay-container",
                  "children": [
                    {
                      "name": "twx-container-content"
                    }
                  ]
                }
              ]
            }
          ]
        }
      ]
    },
    {
      "name": "twx-fragment-parameters"
    },
    {
      "name": "twx-view-data"
    }
  ],
  "name": "twx-view"
}
