{
  "attributes": {
    "namespace": "app.mdl"
  },
  "children": [
    {
      "attributes": {
        "name": "OLY.VuforiaVec3.TH",
        "twx-entity-type": "Things",
        "twx-entity-name": "OLY.VuforiaVec3.TH"
      },
      "name": "twx-model",
      "children": [
        {
          "attributes": {
            "name": "SaveVec3",
            "id": "SaveVec3"
          },
          "name": "twx-model-service"
        }
      ]
    },
    {
      "attributes": {
        "id": "vumark",
        "isbound": "false",
        "isdeletable": "false",
        "name": "ThingMark",
        "value": ""
      },
      "name": "twx-app-param"
    },
    {
      "attributes": {
        "id": "template",
        "isbound": "false",
        "isdeletable": "false",
        "name": "Thing Template",
        "value": ""
      },
      "name": "twx-app-param"
    },
    {
      "attributes": {
        "id": "thing",
        "isbound": "false",
        "isdeletable": "false",
        "name": "Thing",
        "value": ""
      },
      "name": "twx-app-param"
    },
    {
      "attributes": {
        "id": "visiblePopup",
        "isbound": "false",
        "isdeletable": "true",
        "name": "visiblePopup",
        "value": "false"
      },
      "name": "twx-app-param"
    },
    {
      "attributes": {
        "id": "expandValue",
        "isbound": "false",
        "isdeletable": "true",
        "name": "expandValue",
        "value": "10"
      },
      "name": "twx-app-param",
      "children": [
        {
          "attributes": {
            "databind-id": "db-85a65f90-6122-48ea-af8b-505b8fa70040",
            "source-type": "ui",
            "source-label": "テキスト入力",
            "source-name": "expandTextBox",
            "source-item-type": "property",
            "source-item-name": "text",
            "binding-type": "widget_property",
            "from-expression": "app.view['ホーム'].wdg['expandTextBox']['text']",
            "to-property": "app.params['expandValue']"
          },
          "name": "twx-databind"
        }
      ]
    },
    {
      "attributes": {
        "id": "rotationValue",
        "isbound": "false",
        "isdeletable": "true",
        "name": "rotationValue",
        "value": "10"
      },
      "name": "twx-app-param",
      "children": [
        {
          "attributes": {
            "databind-id": "db-c5619aeb-ce11-4172-b673-35400e98caef",
            "source-type": "ui",
            "source-label": "テキスト入力",
            "source-name": "rotationTextBox",
            "source-item-type": "property",
            "source-item-name": "text",
            "binding-type": "widget_property",
            "from-expression": "app.view['ホーム'].wdg['rotationTextBox']['text']",
            "to-property": "app.params['rotationValue']"
          },
          "name": "twx-databind"
        }
      ]
    },
    {
      "attributes": {
        "id": "moveValue",
        "isbound": "false",
        "isdeletable": "true",
        "name": "moveValue",
        "value": "100"
      },
      "name": "twx-app-param",
      "children": [
        {
          "attributes": {
            "databind-id": "db-cefc7ab0-8b49-46d0-bc85-38f986beafca",
            "source-type": "ui",
            "source-label": "テキスト入力",
            "source-name": "moveTextBox",
            "source-item-type": "property",
            "source-item-name": "text",
            "binding-type": "widget_property",
            "from-expression": "app.view['ホーム'].wdg['moveTextBox']['text']",
            "to-property": "app.params['moveValue']"
          },
          "name": "twx-databind"
        }
      ]
    },
    {
      "attributes": {
        "id": "modelScale",
        "isbound": "false",
        "isdeletable": "true",
        "name": "modelScale",
        "value": "1"
      },
      "name": "twx-app-param"
    },
    {
      "attributes": {
        "id": "modelX",
        "isbound": "false",
        "isdeletable": "true",
        "name": "modelX",
        "value": "0"
      },
      "name": "twx-app-param"
    },
    {
      "attributes": {
        "id": "modelZ",
        "isbound": "false",
        "isdeletable": "true",
        "name": "modelZ",
        "value": "0"
      },
      "name": "twx-app-param"
    },
    {
      "attributes": {
        "id": "modelY",
        "isbound": "false",
        "isdeletable": "true",
        "name": "modelY",
        "value": "0"
      },
      "name": "twx-app-param"
    },
    {
      "attributes": {
        "id": "rotationY",
        "isbound": "false",
        "isdeletable": "true",
        "name": "rotationY",
        "value": "0"
      },
      "name": "twx-app-param"
    },
    {
      "attributes": {
        "id": "oneWayMarkOpacity1",
        "isbound": "false",
        "isdeletable": "true",
        "name": "oneWayMarkOpacity1",
        "value": "0"
      },
      "name": "twx-app-param"
    },
    {
      "attributes": {
        "id": "oneWayMarkOpacity3",
        "isbound": "false",
        "isdeletable": "true",
        "name": "oneWayMarkOpacity3",
        "value": "0"
      },
      "name": "twx-app-param"
    },
    {
      "attributes": {
        "id": "oneWayMarkOpacity4",
        "isbound": "false",
        "isdeletable": "true",
        "name": "oneWayMarkOpacity4",
        "value": "0"
      },
      "name": "twx-app-param"
    },
    {
      "attributes": {
        "id": "oneWayMarkOpacity5",
        "isbound": "false",
        "isdeletable": "true",
        "name": "oneWayMarkOpacity5",
        "value": "0"
      },
      "name": "twx-app-param"
    },
    {
      "attributes": {
        "id": "oneWayMarkOpacity6",
        "isbound": "false",
        "isdeletable": "true",
        "name": "oneWayMarkOpacity6",
        "value": "0"
      },
      "name": "twx-app-param"
    },
    {
      "attributes": {
        "id": "oneWayMarkOpacity7",
        "isbound": "false",
        "isdeletable": "true",
        "name": "oneWayMarkOpacity7",
        "value": "0"
      },
      "name": "twx-app-param"
    },
    {
      "attributes": {
        "id": "oneWayMarkOpacity2",
        "isbound": "false",
        "isdeletable": "true",
        "name": "oneWayMarkOpacity2",
        "value": "0"
      },
      "name": "twx-app-param"
    },
    {
      "attributes": {
        "id": "selectWaiyPoint",
        "isbound": "false",
        "isdeletable": "true",
        "name": "selectWaiyPoint",
        "value": "0"
      },
      "name": "twx-app-param"
    },
    {
      "attributes": {
        "id": "stepLabelText",
        "isbound": "false",
        "isdeletable": "true",
        "name": "stepLabelText",
        "value": ""
      },
      "name": "twx-app-param"
    }
  ],
  "name": "twx-app-mdl"
}
