{
  "attributes": {
    "namespace": "app.mdl"
  },
  "children": [
    {
      "attributes": {
        "name": "BRO.ARSample.TH",
        "twx-entity-type": "Things",
        "twx-entity-name": "BRO.ARSample.TH"
      },
      "name": "twx-model",
      "children": [
        {
          "attributes": {
            "name": "GetPropertyValues",
            "id": "GetPropertyValues"
          },
          "name": "twx-model-service"
        },
        {
          "attributes": {
            "name": "GetPartInfo",
            "id": "GetPartInfo"
          },
          "name": "twx-model-service"
        }
      ]
    },
    {
      "attributes": {
        "id": "vumark",
        "isbound": "false",
        "isdeletable": "false",
        "name": "ThingMark",
        "value": ""
      },
      "name": "twx-app-param"
    },
    {
      "attributes": {
        "id": "template",
        "isbound": "false",
        "isdeletable": "false",
        "name": "Thing Template",
        "value": ""
      },
      "name": "twx-app-param"
    },
    {
      "attributes": {
        "id": "thing",
        "isbound": "false",
        "isdeletable": "false",
        "name": "Thing",
        "value": ""
      },
      "name": "twx-app-param"
    },
    {
      "attributes": {
        "id": "text",
        "isbound": "false",
        "isdeletable": "true",
        "name": "text",
        "value": ""
      },
      "name": "twx-app-param"
    }
  ],
  "name": "twx-app-mdl"
}
