{
  "name": "",
  "version": "1.0.0",
  "requires": [
    "w320dp",
    "spatial-tracking"
  ],
  "experiences": [
    {
      "vumark": "",
      "experienceType": "none",
      "index-keys": [],
      "title": {
        "en": "CoffeeMakerFinal"
      },
      "description": {
        "en": "Part Identification with dynamic part selection and text derived sequence instructions.",
        "en-US": "Part Identification with dynamic part selection and text derived sequence instructions."
      },
      "requires": [
        "AR-tracking"
      ],
      "tags": [],
      "icon": "",
      "viewName": "Home",
      "url-template": "index.html?expId=1",
      "thumbnail": "",
      "id": 1,
      "entryPoint": "index.html?expId=1",
      "thingTemplateName": ""
    }
  ],
  "accessType": "public",
  "designedfor": [],
  "widgetsUsage": [
    {
      "timeStamp": 1607077983154,
      "usage": {
        "twx-view": 1,
        "twx-dt-view": 1,
        "twx-dt-target-spatial": 1,
        "twx-dt-model": 1,
        "twx-overlay": 1,
        "twx-overlay-container": 5,
        "twx-valuedisplay": 1,
        "twx-overlay-body": 1,
        "twx-panel": 3,
        "twx-gridlayout": 3,
        "twx-row": 7,
        "twx-col": 13,
        "twx-label": 9,
        "twx-button": 5
      }
    },
    {
      "timeStamp": 1607078055203,
      "usage": {
        "twx-view": 1,
        "twx-dt-view": 1,
        "twx-dt-target-spatial": 1,
        "twx-dt-model": 1,
        "twx-dt-picture": 1,
        "twx-tml-text": 1,
        "twx-overlay": 1,
        "twx-overlay-container": 5,
        "twx-valuedisplay": 1,
        "twx-overlay-body": 1,
        "twx-panel": 3,
        "twx-gridlayout": 3,
        "twx-row": 7,
        "twx-col": 13,
        "twx-label": 9,
        "twx-button": 5
      }
    },
    {
      "timeStamp": 1607131309363,
      "usage": {
        "twx-view": 1,
        "twx-dt-view": 1,
        "twx-dt-target-spatial": 1,
        "twx-dt-model": 1,
        "twx-dt-picture": 1,
        "twx-tml-text": 1,
        "twx-overlay": 1,
        "twx-overlay-container": 5,
        "twx-valuedisplay": 1,
        "twx-overlay-body": 1,
        "twx-panel": 3,
        "twx-gridlayout": 3,
        "twx-row": 7,
        "twx-col": 13,
        "twx-label": 9,
        "twx-button": 5
      }
    },
    {
      "timeStamp": 1607131434595,
      "usage": {
        "twx-view": 1,
        "twx-dt-view": 1,
        "twx-dt-target-spatial": 1,
        "twx-dt-model": 1,
        "twx-dt-picture": 1,
        "twx-tml-text": 1,
        "twx-overlay": 1,
        "twx-overlay-container": 5,
        "twx-valuedisplay": 1,
        "twx-overlay-body": 1,
        "twx-panel": 3,
        "twx-gridlayout": 3,
        "twx-row": 7,
        "twx-col": 13,
        "twx-label": 9,
        "twx-button": 5
      }
    },
    {
      "timeStamp": 1607131644574,
      "usage": {
        "twx-view": 1,
        "twx-dt-view": 1,
        "twx-dt-target-spatial": 1,
        "twx-dt-model": 1,
        "twx-dt-picture": 1,
        "twx-tml-text": 1,
        "twx-overlay": 1,
        "twx-overlay-container": 5,
        "twx-valuedisplay": 1,
        "twx-overlay-body": 1,
        "twx-panel": 3,
        "twx-gridlayout": 3,
        "twx-row": 7,
        "twx-col": 13,
        "twx-label": 9,
        "twx-list": 1,
        "twx-button": 5
      }
    },
    {
      "timeStamp": 1607602361292,
      "usage": {
        "twx-view": 1,
        "twx-dt-view": 1,
        "twx-dt-target-spatial": 1,
        "twx-dt-model": 1,
        "twx-dt-picture": 1,
        "twx-tml-text": 1,
        "twx-overlay": 1,
        "twx-overlay-container": 5,
        "twx-valuedisplay": 1,
        "twx-overlay-body": 1,
        "twx-panel": 3,
        "twx-gridlayout": 3,
        "twx-row": 7,
        "twx-col": 13,
        "twx-label": 9,
        "twx-list": 1,
        "twx-button": 5
      }
    },
    {
      "timeStamp": 1607602383348,
      "usage": {
        "twx-view": 1,
        "twx-dt-view": 1,
        "twx-dt-target-spatial": 1,
        "twx-dt-model": 1,
        "twx-dt-picture": 1,
        "twx-tml-text": 1,
        "twx-overlay": 1,
        "twx-overlay-container": 5,
        "twx-valuedisplay": 1,
        "twx-overlay-body": 1,
        "twx-panel": 3,
        "twx-gridlayout": 3,
        "twx-row": 7,
        "twx-col": 13,
        "twx-label": 9,
        "twx-list": 1,
        "twx-button": 5
      }
    },
    {
      "timeStamp": 1607602483201,
      "usage": {
        "twx-view": 1,
        "twx-dt-view": 1,
        "twx-dt-target-spatial": 1,
        "twx-dt-model": 1,
        "twx-dt-picture": 1,
        "twx-tml-text": 1,
        "twx-overlay": 1,
        "twx-overlay-container": 5,
        "twx-valuedisplay": 1,
        "twx-overlay-body": 1,
        "twx-panel": 3,
        "twx-gridlayout": 3,
        "twx-row": 7,
        "twx-col": 13,
        "twx-label": 9,
        "twx-list": 1,
        "twx-button": 5
      }
    },
    {
      "timeStamp": 1607610787215,
      "usage": {
        "twx-view": 1,
        "twx-dt-view": 1,
        "twx-dt-target-spatial": 1,
        "twx-dt-model": 1,
        "twx-dt-picture": 1,
        "twx-tml-text": 1,
        "twx-overlay": 1,
        "twx-overlay-container": 5,
        "twx-valuedisplay": 1,
        "twx-overlay-body": 1,
        "twx-panel": 3,
        "twx-gridlayout": 3,
        "twx-row": 7,
        "twx-col": 13,
        "twx-label": 9,
        "twx-list": 1,
        "twx-button": 5
      }
    },
    {
      "timeStamp": 1607610789613,
      "usage": {
        "twx-view": 1,
        "twx-dt-view": 1,
        "twx-dt-target-spatial": 1,
        "twx-dt-model": 1,
        "twx-dt-picture": 1,
        "twx-tml-text": 1,
        "twx-overlay": 1,
        "twx-overlay-container": 5,
        "twx-valuedisplay": 1,
        "twx-overlay-body": 1,
        "twx-panel": 3,
        "twx-gridlayout": 3,
        "twx-row": 7,
        "twx-col": 13,
        "twx-label": 9,
        "twx-list": 1,
        "twx-button": 5
      }
    },
    {
      "timeStamp": 1607610856971,
      "usage": {
        "twx-view": 1,
        "twx-dt-view": 1,
        "twx-dt-target-spatial": 1,
        "twx-dt-model": 1,
        "twx-dt-picture": 1,
        "twx-tml-text": 1,
        "twx-overlay": 1,
        "twx-overlay-container": 5,
        "twx-valuedisplay": 1,
        "twx-overlay-body": 1,
        "twx-panel": 3,
        "twx-gridlayout": 3,
        "twx-row": 7,
        "twx-col": 13,
        "twx-label": 9,
        "twx-list": 1,
        "twx-button": 5
      }
    },
    {
      "timeStamp": 1607610859848,
      "usage": {
        "twx-view": 1,
        "twx-dt-view": 1,
        "twx-dt-target-spatial": 1,
        "twx-dt-model": 1,
        "twx-dt-picture": 1,
        "twx-tml-text": 1,
        "twx-overlay": 1,
        "twx-overlay-container": 5,
        "twx-valuedisplay": 1,
        "twx-overlay-body": 1,
        "twx-panel": 3,
        "twx-gridlayout": 3,
        "twx-row": 7,
        "twx-col": 13,
        "twx-label": 9,
        "twx-list": 1,
        "twx-button": 5
      }
    },
    {
      "timeStamp": 1607610892456,
      "usage": {
        "twx-view": 1,
        "twx-dt-view": 1,
        "twx-dt-target-spatial": 1,
        "twx-dt-model": 1,
        "twx-dt-picture": 1,
        "twx-tml-text": 1,
        "twx-overlay": 1,
        "twx-overlay-container": 5,
        "twx-valuedisplay": 1,
        "twx-overlay-body": 1,
        "twx-panel": 3,
        "twx-gridlayout": 3,
        "twx-row": 7,
        "twx-col": 13,
        "twx-label": 9,
        "twx-list": 1,
        "twx-button": 5
      }
    },
    {
      "timeStamp": 1607611072302,
      "usage": {
        "twx-view": 1,
        "twx-dt-view": 1,
        "twx-dt-target-spatial": 1,
        "twx-dt-model": 1,
        "twx-dt-picture": 1,
        "twx-tml-text": 1,
        "twx-overlay": 1,
        "twx-overlay-container": 5,
        "twx-valuedisplay": 1,
        "twx-overlay-body": 1,
        "twx-panel": 3,
        "twx-gridlayout": 3,
        "twx-row": 7,
        "twx-col": 13,
        "twx-label": 9,
        "twx-list": 1,
        "twx-button": 5
      }
    },
    {
      "timeStamp": 1607611132109,
      "usage": {
        "twx-view": 1,
        "twx-dt-view": 1,
        "twx-dt-target-spatial": 1,
        "twx-dt-model": 1,
        "twx-dt-picture": 1,
        "twx-tml-text": 1,
        "twx-overlay": 1,
        "twx-overlay-container": 5,
        "twx-valuedisplay": 1,
        "twx-overlay-body": 1,
        "twx-panel": 3,
        "twx-gridlayout": 3,
        "twx-row": 7,
        "twx-col": 13,
        "twx-label": 9,
        "twx-list": 1,
        "twx-button": 5
      }
    },
    {
      "timeStamp": 1607611570877,
      "usage": {
        "twx-view": 1,
        "twx-dt-view": 1,
        "twx-dt-target-spatial": 1,
        "twx-dt-model": 1,
        "twx-dt-picture": 1,
        "twx-tml-text": 1,
        "twx-overlay": 1,
        "twx-overlay-container": 5,
        "twx-valuedisplay": 1,
        "twx-overlay-body": 1,
        "twx-panel": 3,
        "twx-gridlayout": 3,
        "twx-row": 7,
        "twx-col": 13,
        "twx-label": 9,
        "twx-list": 1,
        "twx-button": 5
      }
    },
    {
      "timeStamp": 1607611578938,
      "usage": {
        "twx-view": 1,
        "twx-dt-view": 1,
        "twx-dt-target-spatial": 1,
        "twx-dt-model": 1,
        "twx-dt-picture": 1,
        "twx-tml-text": 1,
        "twx-overlay": 1,
        "twx-overlay-container": 5,
        "twx-valuedisplay": 1,
        "twx-overlay-body": 1,
        "twx-panel": 3,
        "twx-gridlayout": 3,
        "twx-row": 7,
        "twx-col": 13,
        "twx-label": 9,
        "twx-list": 1,
        "twx-button": 5
      }
    },
    {
      "timeStamp": 1607611987275,
      "usage": {
        "twx-view": 1,
        "twx-dt-view": 1,
        "twx-dt-target-spatial": 1,
        "twx-dt-model": 1,
        "twx-dt-picture": 1,
        "twx-tml-text": 1,
        "twx-overlay": 1,
        "twx-overlay-container": 5,
        "twx-valuedisplay": 1,
        "twx-overlay-body": 1,
        "twx-panel": 3,
        "twx-gridlayout": 3,
        "twx-row": 7,
        "twx-col": 13,
        "twx-label": 9,
        "twx-list": 1,
        "twx-button": 5
      }
    },
    {
      "timeStamp": 1607612499386,
      "usage": {
        "twx-view": 1,
        "twx-dt-view": 1,
        "twx-dt-target-spatial": 1,
        "twx-dt-model": 1,
        "twx-dt-picture": 1,
        "twx-tml-text": 1,
        "twx-overlay": 1,
        "twx-overlay-container": 5,
        "twx-valuedisplay": 1,
        "twx-overlay-body": 1,
        "twx-panel": 3,
        "twx-gridlayout": 3,
        "twx-row": 7,
        "twx-col": 13,
        "twx-label": 9,
        "twx-list": 1,
        "twx-button": 5
      }
    },
    {
      "timeStamp": 1607612560681,
      "usage": {
        "twx-view": 1,
        "twx-dt-view": 1,
        "twx-dt-target-spatial": 1,
        "twx-dt-model": 1,
        "twx-dt-picture": 1,
        "twx-tml-text": 1,
        "twx-overlay": 1,
        "twx-overlay-container": 5,
        "twx-valuedisplay": 1,
        "twx-overlay-body": 1,
        "twx-panel": 3,
        "twx-gridlayout": 3,
        "twx-row": 7,
        "twx-col": 13,
        "twx-label": 9,
        "twx-list": 1,
        "twx-button": 6
      }
    },
    {
      "timeStamp": 1607612578415,
      "usage": {
        "twx-view": 1,
        "twx-dt-view": 1,
        "twx-dt-target-spatial": 1,
        "twx-dt-model": 1,
        "twx-dt-picture": 1,
        "twx-tml-text": 1,
        "twx-overlay": 1,
        "twx-overlay-container": 5,
        "twx-valuedisplay": 1,
        "twx-overlay-body": 1,
        "twx-panel": 3,
        "twx-gridlayout": 3,
        "twx-row": 7,
        "twx-col": 13,
        "twx-label": 9,
        "twx-list": 1,
        "twx-button": 6
      }
    },
    {
      "timeStamp": 1607612624186,
      "usage": {
        "twx-view": 1,
        "twx-dt-view": 1,
        "twx-dt-target-spatial": 1,
        "twx-dt-model": 1,
        "twx-dt-picture": 1,
        "twx-tml-text": 1,
        "twx-overlay": 1,
        "twx-overlay-container": 5,
        "twx-valuedisplay": 1,
        "twx-overlay-body": 1,
        "twx-panel": 3,
        "twx-gridlayout": 3,
        "twx-row": 7,
        "twx-col": 13,
        "twx-label": 9,
        "twx-list": 1,
        "twx-button": 6
      }
    },
    {
      "timeStamp": 1607612842243,
      "usage": {
        "twx-view": 1,
        "twx-dt-view": 1,
        "twx-dt-target-spatial": 1,
        "twx-dt-model": 1,
        "twx-dt-picture": 1,
        "twx-tml-text": 1,
        "twx-overlay": 1,
        "twx-overlay-container": 5,
        "twx-valuedisplay": 1,
        "twx-overlay-body": 1,
        "twx-panel": 3,
        "twx-gridlayout": 3,
        "twx-row": 7,
        "twx-col": 13,
        "twx-label": 9,
        "twx-list": 1,
        "twx-button": 6
      }
    },
    {
      "timeStamp": 1607613245860,
      "usage": {
        "twx-view": 1,
        "twx-dt-view": 1,
        "twx-dt-target-spatial": 1,
        "twx-dt-model": 1,
        "twx-dt-picture": 1,
        "twx-tml-text": 1,
        "twx-overlay": 1,
        "twx-overlay-container": 5,
        "twx-range": 1,
        "twx-overlay-body": 1,
        "twx-panel": 3,
        "twx-gridlayout": 3,
        "twx-row": 7,
        "twx-col": 13,
        "twx-label": 9,
        "twx-list": 1,
        "twx-button": 6
      }
    },
    {
      "timeStamp": 1607652525103,
      "usage": {
        "twx-view": 1,
        "twx-dt-view": 1,
        "twx-dt-target-spatial": 1,
        "twx-dt-model": 1,
        "twx-dt-picture": 1,
        "twx-tml-text": 1,
        "twx-overlay": 1,
        "twx-overlay-container": 5,
        "twx-range": 1,
        "twx-overlay-body": 1,
        "twx-panel": 3,
        "twx-gridlayout": 3,
        "twx-row": 7,
        "twx-col": 13,
        "twx-label": 9,
        "twx-list": 1,
        "twx-button": 6
      }
    },
    {
      "timeStamp": 1607652549971,
      "usage": {
        "twx-view": 1,
        "twx-dt-view": 1,
        "twx-dt-target-spatial": 1,
        "twx-dt-model": 1,
        "twx-dt-picture": 1,
        "twx-tml-text": 1,
        "twx-overlay": 1,
        "twx-overlay-container": 5,
        "twx-overlay-body": 1,
        "twx-panel": 3,
        "twx-gridlayout": 3,
        "twx-row": 7,
        "twx-col": 13,
        "twx-label": 9,
        "twx-list": 1,
        "twx-button": 6
      }
    },
    {
      "timeStamp": 1607652691211,
      "usage": {
        "twx-view": 1,
        "twx-dt-view": 1,
        "twx-dt-target-spatial": 1,
        "twx-dt-model": 1,
        "twx-dt-picture": 1,
        "twx-tml-text": 1,
        "twx-overlay": 1,
        "twx-overlay-container": 5,
        "twx-overlay-body": 1,
        "twx-panel": 3,
        "twx-gridlayout": 3,
        "twx-row": 7,
        "twx-col": 13,
        "twx-label": 9,
        "twx-list": 1,
        "twx-button": 6
      }
    },
    {
      "timeStamp": 1608083857970,
      "usage": {
        "twx-view": 1,
        "twx-dt-view": 1,
        "twx-dt-target-spatial": 1,
        "twx-dt-model": 1,
        "twx-dt-picture": 1,
        "twx-tml-text": 1,
        "twx-overlay": 1,
        "twx-overlay-container": 5,
        "twx-overlay-body": 1,
        "twx-panel": 3,
        "twx-gridlayout": 3,
        "twx-row": 7,
        "twx-col": 13,
        "twx-label": 9,
        "twx-list": 1,
        "twx-button": 6
      }
    },
    {
      "timeStamp": 1609919631405,
      "usage": {
        "twx-view": 1,
        "twx-dt-view": 1,
        "twx-dt-target-spatial": 1,
        "twx-dt-model": 1,
        "twx-dt-picture": 1,
        "twx-tml-text": 1,
        "twx-overlay": 1,
        "twx-overlay-container": 5,
        "twx-overlay-body": 1,
        "twx-panel": 3,
        "twx-gridlayout": 3,
        "twx-row": 7,
        "twx-col": 13,
        "twx-label": 9,
        "twx-list": 1,
        "twx-button": 6
      }
    },
    {
      "timeStamp": 1609920120506,
      "usage": {
        "twx-view": 1,
        "twx-dt-view": 1,
        "twx-dt-target-spatial": 1,
        "twx-dt-model": 1,
        "twx-dt-picture": 1,
        "twx-tml-text": 1,
        "twx-overlay": 1,
        "twx-overlay-container": 5,
        "twx-overlay-body": 1,
        "twx-panel": 3,
        "twx-gridlayout": 3,
        "twx-row": 7,
        "twx-col": 13,
        "twx-label": 9,
        "twx-list": 1,
        "twx-button": 6
      }
    },
    {
      "timeStamp": 1609920210993,
      "usage": {
        "twx-view": 1,
        "twx-dt-view": 1,
        "twx-dt-target-spatial": 1,
        "twx-dt-model": 1,
        "twx-dt-picture": 1,
        "twx-tml-text": 1,
        "twx-overlay": 1,
        "twx-overlay-container": 5,
        "twx-overlay-body": 1,
        "twx-panel": 3,
        "twx-gridlayout": 3,
        "twx-row": 7,
        "twx-col": 13,
        "twx-label": 9,
        "twx-list": 1,
        "twx-button": 6
      }
    },
    {
      "timeStamp": 1609920410983,
      "usage": {
        "twx-view": 1,
        "twx-dt-view": 1,
        "twx-dt-target-spatial": 1,
        "twx-dt-model": 1,
        "twx-dt-picture": 1,
        "twx-tml-text": 1,
        "twx-overlay": 1,
        "twx-overlay-container": 5,
        "twx-overlay-body": 1,
        "twx-panel": 3,
        "twx-gridlayout": 3,
        "twx-row": 7,
        "twx-col": 13,
        "twx-label": 9,
        "twx-list": 1,
        "twx-button": 6
      }
    },
    {
      "timeStamp": 1609920527771,
      "usage": {
        "twx-view": 1,
        "twx-dt-view": 1,
        "twx-dt-target-spatial": 1,
        "twx-dt-model": 1,
        "twx-dt-picture": 1,
        "twx-tml-text": 1,
        "twx-overlay": 1,
        "twx-overlay-container": 5,
        "twx-overlay-body": 1,
        "twx-panel": 3,
        "twx-gridlayout": 3,
        "twx-row": 7,
        "twx-col": 13,
        "twx-label": 9,
        "twx-list": 1,
        "twx-button": 6
      }
    },
    {
      "timeStamp": 1609920819801,
      "usage": {
        "twx-view": 1,
        "twx-dt-view": 1,
        "twx-dt-target-spatial": 1,
        "twx-dt-model": 1,
        "twx-dt-picture": 1,
        "twx-tml-text": 1,
        "twx-overlay": 1,
        "twx-overlay-container": 5,
        "twx-overlay-body": 1,
        "twx-panel": 3,
        "twx-gridlayout": 3,
        "twx-row": 7,
        "twx-col": 13,
        "twx-label": 9,
        "twx-list": 1,
        "twx-button": 6
      }
    },
    {
      "timeStamp": 1612398246417,
      "usage": {
        "twx-view": 1,
        "twx-dt-view": 1,
        "twx-dt-target-spatial": 1,
        "twx-dt-model": 1,
        "twx-dt-picture": 1,
        "twx-tml-text": 1,
        "twx-overlay": 1,
        "twx-overlay-container": 5,
        "twx-overlay-body": 1,
        "twx-panel": 3,
        "twx-gridlayout": 3,
        "twx-row": 7,
        "twx-col": 13,
        "twx-label": 9,
        "twx-list": 1,
        "twx-button": 6
      }
    },
    {
      "timeStamp": 1612415394188,
      "usage": {
        "twx-view": 1,
        "twx-dt-view": 1,
        "twx-dt-target-spatial": 1,
        "twx-dt-model": 1,
        "twx-dt-picture": 1,
        "twx-tml-text": 1,
        "twx-overlay": 1,
        "twx-overlay-container": 5,
        "twx-overlay-body": 1,
        "twx-panel": 3,
        "twx-gridlayout": 3,
        "twx-row": 7,
        "twx-col": 13,
        "twx-label": 9,
        "twx-list": 1,
        "twx-button": 6
      }
    },
    {
      "timeStamp": 1612415450239,
      "usage": {
        "twx-view": 1,
        "twx-dt-view": 1,
        "twx-dt-target-spatial": 1,
        "twx-dt-model": 1,
        "twx-dt-picture": 1,
        "twx-tml-text": 1,
        "twx-overlay": 1,
        "twx-overlay-container": 5,
        "twx-overlay-body": 1,
        "twx-panel": 3,
        "twx-gridlayout": 3,
        "twx-row": 7,
        "twx-col": 13,
        "twx-label": 9,
        "twx-list": 1,
        "twx-button": 6
      }
    },
    {
      "timeStamp": 1612932762093,
      "usage": {
        "twx-view": 1,
        "twx-dt-view": 1,
        "twx-dt-target-spatial": 1,
        "twx-dt-model": 1,
        "twx-dt-picture": 1,
        "twx-tml-text": 1,
        "twx-overlay": 1,
        "twx-overlay-container": 5,
        "twx-overlay-body": 1,
        "twx-panel": 3,
        "twx-gridlayout": 3,
        "twx-row": 7,
        "twx-col": 13,
        "twx-label": 9,
        "twx-list": 1,
        "twx-button": 6
      }
    },
    {
      "timestamp": "2021-07-15T07:07:53.842Z",
      "action": "SAVE",
      "usage": {
        "twx-view": 1,
        "twx-dt-view": 1,
        "twx-dt-target-spatial": 1,
        "twx-dt-model": 1,
        "twx-dt-picture": 1,
        "twx-tml-text": 1,
        "twx-overlay": 1,
        "twx-overlay-container": 5,
        "twx-overlay-body": 1,
        "twx-panel": 3,
        "twx-gridlayout": 3,
        "twx-row": 7,
        "twx-col": 13,
        "twx-label": 9,
        "twx-list": 1,
        "twx-button": 6
      }
    },
    {
      "timestamp": "2021-07-16T05:36:25.113Z",
      "action": "SAVE",
      "usage": {
        "twx-view": 1,
        "twx-dt-view": 1,
        "twx-dt-target-spatial": 1,
        "twx-dt-model": 1,
        "twx-dt-picture": 1,
        "twx-tml-text": 1,
        "twx-overlay": 1,
        "twx-overlay-container": 5,
        "twx-overlay-body": 1,
        "twx-panel": 3,
        "twx-gridlayout": 3,
        "twx-row": 7,
        "twx-col": 13,
        "twx-label": 9,
        "twx-list": 1,
        "twx-button": 6
      }
    },
    {
      "timestamp": "2021-07-16T05:36:52.471Z",
      "action": "SAVE",
      "usage": {
        "twx-view": 1,
        "twx-dt-view": 1,
        "twx-dt-target-spatial": 1,
        "twx-dt-model": 1,
        "twx-dt-picture": 1,
        "twx-tml-text": 1,
        "twx-overlay": 1,
        "twx-overlay-container": 5,
        "twx-overlay-body": 1,
        "twx-panel": 3,
        "twx-gridlayout": 3,
        "twx-row": 7,
        "twx-col": 13,
        "twx-label": 9,
        "twx-list": 1,
        "twx-button": 6
      }
    },
    {
      "timestamp": "2021-07-16T05:38:02.230Z",
      "action": "SAVE",
      "usage": {
        "twx-view": 1,
        "twx-dt-view": 1,
        "twx-dt-target-spatial": 1,
        "twx-dt-model": 1,
        "twx-dt-picture": 1,
        "twx-tml-text": 1,
        "twx-overlay": 1,
        "twx-overlay-container": 5,
        "twx-overlay-body": 1,
        "twx-panel": 3,
        "twx-gridlayout": 3,
        "twx-row": 7,
        "twx-col": 13,
        "twx-label": 9,
        "twx-list": 1,
        "twx-button": 6
      }
    },
    {
      "timestamp": "2021-07-16T05:44:13.439Z",
      "action": "SAVE",
      "usage": {
        "twx-view": 1,
        "twx-dt-view": 1,
        "twx-dt-target-spatial": 1,
        "twx-dt-model": 1,
        "twx-dt-picture": 1,
        "twx-tml-text": 1,
        "twx-overlay": 1,
        "twx-overlay-container": 5,
        "twx-overlay-body": 1,
        "twx-panel": 3,
        "twx-gridlayout": 3,
        "twx-row": 7,
        "twx-col": 13,
        "twx-label": 9,
        "twx-list": 1,
        "twx-button": 6
      }
    },
    {
      "timestamp": "2021-07-18T13:06:01.279Z",
      "action": "SAVE",
      "usage": {
        "twx-view": 1,
        "twx-dt-view": 1,
        "twx-dt-target-spatial": 1,
        "twx-dt-model": 1,
        "twx-dt-picture": 1,
        "twx-tml-text": 1,
        "twx-overlay": 1,
        "twx-overlay-container": 5,
        "twx-overlay-body": 1,
        "twx-panel": 3,
        "twx-gridlayout": 3,
        "twx-row": 7,
        "twx-col": 13,
        "twx-label": 9,
        "twx-list": 1,
        "twx-button": 6
      }
    },
    {
      "timestamp": "2021-07-18T13:06:44.807Z",
      "action": "SAVE",
      "usage": {
        "twx-view": 1,
        "twx-dt-view": 1,
        "twx-dt-target-spatial": 1,
        "twx-dt-model": 1,
        "twx-dt-picture": 1,
        "twx-tml-text": 1,
        "twx-overlay": 1,
        "twx-overlay-container": 5,
        "twx-overlay-body": 1,
        "twx-panel": 3,
        "twx-gridlayout": 3,
        "twx-row": 7,
        "twx-col": 13,
        "twx-label": 9,
        "twx-list": 1,
        "twx-button": 6
      }
    },
    {
      "timestamp": "2021-07-18T13:09:29.497Z",
      "action": "SAVE",
      "usage": {
        "twx-view": 1,
        "twx-dt-view": 1,
        "twx-dt-target-spatial": 1,
        "twx-dt-model": 1,
        "twx-dt-picture": 1,
        "twx-tml-text": 1,
        "twx-overlay": 1,
        "twx-overlay-container": 5,
        "twx-overlay-body": 1,
        "twx-panel": 3,
        "twx-gridlayout": 3,
        "twx-row": 7,
        "twx-col": 13,
        "twx-label": 9,
        "twx-list": 1,
        "twx-button": 6
      }
    },
    {
      "timestamp": "2021-07-18T13:10:14.329Z",
      "action": "SAVE",
      "usage": {
        "twx-view": 1,
        "twx-dt-view": 1,
        "twx-dt-target-spatial": 1,
        "twx-dt-model": 1,
        "twx-dt-picture": 1,
        "twx-tml-text": 1,
        "twx-overlay": 1,
        "twx-overlay-container": 5,
        "twx-overlay-body": 1,
        "twx-panel": 3,
        "twx-gridlayout": 3,
        "twx-row": 7,
        "twx-col": 13,
        "twx-label": 9,
        "twx-list": 1,
        "twx-button": 6
      }
    },
    {
      "timestamp": "2021-07-18T13:10:48.922Z",
      "action": "SAVE",
      "usage": {
        "twx-view": 1,
        "twx-dt-view": 1,
        "twx-dt-target-spatial": 1,
        "twx-dt-model": 1,
        "twx-dt-picture": 1,
        "twx-tml-text": 1,
        "twx-overlay": 1,
        "twx-overlay-container": 5,
        "twx-overlay-body": 1,
        "twx-panel": 3,
        "twx-gridlayout": 3,
        "twx-row": 7,
        "twx-col": 13,
        "twx-label": 9,
        "twx-list": 1,
        "twx-button": 6
      }
    },
    {
      "timestamp": "2021-07-18T13:11:23.595Z",
      "action": "SAVE",
      "usage": {
        "twx-view": 1,
        "twx-dt-view": 1,
        "twx-dt-target-spatial": 1,
        "twx-dt-model": 1,
        "twx-dt-picture": 1,
        "twx-tml-text": 1,
        "twx-overlay": 1,
        "twx-overlay-container": 5,
        "twx-overlay-body": 1,
        "twx-panel": 3,
        "twx-gridlayout": 3,
        "twx-row": 7,
        "twx-col": 13,
        "twx-label": 9,
        "twx-list": 1,
        "twx-button": 6
      }
    },
    {
      "timestamp": "2021-07-18T13:29:40.351Z",
      "action": "SAVE",
      "usage": {
        "twx-view": 1,
        "twx-dt-view": 1,
        "twx-dt-target-spatial": 1,
        "twx-dt-model": 1,
        "twx-dt-picture": 1,
        "twx-tml-text": 1,
        "twx-overlay": 1,
        "twx-overlay-container": 5,
        "twx-overlay-body": 1,
        "twx-panel": 3,
        "twx-gridlayout": 3,
        "twx-row": 7,
        "twx-col": 13,
        "twx-label": 9,
        "twx-list": 1,
        "twx-button": 6
      }
    },
    {
      "timestamp": "2021-07-18T13:30:05.798Z",
      "action": "SAVE",
      "usage": {
        "twx-view": 1,
        "twx-dt-view": 1,
        "twx-dt-target-spatial": 1,
        "twx-dt-model": 1,
        "twx-dt-picture": 1,
        "twx-tml-text": 1,
        "twx-overlay": 1,
        "twx-overlay-container": 5,
        "twx-overlay-body": 1,
        "twx-panel": 3,
        "twx-gridlayout": 3,
        "twx-row": 7,
        "twx-col": 13,
        "twx-label": 9,
        "twx-list": 1,
        "twx-button": 6
      }
    },
    {
      "timestamp": "2021-07-18T13:32:01.949Z",
      "action": "SAVE",
      "usage": {
        "twx-view": 1,
        "twx-dt-view": 1,
        "twx-dt-target-spatial": 1,
        "twx-dt-model": 1,
        "twx-dt-picture": 1,
        "twx-tml-text": 1,
        "twx-overlay": 1,
        "twx-overlay-container": 5,
        "twx-overlay-body": 1,
        "twx-panel": 3,
        "twx-gridlayout": 3,
        "twx-row": 7,
        "twx-col": 13,
        "twx-label": 9,
        "twx-list": 1,
        "twx-button": 6
      }
    },
    {
      "timestamp": "2021-07-18T13:32:24.883Z",
      "action": "SAVE",
      "usage": {
        "twx-view": 1,
        "twx-dt-view": 1,
        "twx-dt-target-spatial": 1,
        "twx-dt-model": 1,
        "twx-dt-picture": 1,
        "twx-tml-text": 1,
        "twx-overlay": 1,
        "twx-overlay-container": 5,
        "twx-overlay-body": 1,
        "twx-panel": 3,
        "twx-gridlayout": 3,
        "twx-row": 7,
        "twx-col": 13,
        "twx-label": 9,
        "twx-list": 1,
        "twx-button": 6
      }
    },
    {
      "timestamp": "2022-03-23T02:47:45.194Z",
      "action": "LATEST_SAVE",
      "usage": {
        "twx-view": 1,
        "twx-dt-view": 1,
        "twx-dt-target-spatial": 1,
        "twx-dt-model": 1,
        "twx-overlay": 1,
        "twx-overlay-container": 5,
        "twx-gridlayout": 3,
        "twx-row": 15,
        "twx-col": 31,
        "twx-button": 2,
        "twx-textarea": 1,
        "twx-overlay-body": 1,
        "twx-label": 27,
        "twx-hyperlink": 2,
        "twx-text-input": 1
      }
    }
  ]
}
