{
  "attributes": {
    "twx-widget": "",
    "widget-id": "view-1",
    "widget-name": "view-1",
    "is-widget-container": "true",
    "viewtype": "ar"
  },
  "children": [
    {
      "name": "twx-container-content",
      "children": [
        {
          "attributes": {
            "twx-widget": "",
            "widget-id": "3DContainer-1",
            "widget-name": "3D Container",
            "is-widget-container": "true",
            "enabletrackingevents": "true"
          },
          "name": "twx-dt-view",
          "children": [
            {
              "name": "twx-container-content",
              "children": [
                {
                  "attributes": {
                    "twx-widget": "",
                    "widget-id": "model-1",
                    "show-sequence-in-canvas": "false",
                    "widget-name": "model-1",
                    "playstarted-expression": "playStarted();",
                    "playstopped-expression": "playStopped();",
                    "is-widget-container": "true",
                    "src": "Uploaded/VALVE_SUB.pvz",
                    "scale": "1.0000",
                    "x": "-8.5252",
                    "y": "1.3851",
                    "z": "0.2869",
                    "rx": "90",
                    "ry": "0.00",
                    "rz": "0.00",
                    "visible": "false"
                  },
                  "name": "twx-dt-model",
                  "children": [
                    {
                      "attributes": {
                        "databind-id": "db-1678874411378",
                        "source-type": "ui",
                        "source-label": "Slider",
                        "source-name": "slider-1",
                        "source-item-type": "property",
                        "source-item-name": "value",
                        "binding-type": "widget_property",
                        "from-expression": "app.view['Home'].wdg['slider-1']['value']",
                        "to-property": "opacity"
                      },
                      "name": "twx-databind"
                    },
                    {
                      "name": "twx-container-content"
                    }
                  ]
                },
                {
                  "attributes": {
                    "twx-widget": "",
                    "widget-id": "wayfinder-1",
                    "wayfinder-display-boundary": "1",
                    "labels-on-top": "true",
                    "waypoints-data": "[{\"position\":{\"x\":-0.0046,\"y\":0.1837,\"z\":-0.0075},\"gaze\":{\"x\":0,\"y\":0.9999663551946485,\"z\":0.00820295548752148},\"up\":{\"x\":0,\"y\":1,\"z\":0},\"eventRadius\":0.25,\"wayfinderDisplayBoundary\":\"1\",\"label\":\"Wheel Park Relay Valve SUB_ASSY 完成図\"},{\"position\":{\"x\":-0.0062,\"y\":0.2915,\"z\":-0.0003},\"gaze\":{\"x\":-1.2246467991473532e-16,\"y\":-1,\"z\":-2.220446049250313e-16},\"up\":{\"x\":0,\"y\":1,\"z\":0},\"eventRadius\":0.25,\"wayfinderDisplayBoundary\":\"1\",\"label\":\"W/P R/V 22405172 を治具にセット\"},{\"position\":{\"x\":-0.0043,\"y\":0.1921,\"z\":0.1908},\"gaze\":{\"x\":1.2246467991473532e-16,\"y\":-1,\"z\":-2.220446049250313e-16},\"up\":{\"x\":0,\"y\":1,\"z\":0},\"eventRadius\":0.25,\"wayfinderDisplayBoundary\":\"1\",\"label\":\"D.C.V  22405183\"},{\"position\":{\"x\":-0.0121,\"y\":0.1836,\"z\":0.1114},\"gaze\":{\"x\":0.4999999923845645,\"y\":-0.8660253905941174,\"z\":-0.00017453292431327677},\"up\":{\"x\":0,\"y\":1,\"z\":0},\"eventRadius\":0.25,\"wayfinderDisplayBoundary\":\"1\",\"label\":\"NIPPLE  993252\"},{\"position\":{\"x\":-0.1788,\"y\":0.1798,\"z\":0.1236},\"gaze\":{\"x\":0,\"y\":-0.6714619588183013,\"z\":-0.7410390258683344},\"up\":{\"x\":0,\"y\":1,\"z\":0},\"eventRadius\":0.25,\"wayfinderDisplayBoundary\":\"1\",\"label\":\"SENSOR  24233921\"},{\"position\":{\"x\":-0.1118,\"y\":0.1791,\"z\":0.1216},\"gaze\":{\"x\":0,\"y\":-0.7071067811865476,\"z\":-0.7071067811865475},\"up\":{\"x\":0,\"y\":1,\"z\":0},\"eventRadius\":0.25,\"wayfinderDisplayBoundary\":\"1\",\"label\":\"T-NIPPLE  995232\"},{\"position\":{\"x\":-0.1218,\"y\":0.2129,\"z\":0.0748},\"gaze\":{\"x\":0.04899342385748007,\"y\":-0.700566349125644,\"z\":-0.7119033887343756},\"up\":{\"x\":0,\"y\":1,\"z\":0},\"eventRadius\":0.25,\"wayfinderDisplayBoundary\":\"1\",\"label\":\"NIPPLE(Φ8)  991091\"},{\"position\":{\"x\":0.0829,\"y\":0.1838,\"z\":0.1221},\"gaze\":{\"x\":0,\"y\":-0.8660254037844386,\"z\":-0.5000000000000002},\"up\":{\"x\":0,\"y\":1,\"z\":0},\"eventRadius\":0.25,\"wayfinderDisplayBoundary\":\"1\",\"label\":\"SWIVEL  991084\"},{\"position\":{\"x\":0.1564,\"y\":0.1781,\"z\":0.1196},\"gaze\":{\"x\":-0.006935992123772616,\"y\":-0.7759363215537185,\"z\":-0.6307731104818461},\"up\":{\"x\":0,\"y\":1,\"z\":0},\"eventRadius\":0.25,\"wayfinderDisplayBoundary\":\"1\",\"label\":\"ELBOW  991184\"},{\"position\":{\"x\":0.1638,\"y\":0.2149,\"z\":0.0789},\"gaze\":{\"x\":0.04911517941736335,\"y\":-0.8181497174250235,\"z\":-0.5729037781583872},\"up\":{\"x\":0,\"y\":1,\"z\":0},\"eventRadius\":0.25,\"wayfinderDisplayBoundary\":\"1\",\"label\":\"NIPPLE(Φ8)  991074\"},{\"position\":{\"x\":-0.1087,\"y\":0.2315,\"z\":0.012},\"gaze\":{\"x\":0,\"y\":-0.866112657056274,\"z\":-0.49984884243831257},\"up\":{\"x\":0,\"y\":1,\"z\":0},\"eventRadius\":0.25,\"wayfinderDisplayBoundary\":\"1\",\"label\":\"SWIVEL  991084\"},{\"position\":{\"x\":-0.0041,\"y\":0.2211,\"z\":0.2157},\"gaze\":{\"x\":0,\"y\":0,\"z\":-1},\"up\":{\"x\":0,\"y\":1,\"z\":0},\"eventRadius\":0.25,\"wayfinderDisplayBoundary\":\"1\",\"label\":\"ELBOW(Φ12)  994000\"},{\"position\":{\"x\":0.1374,\"y\":0.2202,\"z\":0.0116},\"gaze\":{\"x\":0,\"y\":0,\"z\":-1},\"up\":{\"x\":0,\"y\":1,\"z\":0},\"eventRadius\":0.25,\"wayfinderDisplayBoundary\":\"1\",\"label\":\"T-NIPPLE  991980\"},{\"position\":{\"x\":0.2271,\"y\":0.2223,\"z\":0.0058},\"gaze\":{\"x\":0,\"y\":-0.24293785407393859,\"z\":-0.9700418542815302},\"up\":{\"x\":0,\"y\":1,\"z\":0},\"eventRadius\":0.25,\"wayfinderDisplayBoundary\":\"1\",\"label\":\"NIPPLE(Φ12)  991075\"},{\"position\":{\"x\":0.145,\"y\":0.3113,\"z\":0.0167},\"gaze\":{\"x\":0.049024093607561034,\"y\":0,\"z\":-0.9987975962355722},\"up\":{\"x\":0,\"y\":1,\"z\":0},\"eventRadius\":0.25,\"wayfinderDisplayBoundary\":\"1\",\"label\":\"NIPPLE  991080\"},{\"position\":{\"x\":0.1283,\"y\":0.3778,\"z\":-0.0113},\"gaze\":{\"x\":-2.7755575615628914e-17,\"y\":-1,\"z\":-1.6653345369377348e-16},\"up\":{\"x\":0,\"y\":1,\"z\":0},\"eventRadius\":0.25,\"wayfinderDisplayBoundary\":\"1\",\"label\":\"ELBOW(Φ12)  994000\"},{\"position\":{\"x\":-0.1687,\"y\":0.2265,\"z\":0.006},\"gaze\":{\"x\":0.00014296900174700573,\"y\":-0.5735764363510462,\"z\":-0.8191520318125929},\"up\":{\"x\":0,\"y\":1,\"z\":0},\"eventRadius\":0.25,\"wayfinderDisplayBoundary\":\"1\",\"label\":\"F-NIPPLE  992013\"},{\"position\":{\"x\":-0.1418,\"y\":0.296,\"z\":-0.0231},\"gaze\":{\"x\":-0.14666611075462513,\"y\":-0.5674126740392879,\"z\":-0.810266566813476},\"up\":{\"x\":0,\"y\":1,\"z\":0},\"eventRadius\":0.25,\"wayfinderDisplayBoundary\":\"1\",\"label\":\"NIPPLE(Φ12)  991075 P/C 2\"},{\"position\":{\"x\":-0.0033,\"y\":0.1163,\"z\":-0.1},\"gaze\":{\"x\":1.2246467991473532e-16,\"y\":1,\"z\":-2.220446049250313e-16},\"up\":{\"x\":0,\"y\":1,\"z\":0},\"eventRadius\":0.25,\"wayfinderDisplayBoundary\":\"1\",\"label\":\"BRACKET  22939982\"},{\"position\":{\"x\":0.0337,\"y\":0.0303,\"z\":-0.0355},\"gaze\":{\"x\":-1.1102230246251565e-16,\"y\":0.9999999999999999,\"z\":-5.551115123125783e-17},\"up\":{\"x\":0,\"y\":1,\"z\":0},\"eventRadius\":0.25,\"wayfinderDisplayBoundary\":\"1\",\"label\":\"FLANGE NUT  990940  P/C 2\"}]",
                    "widget-name": "wayfinder-1",
                    "is-widget-container": "true"
                  },
                  "name": "twx-dt-wayfinder",
                  "children": [
                    {
                      "attributes": {
                        "databind-id": "db-1679046571974",
                        "source-type": "ui",
                        "source-label": "切り替え",
                        "source-name": "toggle-1",
                        "source-item-type": "property",
                        "source-item-name": "value",
                        "binding-type": "widget_property",
                        "from-expression": "app.view['Home'].wdg['toggle-1']['value']",
                        "to-property": "showLabels"
                      },
                      "name": "twx-databind"
                    },
                    {
                      "name": "twx-container-content",
                      "children": [
                        {
                          "attributes": {
                            "twx-widget": "",
                            "widget-id": "waypoint-1",
                            "component-occurrence": "/0/0/1/0",
                            "label-text": "Wheel Park Relay Valve SUB_ASSY 完成図",
                            "label-on-top": "true",
                            "widget-name": "waypoint-1",
                            "model": "model-1",
                            "scale": "1.176245135733851",
                            "x": "-0.0046",
                            "y": "0.1837",
                            "z": "-0.0075",
                            "rx": "90.47",
                            "ry": "0.00",
                            "rz": "0.00"
                          },
                          "name": "twx-dt-waypoint"
                        },
                        {
                          "attributes": {
                            "twx-widget": "",
                            "widget-id": "waypoint-2",
                            "component-occurrence": "/0/0/1/0",
                            "label-text": "W/P R/V 22405172 を治具にセット",
                            "label-on-top": "true",
                            "widget-name": "waypoint-2",
                            "model": "model-1",
                            "scale": "1.1501588939889644",
                            "x": "-0.0062",
                            "y": "0.2915",
                            "z": "-0.0003",
                            "rx": "90.00",
                            "ry": "0.00",
                            "rz": "180.00"
                          },
                          "name": "twx-dt-waypoint"
                        },
                        {
                          "attributes": {
                            "twx-widget": "",
                            "widget-id": "waypoint-3",
                            "label-text": "D.C.V  22405183",
                            "label-on-top": "true",
                            "widget-name": "waypoint-3",
                            "scale": "1.1128692446764392",
                            "x": "-0.0043",
                            "y": "0.1921",
                            "z": "0.1908",
                            "rx": "90.00",
                            "ry": "-0.00",
                            "rz": "-180.00"
                          },
                          "name": "twx-dt-waypoint"
                        },
                        {
                          "attributes": {
                            "twx-widget": "",
                            "widget-id": "waypoint-4",
                            "label-text": "NIPPLE  993252",
                            "label-on-top": "true",
                            "widget-name": "waypoint-4",
                            "scale": "1.1412753987047581",
                            "x": "-0.0121",
                            "y": "0.1836",
                            "z": "0.1114",
                            "rx": "89.99",
                            "ry": "-0.00",
                            "rz": "-150.00"
                          },
                          "name": "twx-dt-waypoint"
                        },
                        {
                          "attributes": {
                            "twx-widget": "",
                            "widget-id": "waypoint-5",
                            "label-text": "SENSOR  24233921",
                            "label-on-top": "true",
                            "widget-name": "waypoint-5",
                            "scale": "1.192699640714818",
                            "x": "-0.1788",
                            "y": "0.1798",
                            "z": "0.1236",
                            "rx": "-42.18",
                            "ry": "0.00",
                            "rz": "0.00"
                          },
                          "name": "twx-dt-waypoint"
                        },
                        {
                          "attributes": {
                            "twx-widget": "",
                            "widget-id": "waypoint-6",
                            "label-text": "T-NIPPLE  995232",
                            "label-on-top": "true",
                            "widget-name": "waypoint-6",
                            "scale": "1.1712514240272238",
                            "x": "-0.1118",
                            "y": "0.1791",
                            "z": "0.1216",
                            "rx": "-45.00",
                            "ry": "0.00",
                            "rz": "0.00"
                          },
                          "name": "twx-dt-waypoint"
                        },
                        {
                          "attributes": {
                            "twx-widget": "",
                            "widget-id": "waypoint-7",
                            "label-text": "NIPPLE(Φ8)  991091",
                            "label-on-top": "true",
                            "widget-name": "waypoint-7",
                            "scale": "1.1807130445970877",
                            "x": "-0.1218",
                            "y": "0.2129",
                            "z": "0.0748",
                            "rx": "44.61",
                            "ry": "0.03",
                            "rz": "-176.03"
                          },
                          "name": "twx-dt-waypoint"
                        },
                        {
                          "attributes": {
                            "twx-widget": "",
                            "widget-id": "waypoint-8",
                            "label-text": "SWIVEL  991084",
                            "label-on-top": "true",
                            "widget-name": "waypoint-8",
                            "scale": "1.1086691628246035",
                            "x": "0.0829",
                            "y": "0.1838",
                            "z": "0.1221",
                            "rx": "-60.00",
                            "ry": "0.00",
                            "rz": "0.00"
                          },
                          "name": "twx-dt-waypoint"
                        },
                        {
                          "attributes": {
                            "twx-widget": "",
                            "widget-id": "waypoint-9",
                            "label-text": "ELBOW  991184",
                            "label-on-top": "true",
                            "widget-name": "waypoint-9",
                            "scale": "1.0891261802795016",
                            "x": "0.1564",
                            "y": "0.1781",
                            "z": "0.1196",
                            "rx": "-50.89",
                            "ry": "0.63",
                            "rz": "-0.00"
                          },
                          "name": "twx-dt-waypoint"
                        },
                        {
                          "attributes": {
                            "twx-widget": "",
                            "widget-id": "waypoint-10",
                            "label-text": "NIPPLE(Φ8)  991074",
                            "label-on-top": "true",
                            "widget-name": "waypoint-10",
                            "scale": "1.090942704906968",
                            "x": "0.1638",
                            "y": "0.2149",
                            "z": "0.0789",
                            "rx": "-54.90",
                            "ry": "-4.90",
                            "rz": "-0.00"
                          },
                          "name": "twx-dt-waypoint"
                        },
                        {
                          "attributes": {
                            "twx-widget": "",
                            "widget-id": "waypoint-11",
                            "label-text": "SWIVEL  991084",
                            "label-on-top": "true",
                            "widget-name": "waypoint-11",
                            "scale": "1.1916715069000072",
                            "x": "-0.1087",
                            "y": "0.2315",
                            "z": "0.0120",
                            "rx": "-60.01",
                            "ry": "0.00",
                            "rz": "0.00"
                          },
                          "name": "twx-dt-waypoint"
                        },
                        {
                          "attributes": {
                            "twx-widget": "",
                            "widget-id": "waypoint-12",
                            "label-text": "ELBOW(Φ12)  994000",
                            "label-on-top": "true",
                            "widget-name": "waypoint-12",
                            "scale": "1.0984048501896984",
                            "x": "-0.0041",
                            "y": "0.2211",
                            "z": "0.2157",
                            "rx": "0.00",
                            "ry": "0.00",
                            "rz": "0.00"
                          },
                          "name": "twx-dt-waypoint"
                        },
                        {
                          "attributes": {
                            "twx-widget": "",
                            "widget-id": "waypoint-13",
                            "label-text": "T-NIPPLE  991980",
                            "label-on-top": "true",
                            "widget-name": "waypoint-13",
                            "scale": "1.1194923182845478",
                            "x": "0.1374",
                            "y": "0.2202",
                            "z": "0.0116",
                            "rx": "0.00",
                            "ry": "0.00",
                            "rz": "0.00"
                          },
                          "name": "twx-dt-waypoint"
                        },
                        {
                          "attributes": {
                            "twx-widget": "",
                            "widget-id": "waypoint-14",
                            "label-text": "NIPPLE(Φ12)  991075",
                            "label-on-top": "true",
                            "widget-name": "waypoint-14",
                            "scale": "1.0958695572259214",
                            "x": "0.2271",
                            "y": "0.2223",
                            "z": "0.0058",
                            "rx": "-14.06",
                            "ry": "0.00",
                            "rz": "0.00"
                          },
                          "name": "twx-dt-waypoint"
                        },
                        {
                          "attributes": {
                            "twx-widget": "",
                            "widget-id": "waypoint-15",
                            "label-text": "NIPPLE  991080",
                            "label-on-top": "true",
                            "widget-name": "waypoint-15",
                            "scale": "1.094632934322317",
                            "x": "0.1450",
                            "y": "0.3113",
                            "z": "0.0167",
                            "rx": "0.00",
                            "ry": "-2.81",
                            "rz": "0.00"
                          },
                          "name": "twx-dt-waypoint"
                        },
                        {
                          "attributes": {
                            "twx-widget": "",
                            "widget-id": "waypoint-16",
                            "label-text": "ELBOW(Φ12)  994000",
                            "label-on-top": "true",
                            "widget-name": "waypoint-16",
                            "scale": "1.094881149361588",
                            "x": "0.1283",
                            "y": "0.3778",
                            "z": "-0.0113",
                            "rx": "-90.00",
                            "ry": "16.48",
                            "rz": "0.00"
                          },
                          "name": "twx-dt-waypoint"
                        },
                        {
                          "attributes": {
                            "twx-widget": "",
                            "widget-id": "waypoint-17",
                            "label-text": "F-NIPPLE  992013",
                            "label-on-top": "true",
                            "widget-name": "waypoint-17",
                            "scale": "1.2140849633122974",
                            "x": "-0.1687",
                            "y": "0.2265",
                            "z": "0.0060",
                            "rx": "-35.00",
                            "ry": "-0.01",
                            "rz": "-0.00"
                          },
                          "name": "twx-dt-waypoint"
                        },
                        {
                          "attributes": {
                            "twx-widget": "",
                            "widget-id": "waypoint-18",
                            "label-text": "NIPPLE(Φ12)  991075 P/C 2",
                            "label-on-top": "true",
                            "widget-name": "waypoint-18",
                            "scale": "1.1997111502203102",
                            "x": "-0.1418",
                            "y": "0.2960",
                            "z": "-0.0231",
                            "rx": "-34.57",
                            "ry": "10.26",
                            "rz": "0.00"
                          },
                          "name": "twx-dt-waypoint"
                        },
                        {
                          "attributes": {
                            "twx-widget": "",
                            "widget-id": "waypoint-19",
                            "label-text": "BRACKET  22939982",
                            "label-on-top": "true",
                            "widget-name": "waypoint-19",
                            "scale": "1.2218782936761856",
                            "x": "-0.0033",
                            "y": "0.1163",
                            "z": "-0.1000",
                            "rx": "-90.00",
                            "ry": "-0.00",
                            "rz": "180.00"
                          },
                          "name": "twx-dt-waypoint"
                        },
                        {
                          "attributes": {
                            "twx-widget": "",
                            "widget-id": "waypoint-20",
                            "label-text": "FLANGE NUT  990940  P/C 2",
                            "label-on-top": "true",
                            "widget-name": "waypoint-20",
                            "scale": "1.2117217000682032",
                            "x": "0.0337",
                            "y": "0.0303",
                            "z": "-0.0355",
                            "rx": "90.00",
                            "ry": "48.36",
                            "rz": "0.00"
                          },
                          "name": "twx-dt-waypoint"
                        }
                      ]
                    }
                  ]
                },
                {
                  "attributes": {
                    "twx-widget": "",
                    "widget-id": "3DLabel-1",
                    "state-format-value": "text",
                    "widget-name": "3DLabel-1",
                    "is-widget-container": "true",
                    "text": "",
                    "class": "label_sm",
                    "y": "0.4",
                    "rx": "0",
                    "ry": "-0.00",
                    "rz": "-0.00",
                    "visible": "false",
                    "billboard": "true",
                    "decal": "true"
                  },
                  "name": "twx-dt-label",
                  "children": [
                    {
                      "name": "twx-container-content"
                    }
                  ]
                },
                {
                  "attributes": {
                    "twx-widget": "",
                    "widget-id": "3DImage-1",
                    "widget-name": "3DImage-1",
                    "is-widget-container": "true",
                    "scale": "0.7",
                    "x": "-0.1",
                    "y": "0.0000",
                    "rx": "-90.00",
                    "ry": "0.00",
                    "rz": "0.00"
                  },
                  "name": "twx-dt-image",
                  "children": [
                    {
                      "attributes": {
                        "databind-id": "db-1678854178047",
                        "source-type": "ui",
                        "source-label": "スライダー",
                        "source-name": "slider-1",
                        "source-item-type": "property",
                        "source-item-name": "value",
                        "binding-type": "widget_property",
                        "from-expression": "app.view['Home'].wdg['slider-1']['value']",
                        "to-property": "opacity"
                      },
                      "name": "twx-databind"
                    },
                    {
                      "name": "twx-container-content"
                    }
                  ]
                },
                {
                  "attributes": {
                    "twx-widget": "",
                    "widget-id": "3DImage-2",
                    "widget-name": "3DImage-2",
                    "is-widget-container": "true",
                    "scale": "0.7000",
                    "x": "-0.4165",
                    "y": "0.2146",
                    "z": "0.0569",
                    "rx": "-90.00",
                    "ry": "0.00",
                    "rz": "0.00",
                    "visible": "false",
                    "billboard": "true",
                    "decal": "true"
                  },
                  "name": "twx-dt-image",
                  "children": [
                    {
                      "name": "twx-container-content"
                    }
                  ]
                },
                {
                  "attributes": {
                    "twx-widget": "",
                    "widget-id": "model-2",
                    "widget-name": "model-2",
                    "is-widget-container": "true",
                    "x": "-8.525",
                    "y": "1.385",
                    "z": "0.287",
                    "rx": "90",
                    "visible": "false"
                  },
                  "name": "twx-dt-model",
                  "children": [
                    {
                      "name": "twx-container-content"
                    }
                  ]
                },
                {
                  "attributes": {
                    "twx-widget": "",
                    "widget-id": "modelTarget-1",
                    "advanced-guide-url": "_generated_/mtg/78ffe5bb-2021-4577-83fd-6b2dda7d0185-1.png",
                    "model-uuid": "7f1ff0c73d84c781621be292cb85b5dd18aa274f215a46ec0df5337868700623",
                    "detection-position": "{\"globalPosition\":{\"x\":-4.929603009579942,\"y\":-4.636038718319968,\"z\":5.72854880624884},\"axisAngle\":{\"x\":-0.9684745664533179,\"y\":0.6096606500527275,\"z\":0.9968096240129859,\"w\":1.3428667791617412},\"cameraLocation\":{\"position\":{\"x\":0.2893201410770416,\"y\":0.43380075693130493,\"z\":0.17254717648029327,\"valid\":true},\"orientation\":{\"x\":-40.05034637451172,\"y\":56.95569610595703,\"z\":-7.0466461181640625},\"scale\":{\"x\":0.9999999403953552,\"y\":0.9999994039535522,\"z\":1.000000238418579},\"valid\":true},\"modelScale\":1,\"origModelSize\":{\"x\":0.10400000214576721,\"y\":0.13310249149799347,\"z\":0.09900212287902832},\"advancedViews\":[{\"name\":\"viewpoint_0000\",\"layout\":\"landscape\",\"guideViewPosition\":{\"translation\":[0,0,0],\"rotation\":[0,0,0,1]},\"targetExtentPreset\":\"FULL_MODEL\",\"recognitionRanges\":{\"rotation\":[0.7829307461198804,-0.40860838363843444,0.24990975887965233,-0.3969933853570704],\"azimRange\":[-3.141592653589793,3.141592653589793],\"elevRange\":[-1.5707963267948966,1.5707963267948966],\"rollRange\":[-3.141592653589793,3.141592653589793]}}]}",
                    "detection-warnings": "true",
                    "target-id": "78ffe5bb-2021-4577-83fd-6b2dda7d0185",
                    "widget-name": "modelTarget-1",
                    "url": "_generated_/mtg/78ffe5bb-2021-4577-83fd-6b2dda7d0185-1.png",
                    "rx": "0",
                    "model": "model-2"
                  },
                  "name": "twx-dt-target-model-combined"
                }
              ]
            }
          ]
        },
        {
          "attributes": {
            "twx-widget": "",
            "widget-id": "2DOverlay-1",
            "widget-name": "2D Overlay",
            "is-widget-container": "true"
          },
          "name": "twx-overlay",
          "children": [
            {
              "name": "twx-container-content",
              "children": [
                {
                  "attributes": {
                    "twx-widget": "",
                    "widget-id": "panel-1",
                    "widget-name": "Top Panel",
                    "is-widget-container": "true",
                    "position": "top"
                  },
                  "name": "twx-overlay-container",
                  "children": [
                    {
                      "name": "twx-container-content"
                    }
                  ]
                },
                {
                  "attributes": {
                    "twx-widget": "",
                    "widget-id": "2DOverlayBody-1",
                    "widget-name": "2D Body",
                    "is-widget-container": "true"
                  },
                  "name": "twx-overlay-body",
                  "children": [
                    {
                      "name": "twx-container-content",
                      "children": [
                        {
                          "attributes": {
                            "twx-widget": "",
                            "widget-id": "panel-2",
                            "widget-name": "Left Panel",
                            "is-widget-container": "true",
                            "position": "left"
                          },
                          "name": "twx-overlay-container",
                          "children": [
                            {
                              "name": "twx-container-content"
                            }
                          ]
                        },
                        {
                          "attributes": {
                            "twx-widget": "",
                            "widget-id": "panel-3",
                            "widget-name": "Center Panel",
                            "is-widget-container": "true",
                            "position": "center"
                          },
                          "name": "twx-overlay-container",
                          "children": [
                            {
                              "name": "twx-container-content",
                              "children": [
                                {
                                  "attributes": {
                                    "twx-widget": "",
                                    "widget-id": "label-1",
                                    "state-format-value": "text",
                                    "widget-name": "label-1",
                                    "text": "Label"
                                  },
                                  "name": "twx-label",
                                  "children": [
                                    {
                                      "attributes": {
                                        "databind-id": "db-1678772310022",
                                        "source-type": "ui",
                                        "source-label": "Model",
                                        "source-name": "model-1",
                                        "source-item-type": "property",
                                        "source-item-name": "currentStep",
                                        "binding-type": "widget_property",
                                        "from-expression": "app.view['Home'].wdg['model-1']['currentStep']",
                                        "to-property": "text"
                                      },
                                      "name": "twx-databind"
                                    }
                                  ]
                                }
                              ]
                            }
                          ]
                        },
                        {
                          "attributes": {
                            "twx-widget": "",
                            "widget-id": "panel-4",
                            "widget-name": "Right Panel",
                            "is-widget-container": "true",
                            "position": "right"
                          },
                          "name": "twx-overlay-container",
                          "children": [
                            {
                              "name": "twx-container-content"
                            }
                          ]
                        }
                      ]
                    }
                  ]
                },
                {
                  "attributes": {
                    "twx-widget": "",
                    "widget-id": "panel-5",
                    "widget-name": "Bottom Panel",
                    "is-widget-container": "true",
                    "position": "bottom"
                  },
                  "name": "twx-overlay-container",
                  "children": [
                    {
                      "name": "twx-container-content",
                      "children": [
                        {
                          "attributes": {
                            "twx-widget": "",
                            "widget-id": "gridLayout-1",
                            "widget-name": "gridLayout-1",
                            "is-widget-container": "true"
                          },
                          "name": "twx-gridlayout",
                          "children": [
                            {
                              "name": "twx-container-content",
                              "children": [
                                {
                                  "attributes": {
                                    "twx-widget": "",
                                    "widget-id": "row-1",
                                    "widget-name": "row-1",
                                    "is-widget-container": "true"
                                  },
                                  "name": "twx-row",
                                  "children": [
                                    {
                                      "name": "twx-container-content",
                                      "children": [
                                        {
                                          "attributes": {
                                            "twx-widget": "",
                                            "widget-id": "column-1",
                                            "widget-name": "column-1",
                                            "is-widget-container": "true",
                                            "flexdirection": "row",
                                            "alignment": "center",
                                            "fixedcolsize": "360px"
                                          },
                                          "name": "twx-col",
                                          "children": [
                                            {
                                              "name": "twx-container-content",
                                              "children": [
                                                {
                                                  "attributes": {
                                                    "twx-widget": "",
                                                    "widget-id": "image-3",
                                                    "widget-name": "image-3",
                                                    "imgsrc": "Default/vu_seq_play.svg",
                                                    "width": "70px",
                                                    "height": "70px"
                                                  },
                                                  "name": "twx-image2",
                                                  "children": [
                                                    {
                                                      "attributes": {
                                                        "eventbind-id": "eb-1678775077389",
                                                        "source-type": "widget",
                                                        "source-label": "Image",
                                                        "source-name": "image-3",
                                                        "source-event": "click",
                                                        "handler-type": "ui",
                                                        "handler-name": "model-1",
                                                        "handler-service": "play",
                                                        "handler-path": "app.view[\"Home\"].wdg[\"model-1\"].svc.play"
                                                      },
                                                      "name": "twx-eventbind"
                                                    }
                                                  ]
                                                },
                                                {
                                                  "attributes": {
                                                    "twx-widget": "",
                                                    "widget-id": "image-5",
                                                    "widget-name": "image-5",
                                                    "imgsrc": "Default/vu_seq_stop.svg",
                                                    "width": "70px",
                                                    "height": "70px"
                                                  },
                                                  "name": "twx-image2",
                                                  "children": [
                                                    {
                                                      "attributes": {
                                                        "eventbind-id": "eb-1678775111821",
                                                        "source-type": "widget",
                                                        "source-label": "Image",
                                                        "source-name": "image-5",
                                                        "source-event": "click",
                                                        "handler-type": "ui",
                                                        "handler-name": "model-1",
                                                        "handler-service": "stop",
                                                        "handler-path": "app.view[\"Home\"].wdg[\"model-1\"].svc.stop"
                                                      },
                                                      "name": "twx-eventbind"
                                                    }
                                                  ]
                                                },
                                                {
                                                  "attributes": {
                                                    "twx-widget": "",
                                                    "widget-id": "image-6",
                                                    "widget-name": "image-6",
                                                    "imgsrc": "Default/vu_seq_next.svg",
                                                    "width": "70px",
                                                    "height": "70px"
                                                  },
                                                  "name": "twx-image2",
                                                  "children": [
                                                    {
                                                      "attributes": {
                                                        "eventbind-id": "eb-1678775249285",
                                                        "source-type": "widget",
                                                        "source-label": "Image",
                                                        "source-name": "image-6",
                                                        "source-event": "click",
                                                        "handler-type": "ui",
                                                        "handler-name": "model-1",
                                                        "handler-service": "playAll",
                                                        "handler-path": "app.view[\"Home\"].wdg[\"model-1\"].svc.playAll"
                                                      },
                                                      "name": "twx-eventbind"
                                                    }
                                                  ]
                                                },
                                                {
                                                  "attributes": {
                                                    "twx-widget": "",
                                                    "widget-id": "image-1",
                                                    "widget-name": "image-1",
                                                    "click-expression": "setStep();",
                                                    "imgsrc": "Default/vu_seq_reset.svg",
                                                    "width": "70px",
                                                    "height": "70px"
                                                  },
                                                  "name": "twx-image2",
                                                  "children": [
                                                    {
                                                      "attributes": {
                                                        "eventbind-id": "eb-1678775100999",
                                                        "source-type": "widget",
                                                        "source-label": "Image",
                                                        "source-name": "image-1",
                                                        "source-event": "click",
                                                        "handler-type": "ui",
                                                        "handler-name": "model-1",
                                                        "handler-service": "rewind",
                                                        "handler-path": "app.view[\"Home\"].wdg[\"model-1\"].svc.rewind"
                                                      },
                                                      "name": "twx-eventbind"
                                                    }
                                                  ]
                                                },
                                                {
                                                  "attributes": {
                                                    "twx-widget": "",
                                                    "widget-id": "image-2",
                                                    "widget-name": "image-2",
                                                    "click-expression": "setStep();",
                                                    "imgsrc": "Uploaded/last.png",
                                                    "width": "70px",
                                                    "height": "70px"
                                                  },
                                                  "name": "twx-image2",
                                                  "children": [
                                                    {
                                                      "attributes": {
                                                        "eventbind-id": "eb-1678775088578",
                                                        "source-type": "widget",
                                                        "source-label": "Image",
                                                        "source-name": "image-2",
                                                        "source-event": "click",
                                                        "handler-type": "ui",
                                                        "handler-name": "model-1",
                                                        "handler-service": "forward",
                                                        "handler-path": "app.view[\"Home\"].wdg[\"model-1\"].svc.forward"
                                                      },
                                                      "name": "twx-eventbind"
                                                    }
                                                  ]
                                                }
                                              ]
                                            }
                                          ]
                                        },
                                        {
                                          "attributes": {
                                            "twx-widget": "",
                                            "widget-id": "column-3",
                                            "widget-name": "column-3",
                                            "is-widget-container": "true",
                                            "justification": "center",
                                            "alignment": "center",
                                            "fixedcolsize": "250px"
                                          },
                                          "name": "twx-col",
                                          "children": [
                                            {
                                              "name": "twx-container-content",
                                              "children": [
                                                {
                                                  "attributes": {
                                                    "twx-widget": "",
                                                    "widget-id": "slider-1",
                                                    "widget-name": "slider-1",
                                                    "class": "translucent",
                                                    "max": "1",
                                                    "step": "0.1",
                                                    "value": "0.3"
                                                  },
                                                  "name": "twx-range"
                                                }
                                              ]
                                            }
                                          ]
                                        },
                                        {
                                          "attributes": {
                                            "twx-widget": "",
                                            "widget-id": "column-5",
                                            "widget-name": "column-5",
                                            "is-widget-container": "true",
                                            "flexdirection": "row",
                                            "justification": "center",
                                            "alignment": "center"
                                          },
                                          "name": "twx-col",
                                          "children": [
                                            {
                                              "name": "twx-container-content",
                                              "children": [
                                                {
                                                  "attributes": {
                                                    "twx-widget": "",
                                                    "widget-id": "label-2",
                                                    "state-format-value": "text",
                                                    "widget-name": "label-2",
                                                    "text": "ラベル",
                                                    "class": "button"
                                                  },
                                                  "name": "twx-label"
                                                },
                                                {
                                                  "attributes": {
                                                    "twx-widget": "",
                                                    "widget-id": "toggle-1",
                                                    "widget-name": "toggle-1",
                                                    "class": "toggle_new",
                                                    "value": "true",
                                                    "label": "入力ラベル"
                                                  },
                                                  "name": "twx-toggle"
                                                }
                                              ]
                                            }
                                          ]
                                        },
                                        {
                                          "attributes": {
                                            "twx-widget": "",
                                            "widget-id": "column-2",
                                            "widget-name": "column-2",
                                            "is-widget-container": "true",
                                            "flexdirection": "row",
                                            "justification": "flex-end"
                                          },
                                          "name": "twx-col",
                                          "children": [
                                            {
                                              "name": "twx-container-content",
                                              "children": [
                                                {
                                                  "attributes": {
                                                    "twx-widget": "",
                                                    "widget-id": "image-4",
                                                    "widget-name": "image-4",
                                                    "click-expression": "prevWP();",
                                                    "imgsrc": "Default/vu_seq_reset.svg",
                                                    "width": "70px",
                                                    "height": "70px"
                                                  },
                                                  "name": "twx-image2"
                                                },
                                                {
                                                  "attributes": {
                                                    "twx-widget": "",
                                                    "widget-id": "image-7",
                                                    "widget-name": "image-7",
                                                    "click-expression": "nextWP();",
                                                    "imgsrc": "Uploaded/last.png",
                                                    "width": "70px",
                                                    "height": "70px"
                                                  },
                                                  "name": "twx-image2"
                                                }
                                              ]
                                            }
                                          ]
                                        }
                                      ]
                                    }
                                  ]
                                }
                              ]
                            }
                          ]
                        }
                      ]
                    }
                  ]
                }
              ]
            }
          ]
        }
      ]
    },
    {
      "name": "twx-fragment-parameters"
    },
    {
      "name": "twx-view-data"
    }
  ],
  "name": "twx-view"
}
