{
  "attributes": {
    "namespace": "app.mdl"
  },
  "children": [
    {
      "attributes": {
        "name": "MEL.AR.W2000",
        "twx-entity-type": "Things",
        "twx-entity-name": "MEL.AR.W2000"
      },
      "name": "twx-model",
      "children": [
        {
          "attributes": {
            "name": "ResetData",
            "id": "ResetData_7"
          },
          "name": "twx-model-service"
        }
      ]
    },
    {
      "attributes": {
        "name": "MEL.AR.W2100",
        "twx-entity-type": "Things",
        "twx-entity-name": "MEL.AR.W2100"
      },
      "name": "twx-model",
      "children": [
        {
          "attributes": {
            "name": "ResetData",
            "id": "ResetData_6"
          },
          "name": "twx-model-service"
        }
      ]
    },
    {
      "attributes": {
        "name": "MEL.AR.W2200",
        "twx-entity-type": "Things",
        "twx-entity-name": "MEL.AR.W2200"
      },
      "name": "twx-model",
      "children": [
        {
          "attributes": {
            "name": "ResetData",
            "id": "ResetData_5"
          },
          "name": "twx-model-service"
        }
      ]
    },
    {
      "attributes": {
        "name": "MEL.AR.W2300",
        "twx-entity-type": "Things",
        "twx-entity-name": "MEL.AR.W2300"
      },
      "name": "twx-model",
      "children": [
        {
          "attributes": {
            "name": "ResetData",
            "id": "ResetData_4"
          },
          "name": "twx-model-service"
        }
      ]
    },
    {
      "attributes": {
        "name": "MEL.AR.W2400",
        "twx-entity-type": "Things",
        "twx-entity-name": "MEL.AR.W2400"
      },
      "name": "twx-model",
      "children": [
        {
          "attributes": {
            "name": "ResetData",
            "id": "ResetData_3"
          },
          "name": "twx-model-service"
        }
      ]
    },
    {
      "attributes": {
        "name": "MEL.AR.W2500",
        "twx-entity-type": "Things",
        "twx-entity-name": "MEL.AR.W2500"
      },
      "name": "twx-model",
      "children": [
        {
          "attributes": {
            "name": "ResetData",
            "id": "ResetData_2"
          },
          "name": "twx-model-service"
        }
      ]
    },
    {
      "attributes": {
        "name": "MEL.AR.W2600",
        "twx-entity-type": "Things",
        "twx-entity-name": "MEL.AR.W2600"
      },
      "name": "twx-model",
      "children": [
        {
          "attributes": {
            "name": "ResetData",
            "id": "ResetData"
          },
          "name": "twx-model-service"
        }
      ]
    },
    {
      "attributes": {
        "name": "MEL.AR.RTT",
        "twx-entity-type": "ThingTemplates",
        "twx-entity-name": "MEL.AR.RTT"
      },
      "name": "twx-model",
      "children": [
        {
          "attributes": {
            "name": "QueryImplementingThingsWithNamedData",
            "id": "QueryImplementingThingsWithNamedData"
          },
          "name": "twx-model-service"
        }
      ]
    },
    {
      "attributes": {
        "id": "vumark",
        "isbound": "false",
        "isdeletable": "false",
        "name": "ThingMark",
        "value": ""
      },
      "name": "twx-app-param"
    },
    {
      "attributes": {
        "id": "template",
        "isbound": "false",
        "isdeletable": "false",
        "name": "Thing Template",
        "value": ""
      },
      "name": "twx-app-param"
    },
    {
      "attributes": {
        "id": "thing",
        "isbound": "false",
        "isdeletable": "false",
        "name": "Thing",
        "value": ""
      },
      "name": "twx-app-param"
    }
  ],
  "name": "twx-app-mdl"
}
