{
  "name": "Studio_Experience_Manager",
  "projectType": "AR",
  "viewType": "mobile-2D",
  "fileName": "Studio_Experience_Manager",
  "version": "1.80.2338",
  "device": {
    "name": "ipad",
    "width": "1024",
    "height": "768"
  },
  "state": {
    "orientation": "landscape"
  },
  "targets": {
    "phone": {
      "components": [
        {
          "name": "Home",
          "fileName": "Home",
          "showInMainMenu": true,
          "viewType": "mobile-2D",
          "title": "Home"
        }
      ],
      "images": []
    },
    "shared": {
      "components": [
        {
          "name": "Data",
          "fileName": "Data"
        }
      ],
      "images": [],
      "fragments": [],
      "styles": [
        {
          "name": "App",
          "fileName": "App",
          "fileExt": "scss"
        }
      ]
    }
  },
  "mainNavigationMenuStyle": "noMenu",
  "resourceDirectory": "src/phone/resources",
  "resourceRuntimeDir": "app/resources",
  "fontRuntimeDir": "../fonts",
  "fontDesigntimeDir": "../dist/phone/fonts",
  "theme": "twx-light",
  "thumbnail": "Uploaded/2019-03-28_9-08-51.jpg",
  "thingworxServer": "https://apac.studio-trial.thingworx.io"
}
