{
  "attributes": {
    "twx-widget": "",
    "widget-id": "view-1",
    "widget-name": "view-1",
    "is-widget-container": "true",
    "viewtype": "ar"
  },
  "children": [
    {
      "name": "twx-container-content",
      "children": [
        {
          "attributes": {
            "twx-widget": "",
            "widget-id": "3DContainer-1",
            "widget-name": "3D コンテナ",
            "is-widget-container": "true",
            "enabletrackingevents": "true"
          },
          "name": "twx-dt-view",
          "children": [
            {
              "name": "twx-container-content",
              "children": [
                {
                  "attributes": {
                    "twx-widget": "",
                    "widget-id": "model-1",
                    "widget-name": "model-1",
                    "is-widget-container": "true",
                    "src": "Uploaded/12345_pub1_High.pvz",
                    "scale": "1.0000",
                    "z": "-5.587935447692871e-9",
                    "rx": "0.00",
                    "ry": "0.00",
                    "rz": "0.00",
                    "sequence": "Uploaded/l-Creo 3D - step.pvi"
                  },
                  "name": "twx-dt-model",
                  "children": [
                    {
                      "attributes": {
                        "databind-id": "db-1682588504723",
                        "source-type": "ui",
                        "source-label": "スライダー",
                        "source-name": "slider-2",
                        "source-item-type": "property",
                        "source-item-name": "value",
                        "binding-type": "widget_property",
                        "from-expression": "app.view['ホーム'].wdg['slider-2']['value']",
                        "to-property": "rz"
                      },
                      "name": "twx-databind"
                    },
                    {
                      "name": "twx-container-content"
                    }
                  ]
                },
                {
                  "attributes": {
                    "twx-widget": "",
                    "widget-id": "thingMark-1",
                    "tracking-indicator": "true",
                    "widget-name": "thingMark-1",
                    "width": "0.2",
                    "y": "0.0000",
                    "rx": "-90.00",
                    "ry": "-0.00",
                    "rz": "-0.00"
                  },
                  "name": "twx-dt-target",
                  "children": [
                    {
                      "attributes": {
                        "databind-id": "db-1625723317411",
                        "source-type": "data",
                        "source-name": "vumark",
                        "source-item-type": "value",
                        "source-item-name": "vumark",
                        "binding-type": "custom_field",
                        "from-expression": "app.params['vumark']",
                        "to-property": "markerId"
                      },
                      "name": "twx-databind"
                    }
                  ]
                },
                {
                  "attributes": {
                    "twx-widget": "",
                    "widget-id": "wayfinder-1",
                    "auto-advance": "true",
                    "labels-on-top": "true",
                    "waypoints-data": "[{\"position\":{\"x\":0,\"y\":0.3,\"z\":-0.1},\"gaze\":{\"x\":0,\"y\":0,\"z\":-1},\"up\":{\"x\":0,\"y\":1,\"z\":0},\"eventRadius\":0.25,\"wayfinderDisplayBoundary\":0.5,\"label\":\"Waypoint 1\"},{\"position\":{\"x\":-0.0134,\"y\":0.0798,\"z\":-0.0517},\"gaze\":{\"x\":0,\"y\":0,\"z\":-1},\"up\":{\"x\":0,\"y\":1,\"z\":0},\"eventRadius\":0.25,\"wayfinderDisplayBoundary\":0.5,\"label\":\"Waypoint 2\"},{\"position\":{\"x\":0.3107,\"y\":0.0104,\"z\":-0.1376},\"gaze\":{\"x\":-0.7145947830396169,\"y\":-0.699538630850765,\"z\":-2.0816681711721685e-16},\"up\":{\"x\":0,\"y\":1,\"z\":0},\"eventRadius\":0.25,\"wayfinderDisplayBoundary\":0.5,\"label\":\"Waypoint 3\"},{\"position\":{\"x\":0.2478,\"y\":0,\"z\":-0.0885},\"gaze\":{\"x\":0,\"y\":0,\"z\":-1},\"up\":{\"x\":0,\"y\":1,\"z\":0},\"eventRadius\":0.25,\"wayfinderDisplayBoundary\":0.5,\"label\":\"Waypoint 4\"},{\"position\":{\"x\":0.0962,\"y\":0.0919,\"z\":-0.1451},\"gaze\":{\"x\":-0.5224985567578407,\"y\":-0.8526401513676398,\"z\":-0.0001745329243134225},\"up\":{\"x\":0,\"y\":1,\"z\":0},\"eventRadius\":0.25,\"wayfinderDisplayBoundary\":0.5,\"label\":\"Waypoint 5\"},{\"position\":{\"x\":0.0399,\"y\":0.0645,\"z\":0.0197},\"gaze\":{\"x\":-1,\"y\":0,\"z\":-2.220446049250313e-16},\"up\":{\"x\":0,\"y\":1,\"z\":0},\"eventRadius\":0.25,\"wayfinderDisplayBoundary\":0.5,\"label\":\"adsfasdfasdfasf\"},{\"position\":{\"x\":0.0987,\"y\":0.0861,\"z\":-0.0198},\"gaze\":{\"x\":0,\"y\":0,\"z\":-1},\"up\":{\"x\":0,\"y\":1,\"z\":0},\"eventRadius\":0.25,\"wayfinderDisplayBoundary\":0.5,\"label\":\"Waypoint 7\"}]",
                    "widget-name": "wayfinder-1",
                    "is-widget-container": "true"
                  },
                  "name": "twx-dt-wayfinder",
                  "children": [
                    {
                      "name": "twx-container-content",
                      "children": [
                        {
                          "attributes": {
                            "twx-widget": "",
                            "widget-id": "waypoint-1",
                            "label-text": "Waypoint 1",
                            "label-on-top": "true",
                            "widget-name": "waypoint-1",
                            "scale": "0.2554",
                            "x": "0.0000",
                            "y": "0.3000",
                            "z": "-0.1000",
                            "rx": "0.00",
                            "ry": "0.00",
                            "rz": "0.00"
                          },
                          "name": "twx-dt-waypoint"
                        },
                        {
                          "attributes": {
                            "twx-widget": "",
                            "widget-id": "waypoint-2",
                            "label-text": "Waypoint 2",
                            "label-on-top": "true",
                            "widget-name": "waypoint-2",
                            "scale": "0.2843",
                            "x": "-0.0134",
                            "y": "0.0798",
                            "z": "-0.0517",
                            "rx": "0.00",
                            "ry": "0.00",
                            "rz": "0.00"
                          },
                          "name": "twx-dt-waypoint"
                        },
                        {
                          "attributes": {
                            "twx-widget": "",
                            "widget-id": "waypoint-3",
                            "label-text": "Waypoint 3",
                            "label-on-top": "true",
                            "widget-name": "waypoint-3",
                            "scale": "0.2592",
                            "x": "0.3107",
                            "y": "0.0104",
                            "z": "-0.1376",
                            "rx": "0.00",
                            "ry": "90.00",
                            "rz": "44.39"
                          },
                          "name": "twx-dt-waypoint"
                        },
                        {
                          "attributes": {
                            "twx-widget": "",
                            "widget-id": "waypoint-4",
                            "label-text": "Waypoint 4",
                            "label-on-top": "true",
                            "widget-name": "waypoint-4",
                            "scale": "0.2534",
                            "x": "0.2478",
                            "y": "0.0000",
                            "z": "-0.0885",
                            "rx": "0.00",
                            "ry": "0.00",
                            "rz": "0.00"
                          },
                          "name": "twx-dt-waypoint"
                        },
                        {
                          "attributes": {
                            "twx-widget": "",
                            "widget-id": "waypoint-5",
                            "component-occurrence": "/0/4",
                            "label-text": "Waypoint 5",
                            "label-on-top": "true",
                            "widget-name": "waypoint-5",
                            "model": "model-1",
                            "scale": "0.2742",
                            "x": "0.0962",
                            "y": "0.0919",
                            "z": "-0.1451",
                            "rx": "0.00",
                            "ry": "89.99",
                            "rz": "58.50"
                          },
                          "name": "twx-dt-waypoint"
                        },
                        {
                          "attributes": {
                            "twx-widget": "",
                            "widget-id": "waypoint-6",
                            "component-occurrence": "/0/0",
                            "label-text": "adsfasdfasdfasf",
                            "label-on-top": "true",
                            "widget-name": "waypoint-6",
                            "model": "model-1",
                            "scale": "0.2541",
                            "x": "0.0399",
                            "y": "0.0645",
                            "z": "0.0197",
                            "rx": "0.00",
                            "ry": "90.00",
                            "rz": "0.00"
                          },
                          "name": "twx-dt-waypoint"
                        },
                        {
                          "attributes": {
                            "twx-widget": "",
                            "widget-id": "waypoint-7",
                            "component-occurrence": "/0/1",
                            "label-text": "Waypoint 7",
                            "label-on-top": "true",
                            "widget-name": "waypoint-7",
                            "model": "model-1",
                            "scale": "0.2375",
                            "x": "0.0987",
                            "y": "0.0861",
                            "z": "-0.0198",
                            "rx": "0.00",
                            "ry": "0.00",
                            "rz": "0.00"
                          },
                          "name": "twx-dt-waypoint"
                        }
                      ]
                    }
                  ]
                }
              ]
            }
          ]
        },
        {
          "attributes": {
            "twx-widget": "",
            "widget-id": "2DOverlay-1",
            "widget-name": "2D オーバーレイ",
            "is-widget-container": "true"
          },
          "name": "twx-overlay",
          "children": [
            {
              "name": "twx-container-content",
              "children": [
                {
                  "attributes": {
                    "twx-widget": "",
                    "widget-id": "panel-1",
                    "widget-name": "上部パネル",
                    "is-widget-container": "true",
                    "position": "top"
                  },
                  "name": "twx-overlay-container",
                  "children": [
                    {
                      "name": "twx-container-content",
                      "children": [
                        {
                          "attributes": {
                            "twx-widget": "",
                            "widget-id": "slider-2",
                            "widget-name": "slider-2",
                            "change-expression": "RoteZ();",
                            "min": "-180",
                            "max": "180",
                            "step": "10",
                            "value": "0"
                          },
                          "name": "twx-range"
                        }
                      ]
                    }
                  ]
                },
                {
                  "attributes": {
                    "twx-widget": "",
                    "widget-id": "2DOverlayBody-1",
                    "widget-name": "2D ボディ",
                    "is-widget-container": "true"
                  },
                  "name": "twx-overlay-body",
                  "children": [
                    {
                      "name": "twx-container-content",
                      "children": [
                        {
                          "attributes": {
                            "twx-widget": "",
                            "widget-id": "panel-2",
                            "widget-name": "左パネル",
                            "is-widget-container": "true",
                            "position": "left"
                          },
                          "name": "twx-overlay-container",
                          "children": [
                            {
                              "name": "twx-container-content",
                              "children": [
                                {
                                  "attributes": {
                                    "twx-widget": "",
                                    "widget-id": "gridLayout-2",
                                    "widget-name": "gridLayout-2",
                                    "is-widget-container": "true",
                                    "class": ""
                                  },
                                  "name": "twx-gridlayout",
                                  "children": [
                                    {
                                      "name": "twx-container-content",
                                      "children": [
                                        {
                                          "attributes": {
                                            "twx-widget": "",
                                            "widget-id": "row-2",
                                            "widget-name": "row-2",
                                            "is-widget-container": "true"
                                          },
                                          "name": "twx-row",
                                          "children": [
                                            {
                                              "name": "twx-container-content",
                                              "children": [
                                                {
                                                  "attributes": {
                                                    "twx-widget": "",
                                                    "widget-id": "column-4",
                                                    "widget-name": "column-4",
                                                    "is-widget-container": "true",
                                                    "alignment": "center"
                                                  },
                                                  "name": "twx-col",
                                                  "children": [
                                                    {
                                                      "name": "twx-container-content",
                                                      "children": [
                                                        {
                                                          "attributes": {
                                                            "twx-widget": "",
                                                            "widget-id": "playButton",
                                                            "widget-name": "playButton",
                                                            "click-expression": "playAllStep();",
                                                            "imgsrc": "Default/vu_seq_play.svg",
                                                            "height": "40px"
                                                          },
                                                          "name": "twx-image2"
                                                        },
                                                        {
                                                          "attributes": {
                                                            "twx-widget": "",
                                                            "widget-id": "pause",
                                                            "image-align": "center",
                                                            "widget-name": "pause",
                                                            "click-expression": "pauseStep();",
                                                            "imgsrc": "Default/vu_seq_pause.svg",
                                                            "height": "40px",
                                                            "visible": "false"
                                                          },
                                                          "name": "twx-image2"
                                                        }
                                                      ]
                                                    }
                                                  ]
                                                }
                                              ]
                                            }
                                          ]
                                        },
                                        {
                                          "attributes": {
                                            "twx-widget": "",
                                            "widget-id": "row-10",
                                            "widget-name": "row-10",
                                            "is-widget-container": "true"
                                          },
                                          "name": "twx-row",
                                          "children": [
                                            {
                                              "name": "twx-container-content",
                                              "children": [
                                                {
                                                  "attributes": {
                                                    "twx-widget": "",
                                                    "widget-id": "column-17",
                                                    "widget-name": "column-17",
                                                    "is-widget-container": "true",
                                                    "justification": "center",
                                                    "alignment": "center"
                                                  },
                                                  "name": "twx-col",
                                                  "children": [
                                                    {
                                                      "name": "twx-container-content",
                                                      "children": [
                                                        {
                                                          "attributes": {
                                                            "twx-widget": "",
                                                            "widget-id": "toggleButton-2",
                                                            "background-color": "rgba(255,255,255,0.01)",
                                                            "background-color-pressed": "rgba(255,255,255,0.01)",
                                                            "widget-name": "toggleButton-2",
                                                            "click-expression": "resetStep();",
                                                            "class": "",
                                                            "src": "Uploaded/all-play.png",
                                                            "srcnotpressed": "Uploaded/all-play.png",
                                                            "width": "",
                                                            "height": "40px"
                                                          },
                                                          "name": "twx-toggle-button"
                                                        },
                                                        {
                                                          "attributes": {
                                                            "twx-widget": "",
                                                            "widget-id": "toggleButton-1",
                                                            "background-color": "rgba(255,255,255,0.01)",
                                                            "background-color-pressed": "rgba(255,255,255,0.01)",
                                                            "widget-name": "toggleButton-1",
                                                            "class": "",
                                                            "src": "Uploaded/pause.png",
                                                            "srcnotpressed": "Uploaded/pause.png",
                                                            "width": "",
                                                            "height": "40px",
                                                            "visible": "false"
                                                          },
                                                          "name": "twx-toggle-button"
                                                        }
                                                      ]
                                                    }
                                                  ]
                                                }
                                              ]
                                            }
                                          ]
                                        }
                                      ]
                                    }
                                  ]
                                },
                                {
                                  "attributes": {
                                    "twx-widget": "",
                                    "widget-id": "select-1",
                                    "widget-name": "select-1",
                                    "valuefield": "position",
                                    "displayfield": "position",
                                    "label": "Dropdown Label"
                                  },
                                  "name": "twx-select",
                                  "children": [
                                    {
                                      "attributes": {
                                        "databind-id": "db-1676778911146",
                                        "source-type": "ui",
                                        "source-label": "Wayfinder",
                                        "source-name": "wayfinder-1",
                                        "source-item-type": "property",
                                        "source-item-name": "waypointsData",
                                        "binding-type": "widget_property",
                                        "from-expression": "app.view['ホーム'].wdg['wayfinder-1']['waypointsData']",
                                        "to-property": "list"
                                      },
                                      "name": "twx-databind"
                                    }
                                  ]
                                }
                              ]
                            }
                          ]
                        },
                        {
                          "attributes": {
                            "twx-widget": "",
                            "widget-id": "panel-3",
                            "widget-name": "中央パネル",
                            "is-widget-container": "true",
                            "position": "center"
                          },
                          "name": "twx-overlay-container",
                          "children": [
                            {
                              "name": "twx-container-content"
                            }
                          ]
                        },
                        {
                          "attributes": {
                            "twx-widget": "",
                            "widget-id": "panel-4",
                            "widget-name": "右パネル",
                            "is-widget-container": "true",
                            "position": "right"
                          },
                          "name": "twx-overlay-container",
                          "children": [
                            {
                              "name": "twx-container-content",
                              "children": [
                                {
                                  "attributes": {
                                    "twx-widget": "",
                                    "widget-id": "gridLayout-4",
                                    "widget-name": "gridLayout-4",
                                    "is-widget-container": "true"
                                  },
                                  "name": "twx-gridlayout",
                                  "children": [
                                    {
                                      "name": "twx-container-content",
                                      "children": [
                                        {
                                          "attributes": {
                                            "twx-widget": "",
                                            "widget-id": "row-4",
                                            "widget-name": "row-4",
                                            "is-widget-container": "true"
                                          },
                                          "name": "twx-row",
                                          "children": [
                                            {
                                              "name": "twx-container-content",
                                              "children": [
                                                {
                                                  "attributes": {
                                                    "twx-widget": "",
                                                    "widget-id": "column-8",
                                                    "widget-name": "column-8",
                                                    "is-widget-container": "true",
                                                    "justification": "center",
                                                    "alignment": "center"
                                                  },
                                                  "name": "twx-col",
                                                  "children": [
                                                    {
                                                      "name": "twx-container-content",
                                                      "children": [
                                                        {
                                                          "attributes": {
                                                            "twx-widget": "",
                                                            "widget-id": "step-play",
                                                            "widget-name": "step-play",
                                                            "click-expression": "playStep();",
                                                            "imgsrc": "Uploaded/step-pay.png",
                                                            "height": "40px"
                                                          },
                                                          "name": "twx-image2"
                                                        }
                                                      ]
                                                    }
                                                  ]
                                                }
                                              ]
                                            }
                                          ]
                                        },
                                        {
                                          "attributes": {
                                            "twx-widget": "",
                                            "widget-id": "row-5",
                                            "widget-name": "row-5",
                                            "is-widget-container": "true"
                                          },
                                          "name": "twx-row",
                                          "children": [
                                            {
                                              "name": "twx-container-content",
                                              "children": [
                                                {
                                                  "attributes": {
                                                    "twx-widget": "",
                                                    "widget-id": "column-9",
                                                    "widget-name": "column-9",
                                                    "is-widget-container": "true",
                                                    "justification": "center",
                                                    "alignment": "center"
                                                  },
                                                  "name": "twx-col",
                                                  "children": [
                                                    {
                                                      "name": "twx-container-content",
                                                      "children": [
                                                        {
                                                          "attributes": {
                                                            "twx-widget": "",
                                                            "widget-id": "step1-label",
                                                            "background-color": "rgba(255,255,255,0.01)",
                                                            "background-color-pressed": "rgba(255,255,255,0.01)",
                                                            "widget-name": "step1-label",
                                                            "click-expression": "setPlayStep(1);",
                                                            "src": "Uploaded/step1move.png",
                                                            "srcnotpressed": "Uploaded/step1move.png",
                                                            "width": "",
                                                            "height": "40px"
                                                          },
                                                          "name": "twx-toggle-button"
                                                        }
                                                      ]
                                                    }
                                                  ]
                                                }
                                              ]
                                            }
                                          ]
                                        },
                                        {
                                          "attributes": {
                                            "twx-widget": "",
                                            "widget-id": "row-11",
                                            "widget-name": "row-11",
                                            "is-widget-container": "true"
                                          },
                                          "name": "twx-row",
                                          "children": [
                                            {
                                              "name": "twx-container-content",
                                              "children": [
                                                {
                                                  "attributes": {
                                                    "twx-widget": "",
                                                    "widget-id": "column-18",
                                                    "widget-name": "column-18",
                                                    "is-widget-container": "true",
                                                    "justification": "center",
                                                    "alignment": "center"
                                                  },
                                                  "name": "twx-col",
                                                  "children": [
                                                    {
                                                      "name": "twx-container-content",
                                                      "children": [
                                                        {
                                                          "attributes": {
                                                            "twx-widget": "",
                                                            "widget-id": "step2-label",
                                                            "background-color": "rgba(255,255,255,0.01)",
                                                            "background-color-pressed": "rgba(255,255,255,0.01)",
                                                            "widget-name": "step2-label",
                                                            "click-expression": "setPlayStep(2);",
                                                            "src": "Uploaded/step2move.png",
                                                            "srcnotpressed": "Uploaded/step2move.png",
                                                            "width": "",
                                                            "height": "40px"
                                                          },
                                                          "name": "twx-toggle-button"
                                                        }
                                                      ]
                                                    }
                                                  ]
                                                }
                                              ]
                                            }
                                          ]
                                        },
                                        {
                                          "attributes": {
                                            "twx-widget": "",
                                            "widget-id": "row-12",
                                            "widget-name": "row-12",
                                            "is-widget-container": "true"
                                          },
                                          "name": "twx-row",
                                          "children": [
                                            {
                                              "name": "twx-container-content",
                                              "children": [
                                                {
                                                  "attributes": {
                                                    "twx-widget": "",
                                                    "widget-id": "column-19",
                                                    "widget-name": "column-19",
                                                    "is-widget-container": "true",
                                                    "justification": "center",
                                                    "alignment": "center"
                                                  },
                                                  "name": "twx-col",
                                                  "children": [
                                                    {
                                                      "name": "twx-container-content",
                                                      "children": [
                                                        {
                                                          "attributes": {
                                                            "twx-widget": "",
                                                            "widget-id": "step3-label",
                                                            "background-color": "rgba(255,255,255,0.01)",
                                                            "background-color-pressed": "rgba(255,255,255,0.01)",
                                                            "widget-name": "step3-label",
                                                            "click-expression": "setPlayStep(3);",
                                                            "src": "Uploaded/step3move.png",
                                                            "srcnotpressed": "Uploaded/step3move.png",
                                                            "width": "",
                                                            "height": "40px"
                                                          },
                                                          "name": "twx-toggle-button"
                                                        }
                                                      ]
                                                    }
                                                  ]
                                                }
                                              ]
                                            }
                                          ]
                                        },
                                        {
                                          "attributes": {
                                            "twx-widget": "",
                                            "widget-id": "row-13",
                                            "widget-name": "row-13",
                                            "is-widget-container": "true"
                                          },
                                          "name": "twx-row",
                                          "children": [
                                            {
                                              "name": "twx-container-content",
                                              "children": [
                                                {
                                                  "attributes": {
                                                    "twx-widget": "",
                                                    "widget-id": "column-20",
                                                    "widget-name": "column-20",
                                                    "is-widget-container": "true",
                                                    "justification": "center",
                                                    "alignment": "center"
                                                  },
                                                  "name": "twx-col",
                                                  "children": [
                                                    {
                                                      "name": "twx-container-content",
                                                      "children": [
                                                        {
                                                          "attributes": {
                                                            "twx-widget": "",
                                                            "widget-id": "step4-label",
                                                            "background-color": "rgba(255,255,255,0.01)",
                                                            "background-color-pressed": "rgba(255,255,255,0.01)",
                                                            "widget-name": "step4-label",
                                                            "click-expression": "setPlayStep(4);",
                                                            "src": "Uploaded/step4move.png",
                                                            "srcnotpressed": "Uploaded/step4move.png",
                                                            "width": "",
                                                            "height": "40px"
                                                          },
                                                          "name": "twx-toggle-button"
                                                        }
                                                      ]
                                                    }
                                                  ]
                                                }
                                              ]
                                            }
                                          ]
                                        },
                                        {
                                          "attributes": {
                                            "twx-widget": "",
                                            "widget-id": "row-14",
                                            "widget-name": "row-14",
                                            "is-widget-container": "true"
                                          },
                                          "name": "twx-row",
                                          "children": [
                                            {
                                              "name": "twx-container-content",
                                              "children": [
                                                {
                                                  "attributes": {
                                                    "twx-widget": "",
                                                    "widget-id": "column-21",
                                                    "widget-name": "column-21",
                                                    "is-widget-container": "true",
                                                    "justification": "center",
                                                    "alignment": "center"
                                                  },
                                                  "name": "twx-col",
                                                  "children": [
                                                    {
                                                      "name": "twx-container-content",
                                                      "children": [
                                                        {
                                                          "attributes": {
                                                            "twx-widget": "",
                                                            "widget-id": "step5-label",
                                                            "background-color": "rgba(255,255,255,0.01)",
                                                            "background-color-pressed": "rgba(255,255,255,0.01)",
                                                            "widget-name": "step5-label",
                                                            "click-expression": "setPlayStep(5);",
                                                            "src": "Uploaded/step5move.png",
                                                            "srcnotpressed": "Uploaded/step5move.png",
                                                            "width": "",
                                                            "height": "40px"
                                                          },
                                                          "name": "twx-toggle-button"
                                                        }
                                                      ]
                                                    }
                                                  ]
                                                }
                                              ]
                                            }
                                          ]
                                        }
                                      ]
                                    }
                                  ]
                                }
                              ]
                            }
                          ]
                        }
                      ]
                    }
                  ]
                },
                {
                  "attributes": {
                    "twx-widget": "",
                    "widget-id": "panel-5",
                    "widget-name": "下部パネル",
                    "is-widget-container": "true",
                    "position": "bottom"
                  },
                  "name": "twx-overlay-container",
                  "children": [
                    {
                      "name": "twx-container-content",
                      "children": [
                        {
                          "attributes": {
                            "twx-widget": "",
                            "widget-id": "gridLayout-1",
                            "widget-name": "gridLayout-1",
                            "is-widget-container": "true"
                          },
                          "name": "twx-gridlayout",
                          "children": [
                            {
                              "name": "twx-container-content",
                              "children": [
                                {
                                  "attributes": {
                                    "twx-widget": "",
                                    "widget-id": "row-1",
                                    "widget-name": "row-1",
                                    "is-widget-container": "true"
                                  },
                                  "name": "twx-row",
                                  "children": [
                                    {
                                      "name": "twx-container-content",
                                      "children": [
                                        {
                                          "attributes": {
                                            "twx-widget": "",
                                            "widget-id": "column-1",
                                            "widget-name": "column-1",
                                            "is-widget-container": "true",
                                            "justification": "center",
                                            "fixedcolsize": "60px"
                                          },
                                          "name": "twx-col",
                                          "children": [
                                            {
                                              "name": "twx-container-content",
                                              "children": [
                                                {
                                                  "attributes": {
                                                    "twx-widget": "",
                                                    "widget-id": "image-2",
                                                    "widget-name": "image-2",
                                                    "click-expression": "resetStep();",
                                                    "imgsrc": "Default/vu_seq_reset.svg",
                                                    "height": "55px"
                                                  },
                                                  "name": "twx-image2"
                                                }
                                              ]
                                            }
                                          ]
                                        },
                                        {
                                          "attributes": {
                                            "twx-widget": "",
                                            "widget-id": "column-2",
                                            "widget-name": "column-2",
                                            "is-widget-container": "true",
                                            "justification": "center",
                                            "fixedcolsize": "60px"
                                          },
                                          "name": "twx-col",
                                          "children": [
                                            {
                                              "name": "twx-container-content"
                                            }
                                          ]
                                        },
                                        {
                                          "attributes": {
                                            "twx-widget": "",
                                            "widget-id": "column-5",
                                            "widget-name": "column-5",
                                            "is-widget-container": "true",
                                            "justification": "center",
                                            "alignment": "center"
                                          },
                                          "name": "twx-col",
                                          "children": [
                                            {
                                              "name": "twx-container-content"
                                            }
                                          ]
                                        },
                                        {
                                          "attributes": {
                                            "twx-widget": "",
                                            "widget-id": "column-6",
                                            "widget-name": "column-6",
                                            "is-widget-container": "true",
                                            "justification": "center",
                                            "fixedcolsize": "60px"
                                          },
                                          "name": "twx-col",
                                          "children": [
                                            {
                                              "name": "twx-container-content"
                                            }
                                          ]
                                        },
                                        {
                                          "attributes": {
                                            "twx-widget": "",
                                            "widget-id": "column-3",
                                            "widget-name": "column-3",
                                            "is-widget-container": "true",
                                            "justification": "center",
                                            "fixedcolsize": "60px"
                                          },
                                          "name": "twx-col",
                                          "children": [
                                            {
                                              "name": "twx-container-content",
                                              "children": [
                                                {
                                                  "attributes": {
                                                    "twx-widget": "",
                                                    "widget-id": "image-3",
                                                    "image-align": "flex-end",
                                                    "widget-name": "image-3",
                                                    "click-expression": "endStep();",
                                                    "imgsrc": "Uploaded/last.png",
                                                    "backgroundcolor": "",
                                                    "height": "55px"
                                                  },
                                                  "name": "twx-image2"
                                                }
                                              ]
                                            }
                                          ]
                                        }
                                      ]
                                    }
                                  ]
                                }
                              ]
                            }
                          ]
                        }
                      ]
                    }
                  ]
                }
              ]
            }
          ]
        }
      ]
    },
    {
      "name": "twx-fragment-parameters"
    },
    {
      "name": "twx-view-data"
    }
  ],
  "name": "twx-view"
}
