{
  "name": "BRO_PartInfo_Sample_newGetJson",
  "projectType": "AR",
  "viewType": "ar",
  "fileName": "BRO_PartInfo_Sample_newGetJson",
  "thingworxServer": "http://localhost:2019",
  "version": "1.55.2118",
  "device": {
    "name": "ipad",
    "width": "1024",
    "height": "768"
  },
  "state": {
    "orientation": "landscape"
  },
  "targets": {
    "phone": {
      "components": [
        {
          "name": "Home",
          "fileName": "Home",
          "showInMainMenu": true,
          "viewType": "ar",
          "title": "Home"
        }
      ],
      "images": []
    },
    "shared": {
      "components": [
        {
          "name": "Data",
          "fileName": "Data"
        }
      ],
      "images": [],
      "fragments": [],
      "styles": [
        {
          "name": "App",
          "fileName": "App",
          "fileExt": "scss"
        }
      ]
    }
  },
  "mainNavigationMenuStyle": "leftSideMenu",
  "previewUrl": "/preview.html?project=${project}&format=${format}&orientation=${orientation}&phone=true",
  "resourceDirectory": "src/phone/resources",
  "resourceRuntimeDir": "app/resources",
  "fontRuntimeDir": "../fonts",
  "fontDesigntimeDir": "../dist/phone/fonts",
  "theme": "twx-light",
  "thumbnail": "",
  "description": "Part Identification with dynamic part selection and text derived sequence instructions.",
  "allowSelfSignedCerts": true
}
