{
  "attributes": {
    "twx-widget": "",
    "widget-id": "view-1",
    "widget-name": "view-1",
    "is-widget-container": "true",
    "viewtype": "ar"
  },
  "children": [
    {
      "name": "twx-container-content",
      "children": [
        {
          "attributes": {
            "twx-widget": "",
            "widget-id": "x-153230ef-2079-4ea6-86fa-b21b92b12974",
            "widget-name": "3D Container",
            "is-widget-container": "true",
            "camera": "{\"metadata\":{\"version\":4.4,\"type\":\"Object\",\"generator\":\"Object3D.toJSON\"},\"object\":{\"uuid\":\"710BE8DF-CC14-4109-82EF-747253566B37\",\"type\":\"PerspectiveCamera\",\"matrix\":[-0.911403477191925,1.7260416429465408e-9,0.41151440143585205,0,-0.36013028025627136,0.4838802218437195,-0.7976002097129822,0,-0.19912366569042206,-0.875134289264679,-0.441010057926178,0,-0.27293673157691956,-1.1995373964309692,-0.6044878959655762,1],\"fov\":20,\"zoom\":1,\"near\":0.01,\"far\":20000,\"focus\":10,\"aspect\":0.5625879043600562,\"filmGauge\":35,\"filmOffset\":0}}",
            "dropshadow": "true"
          },
          "name": "twx-dt-view",
          "children": [
            {
              "name": "twx-container-content",
              "children": [
                {
                  "attributes": {
                    "twx-widget": "",
                    "widget-id": "spatialTarget-1",
                    "widget-name": "spatialTarget-1",
                    "x": "0.0022",
                    "z": "0.0023",
                    "rx": "-90"
                  },
                  "name": "twx-dt-target-spatial"
                },
                {
                  "attributes": {
                    "twx-widget": "",
                    "widget-id": "3DImage-1",
                    "widget-name": "3DImage-1",
                    "is-widget-container": "true",
                    "scale": "1.0000",
                    "x": "-0.1225",
                    "y": "0.2388",
                    "z": "0.1281",
                    "rx": "0.00",
                    "ry": "0.00",
                    "rz": "0.00"
                  },
                  "name": "twx-dt-image",
                  "children": [
                    {
                      "name": "twx-container-content"
                    }
                  ]
                },
                {
                  "attributes": {
                    "twx-widget": "",
                    "widget-id": "3DImage-2",
                    "widget-name": "3DImage-2",
                    "is-widget-container": "true",
                    "scale": "1.0000",
                    "x": "0.3368",
                    "y": "0.1242",
                    "z": "0.1819",
                    "rx": "0.00",
                    "ry": "0.00",
                    "rz": "0.00"
                  },
                  "name": "twx-dt-image",
                  "children": [
                    {
                      "name": "twx-container-content"
                    }
                  ]
                },
                {
                  "attributes": {
                    "twx-widget": "",
                    "widget-id": "model-1",
                    "widget-name": "model-1",
                    "is-widget-container": "true"
                  },
                  "name": "twx-dt-model",
                  "children": [
                    {
                      "name": "twx-container-content"
                    }
                  ]
                },
                {
                  "attributes": {
                    "twx-widget": "",
                    "widget-id": "3DImage-3",
                    "widget-name": "3DImage-3",
                    "is-widget-container": "true",
                    "scale": "1.0000",
                    "x": "-0.2902",
                    "y": "0.2825",
                    "z": "-0.0283",
                    "rx": "0.00",
                    "ry": "0.00",
                    "rz": "0.00",
                    "visible": "false"
                  },
                  "name": "twx-dt-image",
                  "children": [
                    {
                      "name": "twx-container-content"
                    }
                  ]
                },
                {
                  "attributes": {
                    "twx-widget": "",
                    "widget-id": "3DImage-4",
                    "widget-name": "3DImage-4",
                    "is-widget-container": "true",
                    "scale": "1.0000",
                    "x": "0.3969",
                    "y": "0.2825",
                    "z": "-0.1201",
                    "rx": "0.00",
                    "ry": "0.00",
                    "rz": "0.00"
                  },
                  "name": "twx-dt-image",
                  "children": [
                    {
                      "name": "twx-container-content"
                    }
                  ]
                }
              ]
            }
          ]
        },
        {
          "attributes": {
            "twx-widget": "",
            "widget-id": "2DOverlay-1",
            "widget-name": "2D Overlay",
            "is-widget-container": "true"
          },
          "name": "twx-overlay",
          "children": [
            {
              "name": "twx-container-content",
              "children": [
                {
                  "attributes": {
                    "twx-widget": "",
                    "widget-id": "panel-1",
                    "widget-name": "Top Panel",
                    "is-widget-container": "true",
                    "position": "top"
                  },
                  "name": "twx-overlay-container",
                  "children": [
                    {
                      "name": "twx-container-content"
                    }
                  ]
                },
                {
                  "attributes": {
                    "twx-widget": "",
                    "widget-id": "2DOverlayBody-1",
                    "widget-name": "2D Body",
                    "is-widget-container": "true"
                  },
                  "name": "twx-overlay-body",
                  "children": [
                    {
                      "name": "twx-container-content",
                      "children": [
                        {
                          "attributes": {
                            "twx-widget": "",
                            "widget-id": "panel-2",
                            "widget-name": "Left Panel",
                            "is-widget-container": "true",
                            "position": "left"
                          },
                          "name": "twx-overlay-container",
                          "children": [
                            {
                              "name": "twx-container-content"
                            }
                          ]
                        },
                        {
                          "attributes": {
                            "twx-widget": "",
                            "widget-id": "panel-3",
                            "widget-name": "Center Panel",
                            "is-widget-container": "true",
                            "position": "center"
                          },
                          "name": "twx-overlay-container",
                          "children": [
                            {
                              "name": "twx-container-content"
                            }
                          ]
                        },
                        {
                          "attributes": {
                            "twx-widget": "",
                            "widget-id": "panel-4",
                            "widget-name": "Right Panel",
                            "is-widget-container": "true",
                            "position": "right"
                          },
                          "name": "twx-overlay-container",
                          "children": [
                            {
                              "name": "twx-container-content"
                            }
                          ]
                        }
                      ]
                    }
                  ]
                },
                {
                  "attributes": {
                    "twx-widget": "",
                    "widget-id": "panel-5",
                    "widget-name": "Bottom Panel",
                    "is-widget-container": "true",
                    "position": "bottom"
                  },
                  "name": "twx-overlay-container",
                  "children": [
                    {
                      "name": "twx-container-content"
                    }
                  ]
                }
              ]
            }
          ]
        }
      ]
    },
    {
      "name": "twx-fragment-parameters"
    },
    {
      "name": "twx-view-data"
    }
  ],
  "name": "twx-view"
}
