<?xml version="1.0" encoding="UTF-8" standalone="no"?><Entities build="b52" majorVersion="8" minorVersion="1" modelPersistenceProviderPackage="H2PersistenceProviderPackage" revision="0" schemaVersion="1010"><StyleDefinitions/><Networks/><PersistenceProviderPackages/><Mashups/><ScriptFunctionLibraries/><Projects/><Users/><DirectoryServices/><Widgets/><MediaEntities/><Groups/><PersistenceProviders/><NotificationContents/><ModelTags/><LocalizationTables/><Dashboards/><DataAnalysisDefinitions/><DataShapes/><Things><Thing description="" documentationContent="" effectiveThingPackage="RemoteThingWithTunnelsAndFileTransfer" enabled="true" homeMashup="" identifier="" lastModifiedDate="2018-12-06T20:18:11.475Z" name="SteamSensor1" projectName="" published="false" tags="Applications:SteamSensor;Applications:st" thingTemplate="RemoteThingWithTunnelsAndFileTransfer" valueStream="SteamSensorValueStream"><Owner name="Administrator" type="User"/><avatar/><DesignTimePermissions><Create/><Read/><Update/><Delete/><Metadata/></DesignTimePermissions><RunTimePermissions/><VisibilityPermissions><Visibility/></VisibilityPermissions><ConfigurationTables><ConfigurationTable description="Tunneling Destinations" isMultiRow="true" name="Tunnels" ordinal="1"><DataShape><FieldDefinitions><FieldDefinition aspect.defaultValue="" aspect.friendlyName="Application Path" baseType="STRING" description="Location of the client app that will use this tunnel" name="appUri" ordinal="5"/><FieldDefinition aspect.defaultValue="" aspect.friendlyName="Description" baseType="STRING" description="A description of the tunnel" name="description" ordinal="3"/><FieldDefinition aspect.defaultValue="127.0.0.1" aspect.friendlyName="Host" baseType="STRING" description="Host or IP that this tunnel will connect to at the edge" name="host" ordinal="1"/><FieldDefinition aspect.defaultValue="vnc" aspect.friendlyName="Name" baseType="STRING" description="Name of the tunnel" name="name" ordinal="0"/><FieldDefinition aspect.defaultValue="1.0" aspect.friendlyName="Number of Connects" baseType="NUMBER" description="The number of connections required to establish this tunnel" name="numConnects" ordinal="4"/><FieldDefinition aspect.defaultValue="5900.0" aspect.friendlyName="Port" baseType="NUMBER" description="Port that this tunnel will connect to at the edge" name="port" ordinal="2"/><FieldDefinition aspect.defaultValue="tcp" aspect.friendlyName="Protocol" baseType="STRING" description="The protocol used over this tunnel" name="proto" ordinal="6"/></FieldDefinitions></DataShape><Rows/></ConfigurationTable><ConfigurationTable description="General Settings" isMultiRow="false" name="TunnelSettings" ordinal="0"><DataShape><FieldDefinitions><FieldDefinition aspect.friendlyName="Enable Tunneling" aspect.isNullable="true" baseType="BOOLEAN" description="Enable tunneling" name="enableTunneling" ordinal="0"/></FieldDefinitions></DataShape><Rows><Row/></Rows></ConfigurationTable></ConfigurationTables><ThingShape><PropertyDefinitions><PropertyDefinition aspect.cacheTime="0.0" aspect.dataChangeType="VALUE" aspect.isLogged="false" aspect.isPersistent="false" aspect.isReadOnly="false" baseType="BOOLEAN" category="" description="" isLocalOnly="false" name="FaultStatus" ordinal="8"/><PropertyDefinition aspect.cacheTime="0.0" aspect.dataChangeType="VALUE" aspect.isLogged="false" aspect.isPersistent="false" aspect.isReadOnly="false" baseType="BOOLEAN" category="" description="" isLocalOnly="false" name="InletValve" ordinal="7"/><PropertyDefinition aspect.cacheTime="0.0" aspect.dataChangeType="VALUE" aspect.isLogged="false" aspect.isPersistent="false" aspect.isReadOnly="false" baseType="LOCATION" category="" description="" isLocalOnly="false" name="Location" ordinal="6"/><PropertyDefinition aspect.cacheTime="0.0" aspect.dataChangeType="VALUE" aspect.isLogged="false" aspect.isPersistent="false" aspect.isReadOnly="false" baseType="STRING" category="" description="" isLocalOnly="false" name="Logfile" ordinal="5"/><PropertyDefinition aspect.cacheTime="0.0" aspect.dataChangeThreshold="0.0" aspect.dataChangeType="VALUE" aspect.isLogged="true" aspect.isPersistent="false" aspect.isReadOnly="true" baseType="NUMBER" category="" description="" isLocalOnly="false" name="Pressure" ordinal="4"/><PropertyDefinition aspect.cacheTime="0.0" aspect.dataChangeThreshold="0.0" aspect.dataChangeType="VALUE" aspect.isLogged="true" aspect.isPersistent="false" aspect.isReadOnly="true" baseType="NUMBER" category="" description="" isLocalOnly="false" name="Temperature" ordinal="3"/><PropertyDefinition aspect.cacheTime="0.0" aspect.dataChangeThreshold="0.0" aspect.dataChangeType="VALUE" aspect.defaultValue="440.0" aspect.isLogged="true" aspect.isPersistent="false" aspect.isReadOnly="false" baseType="NUMBER" category="" description="" isLocalOnly="false" name="TemperatureLimit" ordinal="2"/><PropertyDefinition aspect.cacheTime="0.0" aspect.dataChangeThreshold="0.0" aspect.dataChangeType="VALUE" aspect.isLogged="true" aspect.isPersistent="false" aspect.isReadOnly="true" baseType="NUMBER" category="" description="" isLocalOnly="false" name="TotalFlow" ordinal="1"/></PropertyDefinitions><ServiceDefinitions><ServiceDefinition category="" description="Loads an Edge Thing Shape Library." isAllowOverride="false" isLocalOnly="false" isOpen="false" isPrivate="false" name="AddEdgeThingShape"><ResultType baseType="NOTHING" description="" name="result" ordinal="0"/><ParameterDefinitions><FieldDefinition baseType="STRING" description="Optional Namespace to use when adding this shape." name="namespace" ordinal="0"/><FieldDefinition baseType="STRING" description="The name of the registered shape to add to this thing." name="shapeName" ordinal="0"/></ParameterDefinitions></ServiceDefinition><ServiceDefinition category="" description="Add two numbers together" isAllowOverride="false" isLocalOnly="false" isOpen="false" isPrivate="false" name="AddNumbers"><ResultType baseType="NUMBER" description="" name="result" ordinal="0"/><ParameterDefinitions><FieldDefinition baseType="NUMBER" description="" name="a" ordinal="0"/><FieldDefinition baseType="NUMBER" description="" name="b" ordinal="0"/></ParameterDefinitions></ServiceDefinition><ServiceDefinition aspect.isAsync="false" category="" description="" isAllowOverride="false" isLocalOnly="false" isOpen="false" isPrivate="false" name="clearAllHistory"><ResultType baseType="NOTHING" description="" name="result" ordinal="0"/><ParameterDefinitions/></ServiceDefinition><ServiceDefinition aspect.isAsync="false" category="" description="" isAllowOverride="false" isLocalOnly="false" isOpen="false" isPrivate="false" name="fetchLog"><ResultType baseType="NOTHING" description="" name="result" ordinal="0"/><ParameterDefinitions/></ServiceDefinition><ServiceDefinition category="" description="Generates a big string." isAllowOverride="false" isLocalOnly="false" isOpen="false" isPrivate="false" name="GetBigString"><ResultType baseType="STRING" description="" name="result" ordinal="0"/><ParameterDefinitions/></ServiceDefinition><ServiceDefinition category="" description="Returns a set of readings as in InfoTable" isAllowOverride="false" isLocalOnly="false" isOpen="false" isPrivate="false" name="GetSteamSensorReadings"><ResultType aspect.dataShape="SteamSensorReadingShape" baseType="INFOTABLE" description="" name="result" ordinal="0"/><ParameterDefinitions/></ServiceDefinition><ServiceDefinition category="" description="Loads an Edge Thing Shape Library." isAllowOverride="false" isLocalOnly="false" isOpen="false" isPrivate="false" name="loadShapeLibrary"><ResultType baseType="NOTHING" description="" name="result" ordinal="0"/><ParameterDefinitions><FieldDefinition baseType="STRING" description="The name of a remote shared extension library." name="libraryName" ordinal="0"/></ParameterDefinitions></ServiceDefinition><ServiceDefinition category="" description="" isAllowOverride="false" isLocalOnly="false" isOpen="false" isPrivate="false" name="NotifyPropertyUpdate"><ResultType baseType="NOTHING" description="" name="result" ordinal="0"/><ParameterDefinitions/></ServiceDefinition><ServiceDefinition aspect.isAsync="false" category="" description="" isAllowOverride="false" isLocalOnly="false" isOpen="false" isPrivate="false" name="setFaultStatus"><ResultType baseType="NOTHING" description="" name="result" ordinal="0"/><ParameterDefinitions><FieldDefinition aspect.isRequired="true" baseType="BOOLEAN" description="" name="status" ordinal="1"/></ParameterDefinitions></ServiceDefinition><ServiceDefinition category="" description="Starts edge-side logging." isAllowOverride="false" isLocalOnly="false" isOpen="false" isPrivate="false" name="StartLogging"><ResultType baseType="NOTHING" description="" name="result" ordinal="0"/><ParameterDefinitions/></ServiceDefinition><ServiceDefinition category="" description="Stops edge-side logging." isAllowOverride="false" isLocalOnly="false" isOpen="false" isPrivate="false" name="StopLogging"><ResultType baseType="NOTHING" description="" name="result" ordinal="0"/><ParameterDefinitions/></ServiceDefinition><ServiceDefinition aspect.isAsync="false" category="" description="" isAllowOverride="false" isLocalOnly="false" isOpen="false" isPrivate="false" name="updateTemperatureLimit"><ResultType baseType="NOTHING" description="" name="result" ordinal="0"/><ParameterDefinitions><FieldDefinition aspect.isRequired="true" baseType="NUMBER" description="" name="limit" ordinal="1"/></ParameterDefinitions></ServiceDefinition></ServiceDefinitions><EventDefinitions><EventDefinition category="" dataShape="SteamSensorFault" description="Steam sensor event" name="SteamSensorFault"/></EventDefinitions><ServiceMappings/><ServiceImplementations><ServiceImplementation description="" handlerName="Script" name="clearAllHistory"><ConfigurationTables><ConfigurationTable description="Script" isMultiRow="false" name="Script" ordinal="0"><DataShape><FieldDefinitions><FieldDefinition baseType="STRING" description="code" name="code" ordinal="0"/></FieldDefinitions></DataShape><Rows><Row><code><![CDATA[
var params = {
	endDate: new Date() ,
	startDate: new Date("01/01/2017")
};

me.PurgeAllPropertyHistory(params);





]]></code></Row></Rows></ConfigurationTable></ConfigurationTables></ServiceImplementation><ServiceImplementation description="" handlerName="Script" name="fetchLog"><ConfigurationTables><ConfigurationTable description="Script" isMultiRow="false" name="Script" ordinal="0"><DataShape><FieldDefinitions><FieldDefinition baseType="STRING" description="code" name="code" ordinal="0"/></FieldDefinitions></DataShape><Rows><Row><code><![CDATA[
var params = {
	async: false /* BOOLEAN */,
	sourceRepo: "SteamSensor" /* STRING */,
	metadata: undefined /* JSON */,
	targetRepo: "SteamSensorMashupFileRepository" /* STRING */,
	targetFile: "SteamSensor-log.txt" /* STRING */,
	targetPath: "/" /* STRING */,
	queueable: undefined /* BOOLEAN */,
	sourceFile: "SteamSensor-log.txt" /* STRING */,
	sourcePath: "/logs" /* STRING */,
	timeout: undefined /* INTEGER */
};

me.StopLogging(null);
// result: INFOTABLE dataShape: FileTransferJob
var result = Subsystems["FileTransferSubsystem"].Copy(params);
me.StartLogging(null);

]]></code></Row></Rows></ConfigurationTable></ConfigurationTables></ServiceImplementation><ServiceImplementation description="" handlerName="Script" name="setFaultStatus"><ConfigurationTables><ConfigurationTable description="Script" isMultiRow="false" name="Script" ordinal="0"><DataShape><FieldDefinitions><FieldDefinition baseType="STRING" description="code" name="code" ordinal="0"/></FieldDefinitions></DataShape><Rows><Row><code><![CDATA[me.FaultStatus = status]]></code></Row></Rows></ConfigurationTable></ConfigurationTables></ServiceImplementation><ServiceImplementation description="" handlerName="Script" name="updateTemperatureLimit"><ConfigurationTables><ConfigurationTable description="Script" isMultiRow="false" name="Script" ordinal="0"><DataShape><FieldDefinitions><FieldDefinition baseType="STRING" description="code" name="code" ordinal="0"/></FieldDefinitions></DataShape><Rows><Row><code><![CDATA[me.TemperatureLimit=limit]]></code></Row></Rows></ConfigurationTable></ConfigurationTables></ServiceImplementation></ServiceImplementations><Subscriptions><Subscription enabled="true" eventName="SteamSensorFault" source="" sourceProperty="" sourceType="Thing"><ServiceImplementation description="" handlerName="Script" name="Event.SteamSensorFault"><ConfigurationTables><ConfigurationTable description="" isMultiRow="false" name="Script" ordinal="0"><DataShape><FieldDefinitions><FieldDefinition baseType="STRING" description="code" name="code" ordinal="0"/></FieldDefinitions></DataShape><Rows><Row><code><![CDATA[logger.error("Alert Created");


var params = {
	alertType: "1" /* STRING */,
	alertName: eventName /* STRING */,
	property: "Temperature" /* STRING */,
	description: "Overtemperature State" /* STRING */,
	attributes: undefined /* INFOTABLE */,
	priority: undefined /* INTEGER */,
	persistent: true /* BOOLEAN */,
	enabled: true /* BOOLEAN */
};

me.AddOrUpdateAlert(params);

]]></code></Row></Rows></ConfigurationTable></ConfigurationTables></ServiceImplementation></Subscription></Subscriptions></ThingShape><PropertyBindings/><RemotePropertyBindings><RemotePropertyBinding foldType="NONE" name="FaultStatus" pushThreshold="0.0" pushType="ALWAYS" sourceName="FaultStatus" timeout="0"/><RemotePropertyBinding foldType="NONE" name="InletValve" pushThreshold="0.0" pushType="ALWAYS" sourceName="InletValve" timeout="0"/><RemotePropertyBinding foldType="NONE" name="Location" pushThreshold="0.0" pushType="ALWAYS" sourceName="Location" timeout="0"/><RemotePropertyBinding foldType="NONE" name="Logfile" pushThreshold="0.0" pushType="ALWAYS" sourceName="Logfile" timeout="0"/><RemotePropertyBinding foldType="NONE" name="Pressure" pushThreshold="0.0" pushType="ALWAYS" sourceName="Pressure" timeout="0"/><RemotePropertyBinding foldType="NONE" name="Temperature" pushThreshold="0.0" pushType="ALWAYS" sourceName="Temperature" timeout="0"/><RemotePropertyBinding foldType="NONE" name="TemperatureLimit" pushThreshold="0.0" pushType="ALWAYS" sourceName="TemperatureLimit" timeout="0"/><RemotePropertyBinding foldType="NONE" name="TotalFlow" pushThreshold="0.0" pushType="ALWAYS" sourceName="TotalFlow" timeout="0"/></RemotePropertyBindings><RemoteServiceBindings><RemoteServiceBinding enableQueue="false" name="AddEdgeThingShape" sourceName="" timeout="0"/><RemoteServiceBinding enableQueue="false" name="AddNumbers" sourceName="" timeout="0"/><RemoteServiceBinding enableQueue="false" name="GetBigString" sourceName="" timeout="0"/><RemoteServiceBinding enableQueue="false" name="GetSteamSensorReadings" sourceName="" timeout="0"/><RemoteServiceBinding enableQueue="false" name="loadShapeLibrary" sourceName="" timeout="0"/><RemoteServiceBinding enableQueue="false" name="NotifyPropertyUpdate" sourceName="" timeout="0"/><RemoteServiceBinding enableQueue="false" name="StartLogging" sourceName="" timeout="0"/><RemoteServiceBinding enableQueue="false" name="StopLogging" sourceName="" timeout="0"/></RemoteServiceBindings><RemoteEventBindings><RemoteEventBinding name="SteamSensorFault" sourceName=""/></RemoteEventBindings><AlertConfigurations><AlertDefinitions name="Pressure"/><AlertDefinitions name="Temperature"/><AlertDefinitions name="TemperatureLimit"/><AlertDefinitions name="TotalFlow"/></AlertConfigurations><ImplementedShapes/><ThingProperties><lastConnection><Value>1970-01-01T00:00:00.000Z</Value><Timestamp>2018-12-06T20:18:11.482Z</Timestamp><Quality>GOOD</Quality></lastConnection></ThingProperties><ConfigurationChanges><ConfigurationChange changeAction="CREATE" changeReason="header : name : updated&#10;" timestamp="2018-12-06T17:31:35.993Z" user="Administrator"/><ConfigurationChange changeAction="MODIFY" changeReason="header : tags : updated&#10;" timestamp="2018-12-06T20:18:11.472Z" user="Administrator"/></ConfigurationChanges></Thing><Thing description="" documentationContent="" effectiveThingPackage="RemoteThingWithTunnelsAndFileTransfer" enabled="true" homeMashup="" identifier="" lastModifiedDate="2018-12-06T20:17:54.828Z" name="SteamSensor2" projectName="" published="false" tags="Applications:SteamSensor;Applications:st" thingTemplate="RemoteThingWithTunnelsAndFileTransfer" valueStream="SteamSensorValueStream"><Owner name="Administrator" type="User"/><avatar/><DesignTimePermissions><Create/><Read/><Update/><Delete/><Metadata/></DesignTimePermissions><RunTimePermissions/><VisibilityPermissions><Visibility/></VisibilityPermissions><ConfigurationTables><ConfigurationTable description="Tunneling Destinations" isMultiRow="true" name="Tunnels" ordinal="1"><DataShape><FieldDefinitions><FieldDefinition aspect.defaultValue="" aspect.friendlyName="Application Path" baseType="STRING" description="Location of the client app that will use this tunnel" name="appUri" ordinal="5"/><FieldDefinition aspect.defaultValue="" aspect.friendlyName="Description" baseType="STRING" description="A description of the tunnel" name="description" ordinal="3"/><FieldDefinition aspect.defaultValue="127.0.0.1" aspect.friendlyName="Host" baseType="STRING" description="Host or IP that this tunnel will connect to at the edge" name="host" ordinal="1"/><FieldDefinition aspect.defaultValue="vnc" aspect.friendlyName="Name" baseType="STRING" description="Name of the tunnel" name="name" ordinal="0"/><FieldDefinition aspect.defaultValue="1.0" aspect.friendlyName="Number of Connects" baseType="NUMBER" description="The number of connections required to establish this tunnel" name="numConnects" ordinal="4"/><FieldDefinition aspect.defaultValue="5900.0" aspect.friendlyName="Port" baseType="NUMBER" description="Port that this tunnel will connect to at the edge" name="port" ordinal="2"/><FieldDefinition aspect.defaultValue="tcp" aspect.friendlyName="Protocol" baseType="STRING" description="The protocol used over this tunnel" name="proto" ordinal="6"/></FieldDefinitions></DataShape><Rows/></ConfigurationTable><ConfigurationTable description="General Settings" isMultiRow="false" name="TunnelSettings" ordinal="0"><DataShape><FieldDefinitions><FieldDefinition aspect.friendlyName="Enable Tunneling" aspect.isNullable="true" baseType="BOOLEAN" description="Enable tunneling" name="enableTunneling" ordinal="0"/></FieldDefinitions></DataShape><Rows><Row/></Rows></ConfigurationTable></ConfigurationTables><ThingShape><PropertyDefinitions><PropertyDefinition aspect.cacheTime="0.0" aspect.dataChangeType="VALUE" aspect.isLogged="false" aspect.isPersistent="false" aspect.isReadOnly="false" baseType="BOOLEAN" category="" description="" isLocalOnly="false" name="FaultStatus" ordinal="8"/><PropertyDefinition aspect.cacheTime="0.0" aspect.dataChangeType="VALUE" aspect.isLogged="false" aspect.isPersistent="false" aspect.isReadOnly="false" baseType="BOOLEAN" category="" description="" isLocalOnly="false" name="InletValve" ordinal="7"/><PropertyDefinition aspect.cacheTime="0.0" aspect.dataChangeType="VALUE" aspect.isLogged="false" aspect.isPersistent="false" aspect.isReadOnly="false" baseType="LOCATION" category="" description="" isLocalOnly="false" name="Location" ordinal="6"/><PropertyDefinition aspect.cacheTime="0.0" aspect.dataChangeType="VALUE" aspect.isLogged="false" aspect.isPersistent="false" aspect.isReadOnly="false" baseType="STRING" category="" description="" isLocalOnly="false" name="Logfile" ordinal="5"/><PropertyDefinition aspect.cacheTime="0.0" aspect.dataChangeThreshold="0.0" aspect.dataChangeType="VALUE" aspect.isLogged="true" aspect.isPersistent="false" aspect.isReadOnly="true" baseType="NUMBER" category="" description="" isLocalOnly="false" name="Pressure" ordinal="4"/><PropertyDefinition aspect.cacheTime="0.0" aspect.dataChangeThreshold="0.0" aspect.dataChangeType="VALUE" aspect.isLogged="true" aspect.isPersistent="false" aspect.isReadOnly="true" baseType="NUMBER" category="" description="" isLocalOnly="false" name="Temperature" ordinal="3"/><PropertyDefinition aspect.cacheTime="0.0" aspect.dataChangeThreshold="0.0" aspect.dataChangeType="VALUE" aspect.defaultValue="440.0" aspect.isLogged="true" aspect.isPersistent="false" aspect.isReadOnly="false" baseType="NUMBER" category="" description="" isLocalOnly="false" name="TemperatureLimit" ordinal="2"/><PropertyDefinition aspect.cacheTime="0.0" aspect.dataChangeThreshold="0.0" aspect.dataChangeType="VALUE" aspect.isLogged="true" aspect.isPersistent="false" aspect.isReadOnly="true" baseType="NUMBER" category="" description="" isLocalOnly="false" name="TotalFlow" ordinal="1"/></PropertyDefinitions><ServiceDefinitions><ServiceDefinition category="" description="Loads an Edge Thing Shape Library." isAllowOverride="false" isLocalOnly="false" isOpen="false" isPrivate="false" name="AddEdgeThingShape"><ResultType baseType="NOTHING" description="" name="result" ordinal="0"/><ParameterDefinitions><FieldDefinition baseType="STRING" description="Optional Namespace to use when adding this shape." name="namespace" ordinal="0"/><FieldDefinition baseType="STRING" description="The name of the registered shape to add to this thing." name="shapeName" ordinal="0"/></ParameterDefinitions></ServiceDefinition><ServiceDefinition category="" description="Add two numbers together" isAllowOverride="false" isLocalOnly="false" isOpen="false" isPrivate="false" name="AddNumbers"><ResultType baseType="NUMBER" description="" name="result" ordinal="0"/><ParameterDefinitions><FieldDefinition baseType="NUMBER" description="" name="a" ordinal="0"/><FieldDefinition baseType="NUMBER" description="" name="b" ordinal="0"/></ParameterDefinitions></ServiceDefinition><ServiceDefinition aspect.isAsync="false" category="" description="" isAllowOverride="false" isLocalOnly="false" isOpen="false" isPrivate="false" name="clearAllHistory"><ResultType baseType="NOTHING" description="" name="result" ordinal="0"/><ParameterDefinitions/></ServiceDefinition><ServiceDefinition aspect.isAsync="false" category="" description="" isAllowOverride="false" isLocalOnly="false" isOpen="false" isPrivate="false" name="fetchLog"><ResultType baseType="NOTHING" description="" name="result" ordinal="0"/><ParameterDefinitions/></ServiceDefinition><ServiceDefinition category="" description="Generates a big string." isAllowOverride="false" isLocalOnly="false" isOpen="false" isPrivate="false" name="GetBigString"><ResultType baseType="STRING" description="" name="result" ordinal="0"/><ParameterDefinitions/></ServiceDefinition><ServiceDefinition category="" description="Returns a set of readings as in InfoTable" isAllowOverride="false" isLocalOnly="false" isOpen="false" isPrivate="false" name="GetSteamSensorReadings"><ResultType aspect.dataShape="SteamSensorReadingShape" baseType="INFOTABLE" description="" name="result" ordinal="0"/><ParameterDefinitions/></ServiceDefinition><ServiceDefinition category="" description="Loads an Edge Thing Shape Library." isAllowOverride="false" isLocalOnly="false" isOpen="false" isPrivate="false" name="loadShapeLibrary"><ResultType baseType="NOTHING" description="" name="result" ordinal="0"/><ParameterDefinitions><FieldDefinition baseType="STRING" description="The name of a remote shared extension library." name="libraryName" ordinal="0"/></ParameterDefinitions></ServiceDefinition><ServiceDefinition category="" description="" isAllowOverride="false" isLocalOnly="false" isOpen="false" isPrivate="false" name="NotifyPropertyUpdate"><ResultType baseType="NOTHING" description="" name="result" ordinal="0"/><ParameterDefinitions/></ServiceDefinition><ServiceDefinition aspect.isAsync="false" category="" description="" isAllowOverride="false" isLocalOnly="false" isOpen="false" isPrivate="false" name="setFaultStatus"><ResultType baseType="NOTHING" description="" name="result" ordinal="0"/><ParameterDefinitions><FieldDefinition aspect.isRequired="true" baseType="BOOLEAN" description="" name="status" ordinal="1"/></ParameterDefinitions></ServiceDefinition><ServiceDefinition category="" description="Starts edge-side logging." isAllowOverride="false" isLocalOnly="false" isOpen="false" isPrivate="false" name="StartLogging"><ResultType baseType="NOTHING" description="" name="result" ordinal="0"/><ParameterDefinitions/></ServiceDefinition><ServiceDefinition category="" description="Stops edge-side logging." isAllowOverride="false" isLocalOnly="false" isOpen="false" isPrivate="false" name="StopLogging"><ResultType baseType="NOTHING" description="" name="result" ordinal="0"/><ParameterDefinitions/></ServiceDefinition><ServiceDefinition aspect.isAsync="false" category="" description="" isAllowOverride="false" isLocalOnly="false" isOpen="false" isPrivate="false" name="updateTemperatureLimit"><ResultType baseType="NOTHING" description="" name="result" ordinal="0"/><ParameterDefinitions><FieldDefinition aspect.isRequired="true" baseType="NUMBER" description="" name="limit" ordinal="1"/></ParameterDefinitions></ServiceDefinition></ServiceDefinitions><EventDefinitions><EventDefinition category="" dataShape="SteamSensorFault" description="Steam sensor event" name="SteamSensorFault"/></EventDefinitions><ServiceMappings/><ServiceImplementations><ServiceImplementation description="" handlerName="Script" name="clearAllHistory"><ConfigurationTables><ConfigurationTable description="Script" isMultiRow="false" name="Script" ordinal="0"><DataShape><FieldDefinitions><FieldDefinition baseType="STRING" description="code" name="code" ordinal="0"/></FieldDefinitions></DataShape><Rows><Row><code><![CDATA[
var params = {
	endDate: new Date() ,
	startDate: new Date("01/01/2017")
};

me.PurgeAllPropertyHistory(params);





]]></code></Row></Rows></ConfigurationTable></ConfigurationTables></ServiceImplementation><ServiceImplementation description="" handlerName="Script" name="fetchLog"><ConfigurationTables><ConfigurationTable description="Script" isMultiRow="false" name="Script" ordinal="0"><DataShape><FieldDefinitions><FieldDefinition baseType="STRING" description="code" name="code" ordinal="0"/></FieldDefinitions></DataShape><Rows><Row><code><![CDATA[
var params = {
	async: false /* BOOLEAN */,
	sourceRepo: "SteamSensor" /* STRING */,
	metadata: undefined /* JSON */,
	targetRepo: "SteamSensorMashupFileRepository" /* STRING */,
	targetFile: "SteamSensor-log.txt" /* STRING */,
	targetPath: "/" /* STRING */,
	queueable: undefined /* BOOLEAN */,
	sourceFile: "SteamSensor-log.txt" /* STRING */,
	sourcePath: "/logs" /* STRING */,
	timeout: undefined /* INTEGER */
};

me.StopLogging(null);
// result: INFOTABLE dataShape: FileTransferJob
var result = Subsystems["FileTransferSubsystem"].Copy(params);
me.StartLogging(null);

]]></code></Row></Rows></ConfigurationTable></ConfigurationTables></ServiceImplementation><ServiceImplementation description="" handlerName="Script" name="setFaultStatus"><ConfigurationTables><ConfigurationTable description="Script" isMultiRow="false" name="Script" ordinal="0"><DataShape><FieldDefinitions><FieldDefinition baseType="STRING" description="code" name="code" ordinal="0"/></FieldDefinitions></DataShape><Rows><Row><code><![CDATA[me.FaultStatus = status]]></code></Row></Rows></ConfigurationTable></ConfigurationTables></ServiceImplementation><ServiceImplementation description="" handlerName="Script" name="updateTemperatureLimit"><ConfigurationTables><ConfigurationTable description="Script" isMultiRow="false" name="Script" ordinal="0"><DataShape><FieldDefinitions><FieldDefinition baseType="STRING" description="code" name="code" ordinal="0"/></FieldDefinitions></DataShape><Rows><Row><code><![CDATA[me.TemperatureLimit=limit]]></code></Row></Rows></ConfigurationTable></ConfigurationTables></ServiceImplementation></ServiceImplementations><Subscriptions><Subscription enabled="true" eventName="SteamSensorFault" source="" sourceProperty="" sourceType="Thing"><ServiceImplementation description="" handlerName="Script" name="Event.SteamSensorFault"><ConfigurationTables><ConfigurationTable description="" isMultiRow="false" name="Script" ordinal="0"><DataShape><FieldDefinitions><FieldDefinition baseType="STRING" description="code" name="code" ordinal="0"/></FieldDefinitions></DataShape><Rows><Row><code><![CDATA[logger.error("Alert Created");


var params = {
	alertType: "1" /* STRING */,
	alertName: eventName /* STRING */,
	property: "Temperature" /* STRING */,
	description: "Overtemperature State" /* STRING */,
	attributes: undefined /* INFOTABLE */,
	priority: undefined /* INTEGER */,
	persistent: true /* BOOLEAN */,
	enabled: true /* BOOLEAN */
};

me.AddOrUpdateAlert(params);

]]></code></Row></Rows></ConfigurationTable></ConfigurationTables></ServiceImplementation></Subscription></Subscriptions></ThingShape><PropertyBindings/><RemotePropertyBindings><RemotePropertyBinding foldType="NONE" name="FaultStatus" pushThreshold="0.0" pushType="ALWAYS" sourceName="FaultStatus" timeout="0"/><RemotePropertyBinding foldType="NONE" name="InletValve" pushThreshold="0.0" pushType="ALWAYS" sourceName="InletValve" timeout="0"/><RemotePropertyBinding foldType="NONE" name="Location" pushThreshold="0.0" pushType="ALWAYS" sourceName="Location" timeout="0"/><RemotePropertyBinding foldType="NONE" name="Logfile" pushThreshold="0.0" pushType="ALWAYS" sourceName="Logfile" timeout="0"/><RemotePropertyBinding foldType="NONE" name="Pressure" pushThreshold="0.0" pushType="ALWAYS" sourceName="Pressure" timeout="0"/><RemotePropertyBinding foldType="NONE" name="Temperature" pushThreshold="0.0" pushType="ALWAYS" sourceName="Temperature" timeout="0"/><RemotePropertyBinding foldType="NONE" name="TemperatureLimit" pushThreshold="0.0" pushType="ALWAYS" sourceName="TemperatureLimit" timeout="0"/><RemotePropertyBinding foldType="NONE" name="TotalFlow" pushThreshold="0.0" pushType="ALWAYS" sourceName="TotalFlow" timeout="0"/></RemotePropertyBindings><RemoteServiceBindings><RemoteServiceBinding enableQueue="false" name="AddEdgeThingShape" sourceName="" timeout="0"/><RemoteServiceBinding enableQueue="false" name="AddNumbers" sourceName="" timeout="0"/><RemoteServiceBinding enableQueue="false" name="GetBigString" sourceName="" timeout="0"/><RemoteServiceBinding enableQueue="false" name="GetSteamSensorReadings" sourceName="" timeout="0"/><RemoteServiceBinding enableQueue="false" name="loadShapeLibrary" sourceName="" timeout="0"/><RemoteServiceBinding enableQueue="false" name="NotifyPropertyUpdate" sourceName="" timeout="0"/><RemoteServiceBinding enableQueue="false" name="StartLogging" sourceName="" timeout="0"/><RemoteServiceBinding enableQueue="false" name="StopLogging" sourceName="" timeout="0"/></RemoteServiceBindings><RemoteEventBindings><RemoteEventBinding name="SteamSensorFault" sourceName=""/></RemoteEventBindings><AlertConfigurations><AlertDefinitions name="Pressure"/><AlertDefinitions name="Temperature"/><AlertDefinitions name="TemperatureLimit"/><AlertDefinitions name="TotalFlow"/></AlertConfigurations><ImplementedShapes/><ThingProperties><lastConnection><Value>1970-01-01T00:00:00.000Z</Value><Timestamp>2018-12-06T20:17:54.834Z</Timestamp><Quality>GOOD</Quality></lastConnection></ThingProperties><ConfigurationChanges><ConfigurationChange changeAction="CREATE" changeReason="header : name : updated&#10;" timestamp="2018-12-06T17:31:53.652Z" user="Administrator"/><ConfigurationChange changeAction="MODIFY" changeReason="header : tags : updated&#10;" timestamp="2018-12-06T20:17:54.815Z" user="Administrator"/></ConfigurationChanges></Thing></Things><Logs/><Authenticators/><ThingPackages/><NotificationDefinitions/><ApplicationKeys/><StateDefinitions/><ThingTemplates/><ExtensionPackages/><Organizations/><Menus/><Resources/><DataTags/><ThingShapes/><Subsystems/></Entities>