{
  "attributes": {
    "twx-widget": "",
    "widget-id": "view-1",
    "widget-name": "view-1",
    "is-widget-container": "true",
    "viewtype": "mobile-2D"
  },
  "children": [
    {
      "name": "twx-container-content",
      "children": [
        {
          "attributes": {
            "twx-widget": "",
            "widget-id": "panel-1",
            "widget-name": "panel-1",
            "is-widget-container": "true"
          },
          "name": "twx-panel",
          "children": [
            {
              "name": "twx-container-content"
            }
          ]
        },
        {
          "attributes": {
            "twx-widget": "",
            "widget-id": "card-1",
            "widget-name": "card-1",
            "is-widget-container": "true",
            "class": "",
            "header": "ProJect Group 1",
            "margin": "50px"
          },
          "name": "twx-card",
          "children": [
            {
              "name": "twx-container-content",
              "children": [
                {
                  "attributes": {
                    "twx-widget": "",
                    "widget-id": "image-1",
                    "widget-name": "image-1",
                    "click-expression": "selectGroup(1);",
                    "imgsrc": "Default/vu_alert1.svg"
                  },
                  "name": "twx-image2"
                }
              ]
            }
          ]
        },
        {
          "attributes": {
            "twx-widget": "",
            "widget-id": "card-2",
            "widget-name": "card-2",
            "is-widget-container": "true",
            "class": "",
            "header": "ProJect Group 2",
            "margin": "50px"
          },
          "name": "twx-card",
          "children": [
            {
              "name": "twx-container-content",
              "children": [
                {
                  "attributes": {
                    "twx-widget": "",
                    "widget-id": "image-2",
                    "widget-name": "image-2",
                    "click-expression": "selectGroup(2);",
                    "imgsrc": "Default/vu_bar-graph.svg"
                  },
                  "name": "twx-image2"
                }
              ]
            }
          ]
        }
      ]
    },
    {
      "name": "twx-view-data"
    }
  ],
  "name": "twx-view"
}
